2026-09-16 13:40:27,448 [Worker-1: Loading available Gradle versions] INFO  o.e.b.c.i.u.g.PublishedGradleVersions - Gradle version information cache is not available. Remote download required.
2026-09-16 13:42:48,403 [Worker-2: Loading available Gradle versions] INFO  o.e.b.c.i.u.g.PublishedGradleVersions - Gradle version information cache is up-to-date. Trying to read.
2026-09-21 11:53:09,200 [Worker-8: Loading available Gradle versions] INFO  o.e.b.c.i.u.g.PublishedGradleVersions - Gradle version information cache is out-of-date. Trying to update.
2026-09-21 11:55:29,357 [ModalContext] INFO  o.e.m.c.i.e.AbstractTransferListenerAdapter - Downloading https://repo.maven.apache.org/maven2/org/apache/maven/archetypes/maven-archetype-webapp/1.0/maven-archetype-webapp-1.0.pom
2026-09-21 11:55:29,379 [ModalContext] INFO  o.e.m.c.i.e.AbstractTransferListenerAdapter - Downloaded https://repo.maven.apache.org/maven2/org/apache/maven/archetypes/maven-archetype-webapp/1.0/maven-archetype-webapp-1.0.pom
2026-09-21 11:55:29,421 [ModalContext] INFO  o.e.m.c.i.e.AbstractTransferListenerAdapter - Downloading https://repo.maven.apache.org/maven2/org/apache/maven/archetypes/maven-archetype-bundles/2/maven-archetype-bundles-2.pom
2026-09-21 11:55:29,438 [ModalContext] INFO  o.e.m.c.i.e.AbstractTransferListenerAdapter - Downloaded https://repo.maven.apache.org/maven2/org/apache/maven/archetypes/maven-archetype-bundles/2/maven-archetype-bundles-2.pom
2026-09-21 11:55:29,473 [ModalContext] INFO  o.e.m.c.i.e.AbstractTransferListenerAdapter - Downloading https://repo.maven.apache.org/maven2/org/apache/maven/archetype/maven-archetype-parent/1/maven-archetype-parent-1.pom
2026-09-21 11:55:29,488 [ModalContext] INFO  o.e.m.c.i.e.AbstractTransferListenerAdapter - Downloaded https://repo.maven.apache.org/maven2/org/apache/maven/archetype/maven-archetype-parent/1/maven-archetype-parent-1.pom
2026-09-21 11:55:29,522 [ModalContext] INFO  o.e.m.c.i.e.AbstractTransferListenerAdapter - Downloading https://repo.maven.apache.org/maven2/org/apache/maven/maven-parent/4/maven-parent-4.pom
2026-09-21 11:55:29,543 [ModalContext] INFO  o.e.m.c.i.e.AbstractTransferListenerAdapter - Downloaded https://repo.maven.apache.org/maven2/org/apache/maven/maven-parent/4/maven-parent-4.pom
2026-09-21 11:55:29,578 [ModalContext] INFO  o.e.m.c.i.e.AbstractTransferListenerAdapter - Downloading https://repo.maven.apache.org/maven2/org/apache/apache/3/apache-3.pom
2026-09-21 11:55:29,593 [ModalContext] INFO  o.e.m.c.i.e.AbstractTransferListenerAdapter - Downloaded https://repo.maven.apache.org/maven2/org/apache/apache/3/apache-3.pom
2026-09-21 11:55:29,644 [ModalContext] INFO  o.e.m.c.i.e.AbstractTransferListenerAdapter - Downloading https://repo.maven.apache.org/maven2/org/apache/maven/archetypes/maven-archetype-webapp/1.0/maven-archetype-webapp-1.0.jar
2026-09-21 11:55:29,680 [ModalContext] INFO  o.e.m.c.i.e.AbstractTransferListenerAdapter - Downloaded https://repo.maven.apache.org/maven2/org/apache/maven/archetypes/maven-archetype-webapp/1.0/maven-archetype-webapp-1.0.jar
2026-09-21 11:56:17,717 [Worker-22: Launching mavenrun-03b609c4-0b7e-458e-a60d-ca31d2e5a605] INFO  o.eclipse.m2e.core.internal.Bundles - getClasspathEntries(Bundle=org.eclipse.m2e.maven.runtime_3.9.1601.20260722-2149 [647])
2026-09-21 11:56:17,718 [Worker-22: Launching mavenrun-03b609c4-0b7e-458e-a60d-ca31d2e5a605] INFO  o.eclipse.m2e.core.internal.Bundles - 	Entry: C:\eclipse-acceso-datos\eclipse-jee\eclipse\plugins\org.eclipse.m2e.maven.runtime_3.9.1601.20260722-2149
2026-09-21 11:56:17,718 [Worker-22: Launching mavenrun-03b609c4-0b7e-458e-a60d-ca31d2e5a605] INFO  o.eclipse.m2e.core.internal.Bundles - 	Entry: C:\eclipse-acceso-datos\eclipse-jee\eclipse\plugins\org.eclipse.m2e.maven.runtime_3.9.1601.20260722-2149\jars\aopalliance-1.0.jar
2026-09-21 11:56:17,718 [Worker-22: Launching mavenrun-03b609c4-0b7e-458e-a60d-ca31d2e5a605] INFO  o.eclipse.m2e.core.internal.Bundles - 	Entry: C:\eclipse-acceso-datos\eclipse-jee\eclipse\plugins\org.eclipse.m2e.maven.runtime_3.9.1601.20260722-2149\jars\asm-9.9.1.jar
2026-09-21 11:56:17,718 [Worker-22: Launching mavenrun-03b609c4-0b7e-458e-a60d-ca31d2e5a605] INFO  o.eclipse.m2e.core.internal.Bundles - 	Entry: C:\eclipse-acceso-datos\eclipse-jee\eclipse\plugins\org.eclipse.m2e.maven.runtime_3.9.1601.20260722-2149\jars\error_prone_annotations-2.41.0.jar
2026-09-21 11:56:17,718 [Worker-22: Launching mavenrun-03b609c4-0b7e-458e-a60d-ca31d2e5a605] INFO  o.eclipse.m2e.core.internal.Bundles - 	Entry: C:\eclipse-acceso-datos\eclipse-jee\eclipse\plugins\org.eclipse.m2e.maven.runtime_3.9.1601.20260722-2149\jars\gson-2.13.2.jar
2026-09-21 11:56:17,719 [Worker-22: Launching mavenrun-03b609c4-0b7e-458e-a60d-ca31d2e5a605] INFO  o.eclipse.m2e.core.internal.Bundles - 	Entry: C:\eclipse-acceso-datos\eclipse-jee\eclipse\plugins\org.eclipse.m2e.maven.runtime_3.9.1601.20260722-2149\jars\guice-5.1.0-classes.jar
2026-09-21 11:56:17,719 [Worker-22: Launching mavenrun-03b609c4-0b7e-458e-a60d-ca31d2e5a605] INFO  o.eclipse.m2e.core.internal.Bundles - 	Entry: C:\eclipse-acceso-datos\eclipse-jee\eclipse\plugins\org.eclipse.m2e.maven.runtime_3.9.1601.20260722-2149\jars\httpclient-4.5.14.jar
2026-09-21 11:56:17,719 [Worker-22: Launching mavenrun-03b609c4-0b7e-458e-a60d-ca31d2e5a605] INFO  o.eclipse.m2e.core.internal.Bundles - 	Entry: C:\eclipse-acceso-datos\eclipse-jee\eclipse\plugins\org.eclipse.m2e.maven.runtime_3.9.1601.20260722-2149\jars\httpcore-4.4.16.jar
2026-09-21 11:56:17,719 [Worker-22: Launching mavenrun-03b609c4-0b7e-458e-a60d-ca31d2e5a605] INFO  o.eclipse.m2e.core.internal.Bundles - 	Entry: C:\eclipse-acceso-datos\eclipse-jee\eclipse\plugins\org.eclipse.m2e.maven.runtime_3.9.1601.20260722-2149\jars\jansi-2.4.3.jar
2026-09-21 11:56:17,719 [Worker-22: Launching mavenrun-03b609c4-0b7e-458e-a60d-ca31d2e5a605] INFO  o.eclipse.m2e.core.internal.Bundles - 	Entry: C:\eclipse-acceso-datos\eclipse-jee\eclipse\plugins\org.eclipse.m2e.maven.runtime_3.9.1601.20260722-2149\jars\jcl-over-slf4j-2.0.18.jar
2026-09-21 11:56:17,719 [Worker-22: Launching mavenrun-03b609c4-0b7e-458e-a60d-ca31d2e5a605] INFO  o.eclipse.m2e.core.internal.Bundles - 	Entry: C:\eclipse-acceso-datos\eclipse-jee\eclipse\plugins\org.eclipse.m2e.maven.runtime_3.9.1601.20260722-2149\jars\maven-artifact-3.9.16.jar
2026-09-21 11:56:17,719 [Worker-22: Launching mavenrun-03b609c4-0b7e-458e-a60d-ca31d2e5a605] INFO  o.eclipse.m2e.core.internal.Bundles - 	Entry: C:\eclipse-acceso-datos\eclipse-jee\eclipse\plugins\org.eclipse.m2e.maven.runtime_3.9.1601.20260722-2149\jars\maven-builder-support-3.9.16.jar
2026-09-21 11:56:17,719 [Worker-22: Launching mavenrun-03b609c4-0b7e-458e-a60d-ca31d2e5a605] INFO  o.eclipse.m2e.core.internal.Bundles - 	Entry: C:\eclipse-acceso-datos\eclipse-jee\eclipse\plugins\org.eclipse.m2e.maven.runtime_3.9.1601.20260722-2149\jars\maven-compat-3.9.16.jar
2026-09-21 11:56:17,719 [Worker-22: Launching mavenrun-03b609c4-0b7e-458e-a60d-ca31d2e5a605] INFO  o.eclipse.m2e.core.internal.Bundles - 	Entry: C:\eclipse-acceso-datos\eclipse-jee\eclipse\plugins\org.eclipse.m2e.maven.runtime_3.9.1601.20260722-2149\jars\maven-core-3.9.16.jar
2026-09-21 11:56:17,719 [Worker-22: Launching mavenrun-03b609c4-0b7e-458e-a60d-ca31d2e5a605] INFO  o.eclipse.m2e.core.internal.Bundles - 	Entry: C:\eclipse-acceso-datos\eclipse-jee\eclipse\plugins\org.eclipse.m2e.maven.runtime_3.9.1601.20260722-2149\jars\maven-embedder-3.9.16.jar
2026-09-21 11:56:17,720 [Worker-22: Launching mavenrun-03b609c4-0b7e-458e-a60d-ca31d2e5a605] INFO  o.eclipse.m2e.core.internal.Bundles - 	Entry: C:\eclipse-acceso-datos\eclipse-jee\eclipse\plugins\org.eclipse.m2e.maven.runtime_3.9.1601.20260722-2149\jars\maven-model-3.9.16.jar
2026-09-21 11:56:17,720 [Worker-22: Launching mavenrun-03b609c4-0b7e-458e-a60d-ca31d2e5a605] INFO  o.eclipse.m2e.core.internal.Bundles - 	Entry: C:\eclipse-acceso-datos\eclipse-jee\eclipse\plugins\org.eclipse.m2e.maven.runtime_3.9.1601.20260722-2149\jars\maven-model-builder-3.9.16.jar
2026-09-21 11:56:17,720 [Worker-22: Launching mavenrun-03b609c4-0b7e-458e-a60d-ca31d2e5a605] INFO  o.eclipse.m2e.core.internal.Bundles - 	Entry: C:\eclipse-acceso-datos\eclipse-jee\eclipse\plugins\org.eclipse.m2e.maven.runtime_3.9.1601.20260722-2149\jars\maven-plugin-api-3.9.16.jar
2026-09-21 11:56:17,720 [Worker-22: Launching mavenrun-03b609c4-0b7e-458e-a60d-ca31d2e5a605] INFO  o.eclipse.m2e.core.internal.Bundles - 	Entry: C:\eclipse-acceso-datos\eclipse-jee\eclipse\plugins\org.eclipse.m2e.maven.runtime_3.9.1601.20260722-2149\jars\maven-repository-metadata-3.9.16.jar
2026-09-21 11:56:17,720 [Worker-22: Launching mavenrun-03b609c4-0b7e-458e-a60d-ca31d2e5a605] INFO  o.eclipse.m2e.core.internal.Bundles - 	Entry: C:\eclipse-acceso-datos\eclipse-jee\eclipse\plugins\org.eclipse.m2e.maven.runtime_3.9.1601.20260722-2149\jars\maven-resolver-api-1.9.27.jar
2026-09-21 11:56:17,720 [Worker-22: Launching mavenrun-03b609c4-0b7e-458e-a60d-ca31d2e5a605] INFO  o.eclipse.m2e.core.internal.Bundles - 	Entry: C:\eclipse-acceso-datos\eclipse-jee\eclipse\plugins\org.eclipse.m2e.maven.runtime_3.9.1601.20260722-2149\jars\maven-resolver-connector-basic-1.9.27.jar
2026-09-21 11:56:17,720 [Worker-22: Launching mavenrun-03b609c4-0b7e-458e-a60d-ca31d2e5a605] INFO  o.eclipse.m2e.core.internal.Bundles - 	Entry: C:\eclipse-acceso-datos\eclipse-jee\eclipse\plugins\org.eclipse.m2e.maven.runtime_3.9.1601.20260722-2149\jars\maven-resolver-impl-1.9.27.jar
2026-09-21 11:56:17,720 [Worker-22: Launching mavenrun-03b609c4-0b7e-458e-a60d-ca31d2e5a605] INFO  o.eclipse.m2e.core.internal.Bundles - 	Entry: C:\eclipse-acceso-datos\eclipse-jee\eclipse\plugins\org.eclipse.m2e.maven.runtime_3.9.1601.20260722-2149\jars\maven-resolver-named-locks-1.9.27.jar
2026-09-21 11:56:17,720 [Worker-22: Launching mavenrun-03b609c4-0b7e-458e-a60d-ca31d2e5a605] INFO  o.eclipse.m2e.core.internal.Bundles - 	Entry: C:\eclipse-acceso-datos\eclipse-jee\eclipse\plugins\org.eclipse.m2e.maven.runtime_3.9.1601.20260722-2149\jars\maven-resolver-provider-3.9.16.jar
2026-09-21 11:56:17,721 [Worker-22: Launching mavenrun-03b609c4-0b7e-458e-a60d-ca31d2e5a605] INFO  o.eclipse.m2e.core.internal.Bundles - 	Entry: C:\eclipse-acceso-datos\eclipse-jee\eclipse\plugins\org.eclipse.m2e.maven.runtime_3.9.1601.20260722-2149\jars\maven-resolver-spi-1.9.27.jar
2026-09-21 11:56:17,721 [Worker-22: Launching mavenrun-03b609c4-0b7e-458e-a60d-ca31d2e5a605] INFO  o.eclipse.m2e.core.internal.Bundles - 	Entry: C:\eclipse-acceso-datos\eclipse-jee\eclipse\plugins\org.eclipse.m2e.maven.runtime_3.9.1601.20260722-2149\jars\maven-resolver-transport-file-1.9.27.jar
2026-09-21 11:56:17,721 [Worker-22: Launching mavenrun-03b609c4-0b7e-458e-a60d-ca31d2e5a605] INFO  o.eclipse.m2e.core.internal.Bundles - 	Entry: C:\eclipse-acceso-datos\eclipse-jee\eclipse\plugins\org.eclipse.m2e.maven.runtime_3.9.1601.20260722-2149\jars\maven-resolver-transport-http-1.9.27.jar
2026-09-21 11:56:17,721 [Worker-22: Launching mavenrun-03b609c4-0b7e-458e-a60d-ca31d2e5a605] INFO  o.eclipse.m2e.core.internal.Bundles - 	Entry: C:\eclipse-acceso-datos\eclipse-jee\eclipse\plugins\org.eclipse.m2e.maven.runtime_3.9.1601.20260722-2149\jars\maven-resolver-transport-wagon-1.9.27.jar
2026-09-21 11:56:17,721 [Worker-22: Launching mavenrun-03b609c4-0b7e-458e-a60d-ca31d2e5a605] INFO  o.eclipse.m2e.core.internal.Bundles - 	Entry: C:\eclipse-acceso-datos\eclipse-jee\eclipse\plugins\org.eclipse.m2e.maven.runtime_3.9.1601.20260722-2149\jars\maven-resolver-util-1.9.27.jar
2026-09-21 11:56:17,721 [Worker-22: Launching mavenrun-03b609c4-0b7e-458e-a60d-ca31d2e5a605] INFO  o.eclipse.m2e.core.internal.Bundles - 	Entry: C:\eclipse-acceso-datos\eclipse-jee\eclipse\plugins\org.eclipse.m2e.maven.runtime_3.9.1601.20260722-2149\jars\maven-settings-3.9.16.jar
2026-09-21 11:56:17,721 [Worker-22: Launching mavenrun-03b609c4-0b7e-458e-a60d-ca31d2e5a605] INFO  o.eclipse.m2e.core.internal.Bundles - 	Entry: C:\eclipse-acceso-datos\eclipse-jee\eclipse\plugins\org.eclipse.m2e.maven.runtime_3.9.1601.20260722-2149\jars\maven-settings-builder-3.9.16.jar
2026-09-21 11:56:17,721 [Worker-22: Launching mavenrun-03b609c4-0b7e-458e-a60d-ca31d2e5a605] INFO  o.eclipse.m2e.core.internal.Bundles - 	Entry: C:\eclipse-acceso-datos\eclipse-jee\eclipse\plugins\org.eclipse.m2e.maven.runtime_3.9.1601.20260722-2149\jars\maven-shared-utils-3.4.2.jar
2026-09-21 11:56:17,721 [Worker-22: Launching mavenrun-03b609c4-0b7e-458e-a60d-ca31d2e5a605] INFO  o.eclipse.m2e.core.internal.Bundles - 	Entry: C:\eclipse-acceso-datos\eclipse-jee\eclipse\plugins\org.eclipse.m2e.maven.runtime_3.9.1601.20260722-2149\jars\org.eclipse.sisu.inject-1.0.0.jar
2026-09-21 11:56:17,722 [Worker-22: Launching mavenrun-03b609c4-0b7e-458e-a60d-ca31d2e5a605] INFO  o.eclipse.m2e.core.internal.Bundles - 	Entry: C:\eclipse-acceso-datos\eclipse-jee\eclipse\plugins\org.eclipse.m2e.maven.runtime_3.9.1601.20260722-2149\jars\org.eclipse.sisu.plexus-1.0.0.jar
2026-09-21 11:56:17,722 [Worker-22: Launching mavenrun-03b609c4-0b7e-458e-a60d-ca31d2e5a605] INFO  o.eclipse.m2e.core.internal.Bundles - 	Entry: C:\eclipse-acceso-datos\eclipse-jee\eclipse\plugins\org.eclipse.m2e.maven.runtime_3.9.1601.20260722-2149\jars\plexus-build-api-0.0.7.jar
2026-09-21 11:56:17,722 [Worker-22: Launching mavenrun-03b609c4-0b7e-458e-a60d-ca31d2e5a605] INFO  o.eclipse.m2e.core.internal.Bundles - 	Entry: C:\eclipse-acceso-datos\eclipse-jee\eclipse\plugins\org.eclipse.m2e.maven.runtime_3.9.1601.20260722-2149\jars\plexus-build-api-1.2.0.jar
2026-09-21 11:56:17,722 [Worker-22: Launching mavenrun-03b609c4-0b7e-458e-a60d-ca31d2e5a605] INFO  o.eclipse.m2e.core.internal.Bundles - 	Entry: C:\eclipse-acceso-datos\eclipse-jee\eclipse\plugins\org.eclipse.m2e.maven.runtime_3.9.1601.20260722-2149\jars\plexus-cipher-2.0.jar
2026-09-21 11:56:17,722 [Worker-22: Launching mavenrun-03b609c4-0b7e-458e-a60d-ca31d2e5a605] INFO  o.eclipse.m2e.core.internal.Bundles - 	Entry: C:\eclipse-acceso-datos\eclipse-jee\eclipse\plugins\org.eclipse.m2e.maven.runtime_3.9.1601.20260722-2149\jars\plexus-classworlds-2.11.0.jar
2026-09-21 11:56:17,722 [Worker-22: Launching mavenrun-03b609c4-0b7e-458e-a60d-ca31d2e5a605] INFO  o.eclipse.m2e.core.internal.Bundles - 	Entry: C:\eclipse-acceso-datos\eclipse-jee\eclipse\plugins\org.eclipse.m2e.maven.runtime_3.9.1601.20260722-2149\jars\plexus-component-annotations-2.2.0.jar
2026-09-21 11:56:17,722 [Worker-22: Launching mavenrun-03b609c4-0b7e-458e-a60d-ca31d2e5a605] INFO  o.eclipse.m2e.core.internal.Bundles - 	Entry: C:\eclipse-acceso-datos\eclipse-jee\eclipse\plugins\org.eclipse.m2e.maven.runtime_3.9.1601.20260722-2149\jars\plexus-interpolation-1.29.jar
2026-09-21 11:56:17,722 [Worker-22: Launching mavenrun-03b609c4-0b7e-458e-a60d-ca31d2e5a605] INFO  o.eclipse.m2e.core.internal.Bundles - 	Entry: C:\eclipse-acceso-datos\eclipse-jee\eclipse\plugins\org.eclipse.m2e.maven.runtime_3.9.1601.20260722-2149\jars\plexus-sec-dispatcher-2.0.jar
2026-09-21 11:56:17,722 [Worker-22: Launching mavenrun-03b609c4-0b7e-458e-a60d-ca31d2e5a605] INFO  o.eclipse.m2e.core.internal.Bundles - 	Entry: C:\eclipse-acceso-datos\eclipse-jee\eclipse\plugins\org.eclipse.m2e.maven.runtime_3.9.1601.20260722-2149\jars\plexus-utils-3.6.1.jar
2026-09-21 11:56:17,722 [Worker-22: Launching mavenrun-03b609c4-0b7e-458e-a60d-ca31d2e5a605] INFO  o.eclipse.m2e.core.internal.Bundles - 	Entry: C:\eclipse-acceso-datos\eclipse-jee\eclipse\plugins\org.eclipse.m2e.maven.runtime_3.9.1601.20260722-2149\jars\wagon-file-3.5.3.jar
2026-09-21 11:56:17,722 [Worker-22: Launching mavenrun-03b609c4-0b7e-458e-a60d-ca31d2e5a605] INFO  o.eclipse.m2e.core.internal.Bundles - 	Entry: C:\eclipse-acceso-datos\eclipse-jee\eclipse\plugins\org.eclipse.m2e.maven.runtime_3.9.1601.20260722-2149\jars\wagon-http-3.5.3.jar
2026-09-21 11:56:17,723 [Worker-22: Launching mavenrun-03b609c4-0b7e-458e-a60d-ca31d2e5a605] INFO  o.eclipse.m2e.core.internal.Bundles - 	Entry: C:\eclipse-acceso-datos\eclipse-jee\eclipse\plugins\org.eclipse.m2e.maven.runtime_3.9.1601.20260722-2149\jars\wagon-http-shared-3.5.3.jar
2026-09-21 11:56:17,723 [Worker-22: Launching mavenrun-03b609c4-0b7e-458e-a60d-ca31d2e5a605] INFO  o.eclipse.m2e.core.internal.Bundles - 	Entry: C:\eclipse-acceso-datos\eclipse-jee\eclipse\plugins\org.eclipse.m2e.maven.runtime_3.9.1601.20260722-2149\jars\wagon-provider-api-3.5.3.jar
2026-09-21 11:56:17,724 [Worker-22: Launching mavenrun-03b609c4-0b7e-458e-a60d-ca31d2e5a605] INFO  o.eclipse.m2e.core.internal.Bundles - getClasspathEntries(Bundle=com.google.guava_33.7.1.jre [19])
2026-09-21 11:56:17,724 [Worker-22: Launching mavenrun-03b609c4-0b7e-458e-a60d-ca31d2e5a605] INFO  o.eclipse.m2e.core.internal.Bundles - 	Entry: C:\eclipse-acceso-datos\eclipse-jee\eclipse\plugins\com.google.guava_33.7.1.jre.jar
2026-09-21 11:56:17,724 [Worker-22: Launching mavenrun-03b609c4-0b7e-458e-a60d-ca31d2e5a605] INFO  o.eclipse.m2e.core.internal.Bundles - getClasspathEntries(Bundle=slf4j.api_2.0.18 [1015])
2026-09-21 11:56:17,725 [Worker-22: Launching mavenrun-03b609c4-0b7e-458e-a60d-ca31d2e5a605] INFO  o.eclipse.m2e.core.internal.Bundles - 	Entry: C:\eclipse-acceso-datos\eclipse-jee\eclipse\plugins\slf4j.api_2.0.18.jar
2026-09-21 11:56:17,725 [Worker-22: Launching mavenrun-03b609c4-0b7e-458e-a60d-ca31d2e5a605] INFO  o.eclipse.m2e.core.internal.Bundles - getClasspathEntries(Bundle=jakarta.inject.jakarta.inject-api_1.0.5 [36])
2026-09-21 11:56:17,725 [Worker-22: Launching mavenrun-03b609c4-0b7e-458e-a60d-ca31d2e5a605] INFO  o.eclipse.m2e.core.internal.Bundles - 	Entry: C:\eclipse-acceso-datos\eclipse-jee\eclipse\plugins\jakarta.inject.jakarta.inject-api_1.0.5.jar
2026-09-21 11:56:17,725 [Worker-22: Launching mavenrun-03b609c4-0b7e-458e-a60d-ca31d2e5a605] INFO  o.eclipse.m2e.core.internal.Bundles - getClasspathEntries(Bundle=jakarta.annotation-api_1.3.5 [32])
2026-09-21 11:56:17,725 [Worker-22: Launching mavenrun-03b609c4-0b7e-458e-a60d-ca31d2e5a605] INFO  o.eclipse.m2e.core.internal.Bundles - 	Entry: C:\eclipse-acceso-datos\eclipse-jee\eclipse\plugins\jakarta.annotation-api_1.3.5.jar
2026-09-21 11:56:17,725 [Worker-22: Launching mavenrun-03b609c4-0b7e-458e-a60d-ca31d2e5a605] INFO  o.eclipse.m2e.core.internal.Bundles - getClasspathEntries(Bundle=org.apache.commons.cli_1.11.0 [84])
2026-09-21 11:56:17,726 [Worker-22: Launching mavenrun-03b609c4-0b7e-458e-a60d-ca31d2e5a605] INFO  o.eclipse.m2e.core.internal.Bundles - 	Entry: C:\eclipse-acceso-datos\eclipse-jee\eclipse\plugins\org.apache.commons.cli_1.11.0.jar
2026-09-21 11:56:17,726 [Worker-22: Launching mavenrun-03b609c4-0b7e-458e-a60d-ca31d2e5a605] INFO  o.eclipse.m2e.core.internal.Bundles - getClasspathEntries(Bundle=org.apache.commons.commons-codec_1.22.1 [86])
2026-09-21 11:56:17,726 [Worker-22: Launching mavenrun-03b609c4-0b7e-458e-a60d-ca31d2e5a605] INFO  o.eclipse.m2e.core.internal.Bundles - 	Entry: C:\eclipse-acceso-datos\eclipse-jee\eclipse\plugins\org.apache.commons.commons-codec_1.22.1.jar
2026-09-21 11:56:17,726 [Worker-22: Launching mavenrun-03b609c4-0b7e-458e-a60d-ca31d2e5a605] INFO  o.eclipse.m2e.core.internal.Bundles - getClasspathEntries(Bundle=com.google.guava.failureaccess_1.0.3 [20])
2026-09-21 11:56:17,726 [Worker-22: Launching mavenrun-03b609c4-0b7e-458e-a60d-ca31d2e5a605] INFO  o.eclipse.m2e.core.internal.Bundles - 	Entry: C:\eclipse-acceso-datos\eclipse-jee\eclipse\plugins\com.google.guava.failureaccess_1.0.3.jar
2026-09-21 11:56:17,729 [Worker-22: Launching mavenrun-03b609c4-0b7e-458e-a60d-ca31d2e5a605] INFO  o.e.m.i.launch.MavenLaunchDelegate - Run build in "C:\Users\goncalda\AppData\Local\Temp\m2e-archetypeGenerator8552825440631509002":
2026-09-21 11:56:17,732 [Worker-22: Launching mavenrun-03b609c4-0b7e-458e-a60d-ca31d2e5a605] INFO  o.e.m.i.launch.MavenLaunchDelegate -  mvn  -DarchetypeGroupId=org.apache.maven.archetypes -DarchetypeArtifactId=maven-archetype-webapp -DarchetypeVersion=1.0 -DgroupId=gregoriofer.local -DartifactId=prueba-webapp -Dversion=0.0.1-SNAPSHOT -Dpackage=gregoriofer.local.prueba_webapp -DoutputDirectory=D:\2DAM\acceso_datos\proyectos -Dstyle.color=always -U archetype:generate
2026-09-21 11:56:59,037 [Worker-39: Creating maven-archetype-webapp] INFO  o.e.m.c.i.p.ProjectConfigurationManager - Collecting project info '/pom.xml' D:\2DAM\acceso_datos\proyectos\prueba-webapp\pom.xml
2026-09-21 11:56:59,461 [Worker-39: Creating maven-archetype-webapp] INFO  o.e.m.c.i.e.AbstractTransferListenerAdapter - Downloading https://repo.maven.apache.org/maven2/org/apache/maven/plugins/maven-war-plugin/3.5.1/maven-war-plugin-3.5.1.jar
2026-09-21 11:56:59,484 [Worker-39: Creating maven-archetype-webapp] INFO  o.e.m.c.i.e.AbstractTransferListenerAdapter - Downloaded https://repo.maven.apache.org/maven2/org/apache/maven/plugins/maven-war-plugin/3.5.1/maven-war-plugin-3.5.1.jar
2026-09-21 11:57:00,346 [Worker-39: Creating maven-archetype-webapp] INFO  o.e.m.c.i.l.LifecycleMappingFactory - Using org.maven.ide.eclipse.wtp.WarLifecycleMapping lifecycle mapping for MavenProject: gregoriofer.local:prueba-webapp:0.0.1-SNAPSHOT @ D:\2DAM\acceso_datos\proyectos\prueba-webapp\pom.xml.
2026-09-21 11:57:00,381 [Worker-39: Creating maven-archetype-webapp] INFO  o.e.m.c.i.e.AbstractTransferListenerAdapter - Downloading https://repo.maven.apache.org/maven2/junit/junit/3.8.1/junit-3.8.1.pom
2026-09-21 11:57:00,398 [Worker-39: Creating maven-archetype-webapp] INFO  o.e.m.c.i.e.AbstractTransferListenerAdapter - Downloaded https://repo.maven.apache.org/maven2/junit/junit/3.8.1/junit-3.8.1.pom
2026-09-21 11:57:00,437 [Worker-39: Creating maven-archetype-webapp] INFO  o.e.m.c.i.e.AbstractTransferListenerAdapter - Downloading https://repo.maven.apache.org/maven2/junit/junit/3.8.1/junit-3.8.1.jar
2026-09-21 11:57:00,452 [Worker-39: Creating maven-archetype-webapp] INFO  o.e.m.c.i.e.AbstractTransferListenerAdapter - Downloaded https://repo.maven.apache.org/maven2/junit/junit/3.8.1/junit-3.8.1.jar
2026-09-21 11:57:00,669 [Worker-39: Creating maven-archetype-webapp] INFO  o.e.m.c.i.e.AbstractTransferListenerAdapter - Downloading https://repo.maven.apache.org/maven2/org/apache/maven/plugins/maven-war-plugin/3.5.1/maven-war-plugin-3.5.1.pom
2026-09-21 11:57:00,695 [Worker-39: Creating maven-archetype-webapp] INFO  o.e.m.c.i.e.AbstractTransferListenerAdapter - Downloaded https://repo.maven.apache.org/maven2/org/apache/maven/plugins/maven-war-plugin/3.5.1/maven-war-plugin-3.5.1.pom
2026-09-21 11:57:00,971 [Worker-39: Creating maven-archetype-webapp] INFO  o.e.m.c.i.e.AbstractTransferListenerAdapter - Downloading https://repo.maven.apache.org/maven2/org/codehaus/plexus/plexus-interpolation/1.29/plexus-interpolation-1.29.pom
2026-09-21 11:57:00,989 [Worker-39: Creating maven-archetype-webapp] INFO  o.e.m.c.i.e.AbstractTransferListenerAdapter - Downloaded https://repo.maven.apache.org/maven2/org/codehaus/plexus/plexus-interpolation/1.29/plexus-interpolation-1.29.pom
2026-09-21 11:57:01,150 [Worker-39: Creating maven-archetype-webapp] INFO  o.e.m.c.i.e.AbstractTransferListenerAdapter - Downloading https://repo.maven.apache.org/maven2/org/apache/maven/shared/maven-mapping/3.0.0/maven-mapping-3.0.0.pom
2026-09-21 11:57:01,169 [Worker-39: Creating maven-archetype-webapp] INFO  o.e.m.c.i.e.AbstractTransferListenerAdapter - Downloaded https://repo.maven.apache.org/maven2/org/apache/maven/shared/maven-mapping/3.0.0/maven-mapping-3.0.0.pom
2026-09-21 11:57:01,218 [Worker-39: Creating maven-archetype-webapp] INFO  o.e.m.c.i.e.AbstractTransferListenerAdapter - Downloading https://repo.maven.apache.org/maven2/org/apache/maven/shared/maven-shared-components/22/maven-shared-components-22.pom
2026-09-21 11:57:01,236 [Worker-39: Creating maven-archetype-webapp] INFO  o.e.m.c.i.e.AbstractTransferListenerAdapter - Downloaded https://repo.maven.apache.org/maven2/org/apache/maven/shared/maven-shared-components/22/maven-shared-components-22.pom
2026-09-21 11:57:01,276 [Worker-39: Creating maven-archetype-webapp] INFO  o.e.m.c.i.e.AbstractTransferListenerAdapter - Downloading https://repo.maven.apache.org/maven2/org/apache/maven/maven-parent/27/maven-parent-27.pom
2026-09-21 11:57:01,295 [Worker-39: Creating maven-archetype-webapp] INFO  o.e.m.c.i.e.AbstractTransferListenerAdapter - Downloaded https://repo.maven.apache.org/maven2/org/apache/maven/maven-parent/27/maven-parent-27.pom
2026-09-21 11:57:01,338 [Worker-39: Creating maven-archetype-webapp] INFO  o.e.m.c.i.e.AbstractTransferListenerAdapter - Downloading https://repo.maven.apache.org/maven2/org/apache/apache/17/apache-17.pom
2026-09-21 11:57:01,359 [Worker-39: Creating maven-archetype-webapp] INFO  o.e.m.c.i.e.AbstractTransferListenerAdapter - Downloaded https://repo.maven.apache.org/maven2/org/apache/apache/17/apache-17.pom
2026-09-21 11:57:01,402 [Worker-39: Creating maven-archetype-webapp] INFO  o.e.m.c.i.e.AbstractTransferListenerAdapter - Downloading https://repo.maven.apache.org/maven2/org/apache/maven/maven-core/3.9.11/maven-core-3.9.11.pom
2026-09-21 11:57:01,418 [Worker-39: Creating maven-archetype-webapp] INFO  o.e.m.c.i.e.AbstractTransferListenerAdapter - Downloaded https://repo.maven.apache.org/maven2/org/apache/maven/maven-core/3.9.11/maven-core-3.9.11.pom
2026-09-21 11:57:01,461 [Worker-39: Creating maven-archetype-webapp] INFO  o.e.m.c.i.e.AbstractTransferListenerAdapter - Downloading https://repo.maven.apache.org/maven2/org/apache/maven/maven/3.9.11/maven-3.9.11.pom
2026-09-21 11:57:01,479 [Worker-39: Creating maven-archetype-webapp] INFO  o.e.m.c.i.e.AbstractTransferListenerAdapter - Downloaded https://repo.maven.apache.org/maven2/org/apache/maven/maven/3.9.11/maven-3.9.11.pom
2026-09-21 11:57:01,520 [Worker-39: Creating maven-archetype-webapp] INFO  o.e.m.c.i.e.AbstractTransferListenerAdapter - Downloading https://repo.maven.apache.org/maven2/org/apache/maven/maven-model/3.9.11/maven-model-3.9.11.pom
2026-09-21 11:57:01,537 [Worker-39: Creating maven-archetype-webapp] INFO  o.e.m.c.i.e.AbstractTransferListenerAdapter - Downloaded https://repo.maven.apache.org/maven2/org/apache/maven/maven-model/3.9.11/maven-model-3.9.11.pom
2026-09-21 11:57:01,583 [Worker-39: Creating maven-archetype-webapp] INFO  o.e.m.c.i.e.AbstractTransferListenerAdapter - Downloading https://repo.maven.apache.org/maven2/org/apache/maven/maven-settings/3.9.11/maven-settings-3.9.11.pom
2026-09-21 11:57:01,608 [Worker-39: Creating maven-archetype-webapp] INFO  o.e.m.c.i.e.AbstractTransferListenerAdapter - Downloaded https://repo.maven.apache.org/maven2/org/apache/maven/maven-settings/3.9.11/maven-settings-3.9.11.pom
2026-09-21 11:57:01,653 [Worker-39: Creating maven-archetype-webapp] INFO  o.e.m.c.i.e.AbstractTransferListenerAdapter - Downloading https://repo.maven.apache.org/maven2/org/apache/maven/maven-settings-builder/3.9.11/maven-settings-builder-3.9.11.pom
2026-09-21 11:57:01,673 [Worker-39: Creating maven-archetype-webapp] INFO  o.e.m.c.i.e.AbstractTransferListenerAdapter - Downloaded https://repo.maven.apache.org/maven2/org/apache/maven/maven-settings-builder/3.9.11/maven-settings-builder-3.9.11.pom
2026-09-21 11:57:01,718 [Worker-39: Creating maven-archetype-webapp] INFO  o.e.m.c.i.e.AbstractTransferListenerAdapter - Downloading https://repo.maven.apache.org/maven2/org/apache/maven/maven-builder-support/3.9.11/maven-builder-support-3.9.11.pom
2026-09-21 11:57:01,738 [Worker-39: Creating maven-archetype-webapp] INFO  o.e.m.c.i.e.AbstractTransferListenerAdapter - Downloaded https://repo.maven.apache.org/maven2/org/apache/maven/maven-builder-support/3.9.11/maven-builder-support-3.9.11.pom
2026-09-21 11:57:01,783 [Worker-39: Creating maven-archetype-webapp] INFO  o.e.m.c.i.e.AbstractTransferListenerAdapter - Downloading https://repo.maven.apache.org/maven2/org/codehaus/plexus/plexus-sec-dispatcher/2.0/plexus-sec-dispatcher-2.0.pom
2026-09-21 11:57:01,802 [Worker-39: Creating maven-archetype-webapp] INFO  o.e.m.c.i.e.AbstractTransferListenerAdapter - Downloaded https://repo.maven.apache.org/maven2/org/codehaus/plexus/plexus-sec-dispatcher/2.0/plexus-sec-dispatcher-2.0.pom
2026-09-21 11:57:01,864 [Worker-39: Creating maven-archetype-webapp] INFO  o.e.m.c.i.e.AbstractTransferListenerAdapter - Downloading https://repo.maven.apache.org/maven2/org/codehaus/plexus/plexus-cipher/2.0/plexus-cipher-2.0.pom
2026-09-21 11:57:01,882 [Worker-39: Creating maven-archetype-webapp] INFO  o.e.m.c.i.e.AbstractTransferListenerAdapter - Downloaded https://repo.maven.apache.org/maven2/org/codehaus/plexus/plexus-cipher/2.0/plexus-cipher-2.0.pom
2026-09-21 11:57:01,921 [Worker-39: Creating maven-archetype-webapp] INFO  o.e.m.c.i.e.AbstractTransferListenerAdapter - Downloading https://repo.maven.apache.org/maven2/org/apache/maven/maven-repository-metadata/3.9.11/maven-repository-metadata-3.9.11.pom
2026-09-21 11:57:01,939 [Worker-39: Creating maven-archetype-webapp] INFO  o.e.m.c.i.e.AbstractTransferListenerAdapter - Downloaded https://repo.maven.apache.org/maven2/org/apache/maven/maven-repository-metadata/3.9.11/maven-repository-metadata-3.9.11.pom
2026-09-21 11:57:01,992 [Worker-39: Creating maven-archetype-webapp] INFO  o.e.m.c.i.e.AbstractTransferListenerAdapter - Downloading https://repo.maven.apache.org/maven2/org/apache/maven/maven-artifact/3.9.11/maven-artifact-3.9.11.pom
2026-09-21 11:57:02,009 [Worker-39: Creating maven-archetype-webapp] INFO  o.e.m.c.i.e.AbstractTransferListenerAdapter - Downloaded https://repo.maven.apache.org/maven2/org/apache/maven/maven-artifact/3.9.11/maven-artifact-3.9.11.pom
2026-09-21 11:57:02,054 [Worker-39: Creating maven-archetype-webapp] INFO  o.e.m.c.i.e.AbstractTransferListenerAdapter - Downloading https://repo.maven.apache.org/maven2/org/apache/maven/maven-plugin-api/3.9.11/maven-plugin-api-3.9.11.pom
2026-09-21 11:57:02,072 [Worker-39: Creating maven-archetype-webapp] INFO  o.e.m.c.i.e.AbstractTransferListenerAdapter - Downloaded https://repo.maven.apache.org/maven2/org/apache/maven/maven-plugin-api/3.9.11/maven-plugin-api-3.9.11.pom
2026-09-21 11:57:02,123 [Worker-39: Creating maven-archetype-webapp] INFO  o.e.m.c.i.e.AbstractTransferListenerAdapter - Downloading https://repo.maven.apache.org/maven2/org/eclipse/sisu/org.eclipse.sisu.plexus/0.9.0.M4/org.eclipse.sisu.plexus-0.9.0.M4.pom
2026-09-21 11:57:02,139 [Worker-39: Creating maven-archetype-webapp] INFO  o.e.m.c.i.e.AbstractTransferListenerAdapter - Downloaded https://repo.maven.apache.org/maven2/org/eclipse/sisu/org.eclipse.sisu.plexus/0.9.0.M4/org.eclipse.sisu.plexus-0.9.0.M4.pom
2026-09-21 11:57:02,183 [Worker-39: Creating maven-archetype-webapp] INFO  o.e.m.c.i.e.AbstractTransferListenerAdapter - Downloading https://repo.maven.apache.org/maven2/org/eclipse/sisu/sisu-inject/0.9.0.M4/sisu-inject-0.9.0.M4.pom
2026-09-21 11:57:02,202 [Worker-39: Creating maven-archetype-webapp] INFO  o.e.m.c.i.e.AbstractTransferListenerAdapter - Downloaded https://repo.maven.apache.org/maven2/org/eclipse/sisu/sisu-inject/0.9.0.M4/sisu-inject-0.9.0.M4.pom
2026-09-21 11:57:02,249 [Worker-39: Creating maven-archetype-webapp] INFO  o.e.m.c.i.e.AbstractTransferListenerAdapter - Downloading https://repo.maven.apache.org/maven2/org/junit/junit-bom/5.12.2/junit-bom-5.12.2.pom
2026-09-21 11:57:02,264 [Worker-39: Creating maven-archetype-webapp] INFO  o.e.m.c.i.e.AbstractTransferListenerAdapter - Downloaded https://repo.maven.apache.org/maven2/org/junit/junit-bom/5.12.2/junit-bom-5.12.2.pom
2026-09-21 11:57:02,306 [Worker-39: Creating maven-archetype-webapp] INFO  o.e.m.c.i.e.AbstractTransferListenerAdapter - Downloading https://repo.maven.apache.org/maven2/org/codehaus/plexus/plexus-component-annotations/2.1.0/plexus-component-annotations-2.1.0.pom
2026-09-21 11:57:02,321 [Worker-39: Creating maven-archetype-webapp] INFO  o.e.m.c.i.e.AbstractTransferListenerAdapter - Downloaded https://repo.maven.apache.org/maven2/org/codehaus/plexus/plexus-component-annotations/2.1.0/plexus-component-annotations-2.1.0.pom
2026-09-21 11:57:02,367 [Worker-39: Creating maven-archetype-webapp] INFO  o.e.m.c.i.e.AbstractTransferListenerAdapter - Downloading https://repo.maven.apache.org/maven2/org/codehaus/plexus/plexus-containers/2.1.0/plexus-containers-2.1.0.pom
2026-09-21 11:57:02,384 [Worker-39: Creating maven-archetype-webapp] INFO  o.e.m.c.i.e.AbstractTransferListenerAdapter - Downloaded https://repo.maven.apache.org/maven2/org/codehaus/plexus/plexus-containers/2.1.0/plexus-containers-2.1.0.pom
2026-09-21 11:57:02,437 [Worker-39: Creating maven-archetype-webapp] INFO  o.e.m.c.i.e.AbstractTransferListenerAdapter - Downloading https://repo.maven.apache.org/maven2/org/codehaus/plexus/plexus/5.1/plexus-5.1.pom
2026-09-21 11:57:02,453 [Worker-39: Creating maven-archetype-webapp] INFO  o.e.m.c.i.e.AbstractTransferListenerAdapter - Downloaded https://repo.maven.apache.org/maven2/org/codehaus/plexus/plexus/5.1/plexus-5.1.pom
2026-09-21 11:57:02,493 [Worker-39: Creating maven-archetype-webapp] INFO  o.e.m.c.i.e.AbstractTransferListenerAdapter - Downloading https://repo.maven.apache.org/maven2/org/codehaus/plexus/plexus-classworlds/2.6.0/plexus-classworlds-2.6.0.pom
2026-09-21 11:57:02,509 [Worker-39: Creating maven-archetype-webapp] INFO  o.e.m.c.i.e.AbstractTransferListenerAdapter - Downloaded https://repo.maven.apache.org/maven2/org/codehaus/plexus/plexus-classworlds/2.6.0/plexus-classworlds-2.6.0.pom
2026-09-21 11:57:02,551 [Worker-39: Creating maven-archetype-webapp] INFO  o.e.m.c.i.e.AbstractTransferListenerAdapter - Downloading https://repo.maven.apache.org/maven2/org/codehaus/plexus/plexus-classworlds/2.9.0/plexus-classworlds-2.9.0.pom
2026-09-21 11:57:02,566 [Worker-39: Creating maven-archetype-webapp] INFO  o.e.m.c.i.e.AbstractTransferListenerAdapter - Downloaded https://repo.maven.apache.org/maven2/org/codehaus/plexus/plexus-classworlds/2.9.0/plexus-classworlds-2.9.0.pom
2026-09-21 11:57:02,605 [Worker-39: Creating maven-archetype-webapp] INFO  o.e.m.c.i.e.AbstractTransferListenerAdapter - Downloading https://repo.maven.apache.org/maven2/org/apache/maven/maven-model-builder/3.9.11/maven-model-builder-3.9.11.pom
2026-09-21 11:57:02,622 [Worker-39: Creating maven-archetype-webapp] INFO  o.e.m.c.i.e.AbstractTransferListenerAdapter - Downloaded https://repo.maven.apache.org/maven2/org/apache/maven/maven-model-builder/3.9.11/maven-model-builder-3.9.11.pom
2026-09-21 11:57:02,665 [Worker-39: Creating maven-archetype-webapp] INFO  o.e.m.c.i.e.AbstractTransferListenerAdapter - Downloading https://repo.maven.apache.org/maven2/org/eclipse/sisu/org.eclipse.sisu.inject/0.9.0.M4/org.eclipse.sisu.inject-0.9.0.M4.pom
2026-09-21 11:57:02,681 [Worker-39: Creating maven-archetype-webapp] INFO  o.e.m.c.i.e.AbstractTransferListenerAdapter - Downloaded https://repo.maven.apache.org/maven2/org/eclipse/sisu/org.eclipse.sisu.inject/0.9.0.M4/org.eclipse.sisu.inject-0.9.0.M4.pom
2026-09-21 11:57:02,722 [Worker-39: Creating maven-archetype-webapp] INFO  o.e.m.c.i.e.AbstractTransferListenerAdapter - Downloading https://repo.maven.apache.org/maven2/org/ow2/asm/asm/9.8/asm-9.8.pom
2026-09-21 11:57:02,741 [Worker-39: Creating maven-archetype-webapp] INFO  o.e.m.c.i.e.AbstractTransferListenerAdapter - Downloaded https://repo.maven.apache.org/maven2/org/ow2/asm/asm/9.8/asm-9.8.pom
2026-09-21 11:57:02,783 [Worker-39: Creating maven-archetype-webapp] INFO  o.e.m.c.i.e.AbstractTransferListenerAdapter - Downloading https://repo.maven.apache.org/maven2/org/apache/maven/maven-resolver-provider/3.9.11/maven-resolver-provider-3.9.11.pom
2026-09-21 11:57:02,799 [Worker-39: Creating maven-archetype-webapp] INFO  o.e.m.c.i.e.AbstractTransferListenerAdapter - Downloaded https://repo.maven.apache.org/maven2/org/apache/maven/maven-resolver-provider/3.9.11/maven-resolver-provider-3.9.11.pom
2026-09-21 11:57:02,843 [Worker-39: Creating maven-archetype-webapp] INFO  o.e.m.c.i.e.AbstractTransferListenerAdapter - Downloading https://repo.maven.apache.org/maven2/org/apache/maven/resolver/maven-resolver-api/1.9.24/maven-resolver-api-1.9.24.pom
2026-09-21 11:57:02,858 [Worker-39: Creating maven-archetype-webapp] INFO  o.e.m.c.i.e.AbstractTransferListenerAdapter - Downloaded https://repo.maven.apache.org/maven2/org/apache/maven/resolver/maven-resolver-api/1.9.24/maven-resolver-api-1.9.24.pom
2026-09-21 11:57:02,900 [Worker-39: Creating maven-archetype-webapp] INFO  o.e.m.c.i.e.AbstractTransferListenerAdapter - Downloading https://repo.maven.apache.org/maven2/org/apache/maven/resolver/maven-resolver/1.9.24/maven-resolver-1.9.24.pom
2026-09-21 11:57:02,918 [Worker-39: Creating maven-archetype-webapp] INFO  o.e.m.c.i.e.AbstractTransferListenerAdapter - Downloaded https://repo.maven.apache.org/maven2/org/apache/maven/resolver/maven-resolver/1.9.24/maven-resolver-1.9.24.pom
2026-09-21 11:57:02,964 [Worker-39: Creating maven-archetype-webapp] INFO  o.e.m.c.i.e.AbstractTransferListenerAdapter - Downloading https://repo.maven.apache.org/maven2/org/apache/maven/resolver/maven-resolver-spi/1.9.24/maven-resolver-spi-1.9.24.pom
2026-09-21 11:57:02,979 [Worker-39: Creating maven-archetype-webapp] INFO  o.e.m.c.i.e.AbstractTransferListenerAdapter - Downloaded https://repo.maven.apache.org/maven2/org/apache/maven/resolver/maven-resolver-spi/1.9.24/maven-resolver-spi-1.9.24.pom
2026-09-21 11:57:03,020 [Worker-39: Creating maven-archetype-webapp] INFO  o.e.m.c.i.e.AbstractTransferListenerAdapter - Downloading https://repo.maven.apache.org/maven2/org/apache/maven/resolver/maven-resolver-util/1.9.24/maven-resolver-util-1.9.24.pom
2026-09-21 11:57:03,037 [Worker-39: Creating maven-archetype-webapp] INFO  o.e.m.c.i.e.AbstractTransferListenerAdapter - Downloaded https://repo.maven.apache.org/maven2/org/apache/maven/resolver/maven-resolver-util/1.9.24/maven-resolver-util-1.9.24.pom
2026-09-21 11:57:03,079 [Worker-39: Creating maven-archetype-webapp] INFO  o.e.m.c.i.e.AbstractTransferListenerAdapter - Downloading https://repo.maven.apache.org/maven2/org/apache/maven/resolver/maven-resolver-impl/1.9.24/maven-resolver-impl-1.9.24.pom
2026-09-21 11:57:03,093 [Worker-39: Creating maven-archetype-webapp] INFO  o.e.m.c.i.e.AbstractTransferListenerAdapter - Downloaded https://repo.maven.apache.org/maven2/org/apache/maven/resolver/maven-resolver-impl/1.9.24/maven-resolver-impl-1.9.24.pom
2026-09-21 11:57:03,135 [Worker-39: Creating maven-archetype-webapp] INFO  o.e.m.c.i.e.AbstractTransferListenerAdapter - Downloading https://repo.maven.apache.org/maven2/org/apache/maven/resolver/maven-resolver-named-locks/1.9.24/maven-resolver-named-locks-1.9.24.pom
2026-09-21 11:57:03,150 [Worker-39: Creating maven-archetype-webapp] INFO  o.e.m.c.i.e.AbstractTransferListenerAdapter - Downloaded https://repo.maven.apache.org/maven2/org/apache/maven/resolver/maven-resolver-named-locks/1.9.24/maven-resolver-named-locks-1.9.24.pom
2026-09-21 11:57:03,196 [Worker-39: Creating maven-archetype-webapp] INFO  o.e.m.c.i.e.AbstractTransferListenerAdapter - Downloading https://repo.maven.apache.org/maven2/com/google/inject/guice/5.1.0/guice-5.1.0.pom
2026-09-21 11:57:03,213 [Worker-39: Creating maven-archetype-webapp] INFO  o.e.m.c.i.e.AbstractTransferListenerAdapter - Downloaded https://repo.maven.apache.org/maven2/com/google/inject/guice/5.1.0/guice-5.1.0.pom
2026-09-21 11:57:03,257 [Worker-39: Creating maven-archetype-webapp] INFO  o.e.m.c.i.e.AbstractTransferListenerAdapter - Downloading https://repo.maven.apache.org/maven2/com/google/inject/guice-parent/5.1.0/guice-parent-5.1.0.pom
2026-09-21 11:57:03,277 [Worker-39: Creating maven-archetype-webapp] INFO  o.e.m.c.i.e.AbstractTransferListenerAdapter - Downloaded https://repo.maven.apache.org/maven2/com/google/inject/guice-parent/5.1.0/guice-parent-5.1.0.pom
2026-09-21 11:57:03,318 [Worker-39: Creating maven-archetype-webapp] INFO  o.e.m.c.i.e.AbstractTransferListenerAdapter - Downloading https://repo.maven.apache.org/maven2/com/google/google/5/google-5.pom
2026-09-21 11:57:03,335 [Worker-39: Creating maven-archetype-webapp] INFO  o.e.m.c.i.e.AbstractTransferListenerAdapter - Downloaded https://repo.maven.apache.org/maven2/com/google/google/5/google-5.pom
2026-09-21 11:57:03,381 [Worker-39: Creating maven-archetype-webapp] INFO  o.e.m.c.i.e.AbstractTransferListenerAdapter - Downloading https://repo.maven.apache.org/maven2/aopalliance/aopalliance/1.0/aopalliance-1.0.pom
2026-09-21 11:57:03,395 [Worker-39: Creating maven-archetype-webapp] INFO  o.e.m.c.i.e.AbstractTransferListenerAdapter - Downloaded https://repo.maven.apache.org/maven2/aopalliance/aopalliance/1.0/aopalliance-1.0.pom
2026-09-21 11:57:03,435 [Worker-39: Creating maven-archetype-webapp] INFO  o.e.m.c.i.e.AbstractTransferListenerAdapter - Downloading https://repo.maven.apache.org/maven2/com/google/guava/guava/33.4.8-jre/guava-33.4.8-jre.pom
2026-09-21 11:57:03,453 [Worker-39: Creating maven-archetype-webapp] INFO  o.e.m.c.i.e.AbstractTransferListenerAdapter - Downloaded https://repo.maven.apache.org/maven2/com/google/guava/guava/33.4.8-jre/guava-33.4.8-jre.pom
2026-09-21 11:57:03,499 [Worker-39: Creating maven-archetype-webapp] INFO  o.e.m.c.i.e.AbstractTransferListenerAdapter - Downloading https://repo.maven.apache.org/maven2/com/google/guava/guava-parent/33.4.8-jre/guava-parent-33.4.8-jre.pom
2026-09-21 11:57:03,517 [Worker-39: Creating maven-archetype-webapp] INFO  o.e.m.c.i.e.AbstractTransferListenerAdapter - Downloaded https://repo.maven.apache.org/maven2/com/google/guava/guava-parent/33.4.8-jre/guava-parent-33.4.8-jre.pom
2026-09-21 11:57:03,557 [Worker-39: Creating maven-archetype-webapp] INFO  o.e.m.c.i.e.AbstractTransferListenerAdapter - Downloading https://repo.maven.apache.org/maven2/org/jspecify/jspecify/1.0.0/jspecify-1.0.0.pom
2026-09-21 11:57:03,574 [Worker-39: Creating maven-archetype-webapp] INFO  o.e.m.c.i.e.AbstractTransferListenerAdapter - Downloaded https://repo.maven.apache.org/maven2/org/jspecify/jspecify/1.0.0/jspecify-1.0.0.pom
2026-09-21 11:57:03,612 [Worker-39: Creating maven-archetype-webapp] INFO  o.e.m.c.i.e.AbstractTransferListenerAdapter - Downloading https://repo.maven.apache.org/maven2/com/google/guava/failureaccess/1.0.3/failureaccess-1.0.3.pom
2026-09-21 11:57:03,627 [Worker-39: Creating maven-archetype-webapp] INFO  o.e.m.c.i.e.AbstractTransferListenerAdapter - Downloaded https://repo.maven.apache.org/maven2/com/google/guava/failureaccess/1.0.3/failureaccess-1.0.3.pom
2026-09-21 11:57:03,669 [Worker-39: Creating maven-archetype-webapp] INFO  o.e.m.c.i.e.AbstractTransferListenerAdapter - Downloading https://repo.maven.apache.org/maven2/com/google/guava/guava-parent/33.4.0-android/guava-parent-33.4.0-android.pom
2026-09-21 11:57:03,688 [Worker-39: Creating maven-archetype-webapp] INFO  o.e.m.c.i.e.AbstractTransferListenerAdapter - Downloaded https://repo.maven.apache.org/maven2/com/google/guava/guava-parent/33.4.0-android/guava-parent-33.4.0-android.pom
2026-09-21 11:57:03,726 [Worker-39: Creating maven-archetype-webapp] INFO  o.e.m.c.i.e.AbstractTransferListenerAdapter - Downloading https://repo.maven.apache.org/maven2/org/codehaus/plexus/plexus-component-annotations/2.2.0/plexus-component-annotations-2.2.0.pom
2026-09-21 11:57:03,742 [Worker-39: Creating maven-archetype-webapp] INFO  o.e.m.c.i.e.AbstractTransferListenerAdapter - Downloaded https://repo.maven.apache.org/maven2/org/codehaus/plexus/plexus-component-annotations/2.2.0/plexus-component-annotations-2.2.0.pom
2026-09-21 11:57:03,785 [Worker-39: Creating maven-archetype-webapp] INFO  o.e.m.c.i.e.AbstractTransferListenerAdapter - Downloading https://repo.maven.apache.org/maven2/org/codehaus/plexus/plexus-containers/2.2.0/plexus-containers-2.2.0.pom
2026-09-21 11:57:03,802 [Worker-39: Creating maven-archetype-webapp] INFO  o.e.m.c.i.e.AbstractTransferListenerAdapter - Downloaded https://repo.maven.apache.org/maven2/org/codehaus/plexus/plexus-containers/2.2.0/plexus-containers-2.2.0.pom
2026-09-21 11:57:03,843 [Worker-39: Creating maven-archetype-webapp] INFO  o.e.m.c.i.e.AbstractTransferListenerAdapter - Downloading https://repo.maven.apache.org/maven2/org/codehaus/plexus/plexus-interpolation/1.21/plexus-interpolation-1.21.pom
2026-09-21 11:57:03,860 [Worker-39: Creating maven-archetype-webapp] INFO  o.e.m.c.i.e.AbstractTransferListenerAdapter - Downloaded https://repo.maven.apache.org/maven2/org/codehaus/plexus/plexus-interpolation/1.21/plexus-interpolation-1.21.pom
2026-09-21 11:57:03,898 [Worker-39: Creating maven-archetype-webapp] INFO  o.e.m.c.i.e.AbstractTransferListenerAdapter - Downloading https://repo.maven.apache.org/maven2/org/codehaus/plexus/plexus-components/1.3.1/plexus-components-1.3.1.pom
2026-09-21 11:57:03,915 [Worker-39: Creating maven-archetype-webapp] INFO  o.e.m.c.i.e.AbstractTransferListenerAdapter - Downloaded https://repo.maven.apache.org/maven2/org/codehaus/plexus/plexus-components/1.3.1/plexus-components-1.3.1.pom
2026-09-21 11:57:03,959 [Worker-39: Creating maven-archetype-webapp] INFO  o.e.m.c.i.e.AbstractTransferListenerAdapter - Downloading https://repo.maven.apache.org/maven2/org/codehaus/plexus/plexus/3.3.1/plexus-3.3.1.pom
2026-09-21 11:57:03,975 [Worker-39: Creating maven-archetype-webapp] INFO  o.e.m.c.i.e.AbstractTransferListenerAdapter - Downloaded https://repo.maven.apache.org/maven2/org/codehaus/plexus/plexus/3.3.1/plexus-3.3.1.pom
2026-09-21 11:57:04,017 [Worker-39: Creating maven-archetype-webapp] INFO  o.e.m.c.i.e.AbstractTransferListenerAdapter - Downloading https://repo.maven.apache.org/maven2/org/sonatype/spice/spice-parent/17/spice-parent-17.pom
2026-09-21 11:57:04,033 [Worker-39: Creating maven-archetype-webapp] INFO  o.e.m.c.i.e.AbstractTransferListenerAdapter - Downloaded https://repo.maven.apache.org/maven2/org/sonatype/spice/spice-parent/17/spice-parent-17.pom
2026-09-21 11:57:04,073 [Worker-39: Creating maven-archetype-webapp] INFO  o.e.m.c.i.e.AbstractTransferListenerAdapter - Downloading https://repo.maven.apache.org/maven2/org/sonatype/forge/forge-parent/10/forge-parent-10.pom
2026-09-21 11:57:04,089 [Worker-39: Creating maven-archetype-webapp] INFO  o.e.m.c.i.e.AbstractTransferListenerAdapter - Downloaded https://repo.maven.apache.org/maven2/org/sonatype/forge/forge-parent/10/forge-parent-10.pom
2026-09-21 11:57:04,144 [Worker-39: Creating maven-archetype-webapp] INFO  o.e.m.c.i.e.AbstractTransferListenerAdapter - Downloading https://repo.maven.apache.org/maven2/org/codehaus/plexus/plexus-interpolation/1.29/plexus-interpolation-1.29.jar
2026-09-21 11:57:04,160 [Worker-39: Creating maven-archetype-webapp] INFO  o.e.m.c.i.e.AbstractTransferListenerAdapter - Downloaded https://repo.maven.apache.org/maven2/org/codehaus/plexus/plexus-interpolation/1.29/plexus-interpolation-1.29.jar
2026-09-21 11:57:04,185 [BasicRepositoryConnector-repo.maven.apache.org-0-0] INFO  o.e.m.c.i.e.AbstractTransferListenerAdapter - Downloading https://repo.maven.apache.org/maven2/org/apache/maven/shared/maven-mapping/3.0.0/maven-mapping-3.0.0.jar
2026-09-21 11:57:04,273 [BasicRepositoryConnector-repo.maven.apache.org-0-0] INFO  o.e.m.c.i.e.AbstractTransferListenerAdapter - Downloaded https://repo.maven.apache.org/maven2/org/apache/maven/shared/maven-mapping/3.0.0/maven-mapping-3.0.0.jar
2026-09-21 11:57:04,668 [Worker-39: Creating maven-archetype-webapp] INFO  o.e.m.j.i.AbstractJavaProjectConfigurator - Adding source folder /prueba-webapp/src/main/java
2026-09-21 11:57:04,669 [Worker-39: Creating maven-archetype-webapp] INFO  o.e.m.j.i.AbstractJavaProjectConfigurator - Adding resource folder /prueba-webapp/src/main/resources
2026-09-21 11:57:04,670 [Worker-39: Creating maven-archetype-webapp] INFO  o.e.m.j.i.AbstractJavaProjectConfigurator - Adding source folder /prueba-webapp/src/test/java
2026-09-21 11:57:04,671 [Worker-39: Creating maven-archetype-webapp] INFO  o.e.m.j.i.AbstractJavaProjectConfigurator - Adding resource folder /prueba-webapp/src/test/resources
2026-09-21 11:57:05,590 [Worker-41: Download sources and javadoc] INFO  o.e.m.c.i.e.AbstractTransferListenerAdapter - Downloading https://repo.maven.apache.org/maven2/junit/junit/3.8.1/junit-3.8.1-sources.jar
2026-09-21 11:57:05,614 [Worker-41: Download sources and javadoc] INFO  o.e.m.c.i.e.AbstractTransferListenerAdapter - Downloaded https://repo.maven.apache.org/maven2/junit/junit/3.8.1/junit-3.8.1-sources.jar
2026-09-21 11:57:05,625 [Worker-41: Download sources and javadoc] INFO  o.e.m.j.internal.DownloadSourcesJob - Downloaded sources for junit:junit:3.8.1
2026-09-21 11:57:05,633 [Worker-39: Creating maven-archetype-webapp] WARN  o.apache.maven.project.MavenProject - Plugin is modifying compileSourceRoots through clear(), which will not work in Maven 4.0.0. Use MavenProject.addCompileSourceRoot()/removeCompileSourceRoot() methods instead. If using a plugin, please upgrade to the latest version or report the issue to the plugin maintainer. To disable these warnings, set -Dmaven.project.sourceRoots.warningsDisabled=true on the command line, in the .mvn/maven.config file, or in project POM properties.
2026-09-21 11:57:05,633 [Worker-39: Creating maven-archetype-webapp] WARN  o.apache.maven.project.MavenProject - Plugin is modifying compileSourceRoots through add(), which will not work in Maven 4.0.0. Use MavenProject.addCompileSourceRoot()/removeCompileSourceRoot() methods instead. If using a plugin, please upgrade to the latest version or report the issue to the plugin maintainer. To disable these warnings, set -Dmaven.project.sourceRoots.warningsDisabled=true on the command line, in the .mvn/maven.config file, or in project POM properties.
2026-09-21 11:57:05,634 [Worker-39: Creating maven-archetype-webapp] WARN  o.apache.maven.project.MavenProject - Plugin is modifying testCompileSourceRoots through clear(), which will not work in Maven 4.0.0. Use MavenProject.addTestCompileSourceRoot()/removeTestCompileSourceRoot() methods instead. If using a plugin, please upgrade to the latest version or report the issue to the plugin maintainer. To disable these warnings, set -Dmaven.project.sourceRoots.warningsDisabled=true on the command line, in the .mvn/maven.config file, or in project POM properties.
2026-09-21 11:57:05,634 [Worker-39: Creating maven-archetype-webapp] WARN  o.apache.maven.project.MavenProject - Plugin is modifying testCompileSourceRoots through add(), which will not work in Maven 4.0.0. Use MavenProject.addTestCompileSourceRoot()/removeTestCompileSourceRoot() methods instead. If using a plugin, please upgrade to the latest version or report the issue to the plugin maintainer. To disable these warnings, set -Dmaven.project.sourceRoots.warningsDisabled=true on the command line, in the .mvn/maven.config file, or in project POM properties.
2026-09-21 11:57:05,651 [Worker-39: Creating maven-archetype-webapp] INFO  o.e.m.c.i.p.ProjectConfigurationManager - Imported and configured 1 project(s) in 6 sec
2026-09-21 11:57:06,605 [Worker-4: Building] WARN  o.a.m.s.f.DefaultMavenResourcesFiltering - Using platform encoding (UTF-8 actually) to copy filtered resources, i.e. build is platform dependent!
2026-09-21 11:57:06,615 [Worker-4: Building] INFO  o.a.m.s.f.DefaultMavenResourcesFiltering - Copying 0 resource from src\main\resources to target\classes
2026-09-21 11:57:06,621 [Worker-4: Building] WARN  o.a.m.s.f.DefaultMavenResourcesFiltering - Using platform encoding (UTF-8 actually) to copy filtered resources, i.e. build is platform dependent!
2026-09-21 11:57:06,622 [Worker-4: Building] INFO  o.a.m.s.f.DefaultMavenResourcesFiltering - skip non existing resourceDirectory D:\2DAM\acceso_datos\proyectos\prueba-webapp\src\test\resources
2026-09-21 11:57:07,686 [Worker-4: Building] WARN  o.apache.maven.project.MavenProject - Plugin is modifying compileSourceRoots through clear(), which will not work in Maven 4.0.0. Use MavenProject.addCompileSourceRoot()/removeCompileSourceRoot() methods instead. If using a plugin, please upgrade to the latest version or report the issue to the plugin maintainer. To disable these warnings, set -Dmaven.project.sourceRoots.warningsDisabled=true on the command line, in the .mvn/maven.config file, or in project POM properties.
2026-09-21 11:57:07,688 [Worker-4: Building] WARN  o.apache.maven.project.MavenProject - Plugin is modifying compileSourceRoots through add(), which will not work in Maven 4.0.0. Use MavenProject.addCompileSourceRoot()/removeCompileSourceRoot() methods instead. If using a plugin, please upgrade to the latest version or report the issue to the plugin maintainer. To disable these warnings, set -Dmaven.project.sourceRoots.warningsDisabled=true on the command line, in the .mvn/maven.config file, or in project POM properties.
2026-09-21 11:57:07,688 [Worker-4: Building] WARN  o.apache.maven.project.MavenProject - Plugin is modifying testCompileSourceRoots through clear(), which will not work in Maven 4.0.0. Use MavenProject.addTestCompileSourceRoot()/removeTestCompileSourceRoot() methods instead. If using a plugin, please upgrade to the latest version or report the issue to the plugin maintainer. To disable these warnings, set -Dmaven.project.sourceRoots.warningsDisabled=true on the command line, in the .mvn/maven.config file, or in project POM properties.
2026-09-21 11:57:07,689 [Worker-4: Building] WARN  o.apache.maven.project.MavenProject - Plugin is modifying testCompileSourceRoots through add(), which will not work in Maven 4.0.0. Use MavenProject.addTestCompileSourceRoot()/removeTestCompileSourceRoot() methods instead. If using a plugin, please upgrade to the latest version or report the issue to the plugin maintainer. To disable these warnings, set -Dmaven.project.sourceRoots.warningsDisabled=true on the command line, in the .mvn/maven.config file, or in project POM properties.
2026-09-21 11:57:41,841 [Worker-42: Building] INFO  o.e.m.c.i.l.LifecycleMappingFactory - Using org.maven.ide.eclipse.wtp.WarLifecycleMapping lifecycle mapping for MavenProject: gregoriofer.local:prueba-webapp:0.0.1-SNAPSHOT @ D:\2DAM\acceso_datos\proyectos\prueba-webapp\pom.xml.
2026-09-21 11:57:41,908 [Worker-42: Building] INFO  o.e.m.c.i.e.AbstractTransferListenerAdapter - Downloading https://repo.maven.apache.org/maven2/jakarta/servlet/jakarta.servlet-api/6.0.0/jakarta.servlet-api-6.0.0.pom
2026-09-21 11:57:41,929 [Worker-42: Building] INFO  o.e.m.c.i.e.AbstractTransferListenerAdapter - Downloaded https://repo.maven.apache.org/maven2/jakarta/servlet/jakarta.servlet-api/6.0.0/jakarta.servlet-api-6.0.0.pom
2026-09-21 11:57:41,993 [Worker-42: Building] INFO  o.e.m.c.i.e.AbstractTransferListenerAdapter - Downloading https://repo.maven.apache.org/maven2/org/eclipse/ee4j/project/1.0.7/project-1.0.7.pom
2026-09-21 11:57:42,012 [Worker-42: Building] INFO  o.e.m.c.i.e.AbstractTransferListenerAdapter - Downloaded https://repo.maven.apache.org/maven2/org/eclipse/ee4j/project/1.0.7/project-1.0.7.pom
2026-09-21 11:57:42,069 [Worker-42: Building] INFO  o.e.m.c.i.e.AbstractTransferListenerAdapter - Downloading https://repo.maven.apache.org/maven2/jakarta/servlet/jsp/jstl/jakarta.servlet.jsp.jstl-api/3.0.0/jakarta.servlet.jsp.jstl-api-3.0.0.pom
2026-09-21 11:57:42,088 [Worker-42: Building] INFO  o.e.m.c.i.e.AbstractTransferListenerAdapter - Downloaded https://repo.maven.apache.org/maven2/jakarta/servlet/jsp/jstl/jakarta.servlet.jsp.jstl-api/3.0.0/jakarta.servlet.jsp.jstl-api-3.0.0.pom
2026-09-21 11:57:42,147 [Worker-42: Building] INFO  o.e.m.c.i.e.AbstractTransferListenerAdapter - Downloading https://repo.maven.apache.org/maven2/org/eclipse/ee4j/project/1.0.6/project-1.0.6.pom
2026-09-21 11:57:42,166 [Worker-42: Building] INFO  o.e.m.c.i.e.AbstractTransferListenerAdapter - Downloaded https://repo.maven.apache.org/maven2/org/eclipse/ee4j/project/1.0.6/project-1.0.6.pom
2026-09-21 11:57:42,230 [Worker-42: Building] INFO  o.e.m.c.i.e.AbstractTransferListenerAdapter - Downloading https://repo.maven.apache.org/maven2/jakarta/el/jakarta.el-api/5.0.0/jakarta.el-api-5.0.0.pom
2026-09-21 11:57:42,247 [Worker-42: Building] INFO  o.e.m.c.i.e.AbstractTransferListenerAdapter - Downloaded https://repo.maven.apache.org/maven2/jakarta/el/jakarta.el-api/5.0.0/jakarta.el-api-5.0.0.pom
2026-09-21 11:57:42,309 [Worker-42: Building] INFO  o.e.m.c.i.e.AbstractTransferListenerAdapter - Downloading https://repo.maven.apache.org/maven2/org/glassfish/web/jakarta.servlet.jsp.jstl/3.0.1/jakarta.servlet.jsp.jstl-3.0.1.pom
2026-09-21 11:57:42,328 [Worker-42: Building] INFO  o.e.m.c.i.e.AbstractTransferListenerAdapter - Downloaded https://repo.maven.apache.org/maven2/org/glassfish/web/jakarta.servlet.jsp.jstl/3.0.1/jakarta.servlet.jsp.jstl-3.0.1.pom
2026-09-21 11:57:42,382 [Worker-42: Building] INFO  o.e.m.c.i.e.AbstractTransferListenerAdapter - Downloading https://repo.maven.apache.org/maven2/jakarta/servlet/jakarta.servlet-api/6.0.0/jakarta.servlet-api-6.0.0.jar
2026-09-21 11:57:42,416 [Worker-42: Building] INFO  o.e.m.c.i.e.AbstractTransferListenerAdapter - Downloaded https://repo.maven.apache.org/maven2/jakarta/servlet/jakarta.servlet-api/6.0.0/jakarta.servlet-api-6.0.0.jar
2026-09-21 11:57:42,457 [BasicRepositoryConnector-repo.maven.apache.org-1-2] INFO  o.e.m.c.i.e.AbstractTransferListenerAdapter - Downloading https://repo.maven.apache.org/maven2/org/glassfish/web/jakarta.servlet.jsp.jstl/3.0.1/jakarta.servlet.jsp.jstl-3.0.1.jar
2026-09-21 11:57:42,460 [BasicRepositoryConnector-repo.maven.apache.org-1-0] INFO  o.e.m.c.i.e.AbstractTransferListenerAdapter - Downloading https://repo.maven.apache.org/maven2/jakarta/servlet/jsp/jstl/jakarta.servlet.jsp.jstl-api/3.0.0/jakarta.servlet.jsp.jstl-api-3.0.0.jar
2026-09-21 11:57:42,465 [BasicRepositoryConnector-repo.maven.apache.org-1-1] INFO  o.e.m.c.i.e.AbstractTransferListenerAdapter - Downloading https://repo.maven.apache.org/maven2/jakarta/el/jakarta.el-api/5.0.0/jakarta.el-api-5.0.0.jar
2026-09-21 11:57:42,491 [BasicRepositoryConnector-repo.maven.apache.org-1-1] INFO  o.e.m.c.i.e.AbstractTransferListenerAdapter - Downloaded https://repo.maven.apache.org/maven2/jakarta/el/jakarta.el-api/5.0.0/jakarta.el-api-5.0.0.jar
2026-09-21 11:57:42,543 [BasicRepositoryConnector-repo.maven.apache.org-1-2] INFO  o.e.m.c.i.e.AbstractTransferListenerAdapter - Downloaded https://repo.maven.apache.org/maven2/org/glassfish/web/jakarta.servlet.jsp.jstl/3.0.1/jakarta.servlet.jsp.jstl-3.0.1.jar
2026-09-21 11:57:42,678 [BasicRepositoryConnector-repo.maven.apache.org-1-0] INFO  o.e.m.c.i.e.AbstractTransferListenerAdapter - Downloaded https://repo.maven.apache.org/maven2/jakarta/servlet/jsp/jstl/jakarta.servlet.jsp.jstl-api/3.0.0/jakarta.servlet.jsp.jstl-api-3.0.0.jar
2026-09-21 11:57:43,050 [Worker-42: Building] WARN  o.a.m.s.f.DefaultMavenResourcesFiltering - Using platform encoding (UTF-8 actually) to copy filtered resources, i.e. build is platform dependent!
2026-09-21 11:57:43,052 [Worker-42: Building] INFO  o.a.m.s.f.DefaultMavenResourcesFiltering - Copying 0 resource from src\main\resources to target\classes
2026-09-21 11:57:43,054 [Worker-42: Building] WARN  o.a.m.s.f.DefaultMavenResourcesFiltering - Using platform encoding (UTF-8 actually) to copy filtered resources, i.e. build is platform dependent!
2026-09-21 11:57:43,055 [Worker-42: Building] INFO  o.a.m.s.f.DefaultMavenResourcesFiltering - skip non existing resourceDirectory D:\2DAM\acceso_datos\proyectos\prueba-webapp\src\test\resources
2026-09-21 11:57:43,055 [Worker-42: Building] INFO  o.e.m.w.i.f.ResourceFilteringBuildParticipant - Changed resources require a complete clean of filtered resources of prueba-webapp
2026-09-21 11:57:43,056 [Worker-42: Building] INFO  o.e.m.w.i.f.ResourceFilteringBuildParticipant - Executing resource filtering for prueba-webapp
2026-09-21 11:57:43,062 [Worker-42: Building] WARN  o.apache.maven.project.MavenProject - Plugin is modifying compileSourceRoots through clear(), which will not work in Maven 4.0.0. Use MavenProject.addCompileSourceRoot()/removeCompileSourceRoot() methods instead. If using a plugin, please upgrade to the latest version or report the issue to the plugin maintainer. To disable these warnings, set -Dmaven.project.sourceRoots.warningsDisabled=true on the command line, in the .mvn/maven.config file, or in project POM properties.
2026-09-21 11:57:43,062 [Worker-42: Building] WARN  o.apache.maven.project.MavenProject - Plugin is modifying compileSourceRoots through add(), which will not work in Maven 4.0.0. Use MavenProject.addCompileSourceRoot()/removeCompileSourceRoot() methods instead. If using a plugin, please upgrade to the latest version or report the issue to the plugin maintainer. To disable these warnings, set -Dmaven.project.sourceRoots.warningsDisabled=true on the command line, in the .mvn/maven.config file, or in project POM properties.
2026-09-21 11:57:43,063 [Worker-42: Building] WARN  o.apache.maven.project.MavenProject - Plugin is modifying testCompileSourceRoots through clear(), which will not work in Maven 4.0.0. Use MavenProject.addTestCompileSourceRoot()/removeTestCompileSourceRoot() methods instead. If using a plugin, please upgrade to the latest version or report the issue to the plugin maintainer. To disable these warnings, set -Dmaven.project.sourceRoots.warningsDisabled=true on the command line, in the .mvn/maven.config file, or in project POM properties.
2026-09-21 11:57:43,063 [Worker-42: Building] WARN  o.apache.maven.project.MavenProject - Plugin is modifying testCompileSourceRoots through add(), which will not work in Maven 4.0.0. Use MavenProject.addTestCompileSourceRoot()/removeTestCompileSourceRoot() methods instead. If using a plugin, please upgrade to the latest version or report the issue to the plugin maintainer. To disable these warnings, set -Dmaven.project.sourceRoots.warningsDisabled=true on the command line, in the .mvn/maven.config file, or in project POM properties.
2026-09-21 11:57:44,117 [Worker-40: Download sources and javadoc] INFO  o.e.m.c.i.e.AbstractTransferListenerAdapter - Downloading https://repo.maven.apache.org/maven2/jakarta/servlet/jakarta.servlet-api/6.0.0/jakarta.servlet-api-6.0.0-sources.jar
2026-09-21 11:57:44,154 [Worker-40: Download sources and javadoc] INFO  o.e.m.c.i.e.AbstractTransferListenerAdapter - Downloaded https://repo.maven.apache.org/maven2/jakarta/servlet/jakarta.servlet-api/6.0.0/jakarta.servlet-api-6.0.0-sources.jar
2026-09-21 11:57:44,166 [Worker-40: Download sources and javadoc] INFO  o.e.m.j.internal.DownloadSourcesJob - Downloaded sources for jakarta.servlet:jakarta.servlet-api:6.0.0
2026-09-21 11:57:44,225 [Worker-40: Download sources and javadoc] INFO  o.e.m.c.i.e.AbstractTransferListenerAdapter - Downloading https://repo.maven.apache.org/maven2/jakarta/servlet/jsp/jstl/jakarta.servlet.jsp.jstl-api/3.0.0/jakarta.servlet.jsp.jstl-api-3.0.0-sources.jar
2026-09-21 11:57:44,246 [Worker-40: Download sources and javadoc] INFO  o.e.m.c.i.e.AbstractTransferListenerAdapter - Downloaded https://repo.maven.apache.org/maven2/jakarta/servlet/jsp/jstl/jakarta.servlet.jsp.jstl-api/3.0.0/jakarta.servlet.jsp.jstl-api-3.0.0-sources.jar
2026-09-21 11:57:44,255 [Worker-40: Download sources and javadoc] INFO  o.e.m.j.internal.DownloadSourcesJob - Downloaded sources for jakarta.servlet.jsp.jstl:jakarta.servlet.jsp.jstl-api:3.0.0
2026-09-21 11:57:44,312 [Worker-40: Download sources and javadoc] INFO  o.e.m.c.i.e.AbstractTransferListenerAdapter - Downloading https://repo.maven.apache.org/maven2/jakarta/el/jakarta.el-api/5.0.0/jakarta.el-api-5.0.0-sources.jar
2026-09-21 11:57:44,333 [Worker-40: Download sources and javadoc] INFO  o.e.m.c.i.e.AbstractTransferListenerAdapter - Downloaded https://repo.maven.apache.org/maven2/jakarta/el/jakarta.el-api/5.0.0/jakarta.el-api-5.0.0-sources.jar
2026-09-21 11:57:44,340 [Worker-40: Download sources and javadoc] INFO  o.e.m.j.internal.DownloadSourcesJob - Downloaded sources for jakarta.el:jakarta.el-api:5.0.0
2026-09-21 11:57:44,385 [Worker-40: Download sources and javadoc] INFO  o.e.m.c.i.e.AbstractTransferListenerAdapter - Downloading https://repo.maven.apache.org/maven2/org/glassfish/web/jakarta.servlet.jsp.jstl/3.0.1/jakarta.servlet.jsp.jstl-3.0.1-sources.jar
2026-09-21 11:57:44,424 [Worker-40: Download sources and javadoc] INFO  o.e.m.c.i.e.AbstractTransferListenerAdapter - Downloaded https://repo.maven.apache.org/maven2/org/glassfish/web/jakarta.servlet.jsp.jstl/3.0.1/jakarta.servlet.jsp.jstl-3.0.1-sources.jar
2026-09-21 11:57:44,432 [Worker-40: Download sources and javadoc] INFO  o.e.m.j.internal.DownloadSourcesJob - Downloaded sources for org.glassfish.web:jakarta.servlet.jsp.jstl:3.0.1
2026-09-21 11:57:45,330 [Worker-39: Building] INFO  o.e.m.c.i.l.LifecycleMappingFactory - Using org.maven.ide.eclipse.wtp.WarLifecycleMapping lifecycle mapping for MavenProject: gregoriofer.local:prueba-webapp:0.0.1-SNAPSHOT @ D:\2DAM\acceso_datos\proyectos\prueba-webapp\pom.xml.
2026-09-21 11:57:45,611 [Worker-39: Building] WARN  o.a.m.s.f.DefaultMavenResourcesFiltering - Using platform encoding (UTF-8 actually) to copy filtered resources, i.e. build is platform dependent!
2026-09-21 11:57:45,612 [Worker-39: Building] INFO  o.a.m.s.f.DefaultMavenResourcesFiltering - Copying 0 resource from src\main\resources to target\classes
2026-09-21 11:57:45,615 [Worker-39: Building] WARN  o.a.m.s.f.DefaultMavenResourcesFiltering - Using platform encoding (UTF-8 actually) to copy filtered resources, i.e. build is platform dependent!
2026-09-21 11:57:45,615 [Worker-39: Building] INFO  o.a.m.s.f.DefaultMavenResourcesFiltering - skip non existing resourceDirectory D:\2DAM\acceso_datos\proyectos\prueba-webapp\src\test\resources
2026-09-21 11:57:45,616 [Worker-39: Building] INFO  o.e.m.w.i.f.ResourceFilteringBuildParticipant - Changed resources require a complete clean of filtered resources of prueba-webapp
2026-09-21 11:57:45,616 [Worker-39: Building] INFO  o.e.m.w.i.f.ResourceFilteringBuildParticipant - Executing resource filtering for prueba-webapp
2026-09-21 11:57:45,622 [Worker-39: Building] WARN  o.apache.maven.project.MavenProject - Plugin is modifying compileSourceRoots through clear(), which will not work in Maven 4.0.0. Use MavenProject.addCompileSourceRoot()/removeCompileSourceRoot() methods instead. If using a plugin, please upgrade to the latest version or report the issue to the plugin maintainer. To disable these warnings, set -Dmaven.project.sourceRoots.warningsDisabled=true on the command line, in the .mvn/maven.config file, or in project POM properties.
2026-09-21 11:57:45,623 [Worker-39: Building] WARN  o.apache.maven.project.MavenProject - Plugin is modifying compileSourceRoots through add(), which will not work in Maven 4.0.0. Use MavenProject.addCompileSourceRoot()/removeCompileSourceRoot() methods instead. If using a plugin, please upgrade to the latest version or report the issue to the plugin maintainer. To disable these warnings, set -Dmaven.project.sourceRoots.warningsDisabled=true on the command line, in the .mvn/maven.config file, or in project POM properties.
2026-09-21 11:57:45,623 [Worker-39: Building] WARN  o.apache.maven.project.MavenProject - Plugin is modifying testCompileSourceRoots through clear(), which will not work in Maven 4.0.0. Use MavenProject.addTestCompileSourceRoot()/removeTestCompileSourceRoot() methods instead. If using a plugin, please upgrade to the latest version or report the issue to the plugin maintainer. To disable these warnings, set -Dmaven.project.sourceRoots.warningsDisabled=true on the command line, in the .mvn/maven.config file, or in project POM properties.
2026-09-21 11:57:45,623 [Worker-39: Building] WARN  o.apache.maven.project.MavenProject - Plugin is modifying testCompileSourceRoots through add(), which will not work in Maven 4.0.0. Use MavenProject.addTestCompileSourceRoot()/removeTestCompileSourceRoot() methods instead. If using a plugin, please upgrade to the latest version or report the issue to the plugin maintainer. To disable these warnings, set -Dmaven.project.sourceRoots.warningsDisabled=true on the command line, in the .mvn/maven.config file, or in project POM properties.
2026-09-21 11:57:46,732 [Worker-42: Building] INFO  o.e.m.c.i.l.LifecycleMappingFactory - Using org.maven.ide.eclipse.wtp.WarLifecycleMapping lifecycle mapping for MavenProject: gregoriofer.local:prueba-webapp:0.0.1-SNAPSHOT @ D:\2DAM\acceso_datos\proyectos\prueba-webapp\pom.xml.
2026-09-21 11:57:47,023 [Worker-42: Building] WARN  o.a.m.s.f.DefaultMavenResourcesFiltering - Using platform encoding (UTF-8 actually) to copy filtered resources, i.e. build is platform dependent!
2026-09-21 11:57:47,024 [Worker-42: Building] INFO  o.a.m.s.f.DefaultMavenResourcesFiltering - Copying 0 resource from src\main\resources to target\classes
2026-09-21 11:57:47,027 [Worker-42: Building] WARN  o.a.m.s.f.DefaultMavenResourcesFiltering - Using platform encoding (UTF-8 actually) to copy filtered resources, i.e. build is platform dependent!
2026-09-21 11:57:47,027 [Worker-42: Building] INFO  o.a.m.s.f.DefaultMavenResourcesFiltering - skip non existing resourceDirectory D:\2DAM\acceso_datos\proyectos\prueba-webapp\src\test\resources
2026-09-21 11:57:47,027 [Worker-42: Building] INFO  o.e.m.w.i.f.ResourceFilteringBuildParticipant - Changed resources require a complete clean of filtered resources of prueba-webapp
2026-09-21 11:57:47,027 [Worker-42: Building] INFO  o.e.m.w.i.f.ResourceFilteringBuildParticipant - Executing resource filtering for prueba-webapp
2026-09-21 11:57:47,033 [Worker-42: Building] WARN  o.apache.maven.project.MavenProject - Plugin is modifying compileSourceRoots through clear(), which will not work in Maven 4.0.0. Use MavenProject.addCompileSourceRoot()/removeCompileSourceRoot() methods instead. If using a plugin, please upgrade to the latest version or report the issue to the plugin maintainer. To disable these warnings, set -Dmaven.project.sourceRoots.warningsDisabled=true on the command line, in the .mvn/maven.config file, or in project POM properties.
2026-09-21 11:57:47,033 [Worker-42: Building] WARN  o.apache.maven.project.MavenProject - Plugin is modifying compileSourceRoots through add(), which will not work in Maven 4.0.0. Use MavenProject.addCompileSourceRoot()/removeCompileSourceRoot() methods instead. If using a plugin, please upgrade to the latest version or report the issue to the plugin maintainer. To disable these warnings, set -Dmaven.project.sourceRoots.warningsDisabled=true on the command line, in the .mvn/maven.config file, or in project POM properties.
2026-09-21 11:57:47,033 [Worker-42: Building] WARN  o.apache.maven.project.MavenProject - Plugin is modifying testCompileSourceRoots through clear(), which will not work in Maven 4.0.0. Use MavenProject.addTestCompileSourceRoot()/removeTestCompileSourceRoot() methods instead. If using a plugin, please upgrade to the latest version or report the issue to the plugin maintainer. To disable these warnings, set -Dmaven.project.sourceRoots.warningsDisabled=true on the command line, in the .mvn/maven.config file, or in project POM properties.
2026-09-21 11:57:47,034 [Worker-42: Building] WARN  o.apache.maven.project.MavenProject - Plugin is modifying testCompileSourceRoots through add(), which will not work in Maven 4.0.0. Use MavenProject.addTestCompileSourceRoot()/removeTestCompileSourceRoot() methods instead. If using a plugin, please upgrade to the latest version or report the issue to the plugin maintainer. To disable these warnings, set -Dmaven.project.sourceRoots.warningsDisabled=true on the command line, in the .mvn/maven.config file, or in project POM properties.
2026-09-21 11:57:49,256 [Worker-41: Building] INFO  o.e.m.c.i.l.LifecycleMappingFactory - Using org.maven.ide.eclipse.wtp.WarLifecycleMapping lifecycle mapping for MavenProject: gregoriofer.local:prueba-webapp:0.0.1-SNAPSHOT @ D:\2DAM\acceso_datos\proyectos\prueba-webapp\pom.xml.
2026-09-21 11:57:49,505 [Worker-41: Building] WARN  o.a.m.s.f.DefaultMavenResourcesFiltering - Using platform encoding (UTF-8 actually) to copy filtered resources, i.e. build is platform dependent!
2026-09-21 11:57:49,506 [Worker-41: Building] INFO  o.a.m.s.f.DefaultMavenResourcesFiltering - Copying 0 resource from src\main\resources to target\classes
2026-09-21 11:57:49,509 [Worker-41: Building] WARN  o.a.m.s.f.DefaultMavenResourcesFiltering - Using platform encoding (UTF-8 actually) to copy filtered resources, i.e. build is platform dependent!
2026-09-21 11:57:49,509 [Worker-41: Building] INFO  o.a.m.s.f.DefaultMavenResourcesFiltering - skip non existing resourceDirectory D:\2DAM\acceso_datos\proyectos\prueba-webapp\src\test\resources
2026-09-21 11:57:49,510 [Worker-41: Building] INFO  o.e.m.w.i.f.ResourceFilteringBuildParticipant - Changed resources require a complete clean of filtered resources of prueba-webapp
2026-09-21 11:57:49,510 [Worker-41: Building] INFO  o.e.m.w.i.f.ResourceFilteringBuildParticipant - Executing resource filtering for prueba-webapp
2026-09-21 11:57:49,514 [Worker-41: Building] WARN  o.apache.maven.project.MavenProject - Plugin is modifying compileSourceRoots through clear(), which will not work in Maven 4.0.0. Use MavenProject.addCompileSourceRoot()/removeCompileSourceRoot() methods instead. If using a plugin, please upgrade to the latest version or report the issue to the plugin maintainer. To disable these warnings, set -Dmaven.project.sourceRoots.warningsDisabled=true on the command line, in the .mvn/maven.config file, or in project POM properties.
2026-09-21 11:57:49,515 [Worker-41: Building] WARN  o.apache.maven.project.MavenProject - Plugin is modifying compileSourceRoots through add(), which will not work in Maven 4.0.0. Use MavenProject.addCompileSourceRoot()/removeCompileSourceRoot() methods instead. If using a plugin, please upgrade to the latest version or report the issue to the plugin maintainer. To disable these warnings, set -Dmaven.project.sourceRoots.warningsDisabled=true on the command line, in the .mvn/maven.config file, or in project POM properties.
2026-09-21 11:57:49,515 [Worker-41: Building] WARN  o.apache.maven.project.MavenProject - Plugin is modifying testCompileSourceRoots through clear(), which will not work in Maven 4.0.0. Use MavenProject.addTestCompileSourceRoot()/removeTestCompileSourceRoot() methods instead. If using a plugin, please upgrade to the latest version or report the issue to the plugin maintainer. To disable these warnings, set -Dmaven.project.sourceRoots.warningsDisabled=true on the command line, in the .mvn/maven.config file, or in project POM properties.
2026-09-21 11:57:49,515 [Worker-41: Building] WARN  o.apache.maven.project.MavenProject - Plugin is modifying testCompileSourceRoots through add(), which will not work in Maven 4.0.0. Use MavenProject.addTestCompileSourceRoot()/removeTestCompileSourceRoot() methods instead. If using a plugin, please upgrade to the latest version or report the issue to the plugin maintainer. To disable these warnings, set -Dmaven.project.sourceRoots.warningsDisabled=true on the command line, in the .mvn/maven.config file, or in project POM properties.
2026-09-21 11:58:47,345 [Worker-44: Building] WARN  o.a.m.s.f.DefaultMavenResourcesFiltering - Using platform encoding (UTF-8 actually) to copy filtered resources, i.e. build is platform dependent!
2026-09-21 11:58:47,347 [Worker-44: Building] INFO  o.a.m.s.f.DefaultMavenResourcesFiltering - Copying 0 resource from src\main\resources to target\classes
2026-09-21 11:58:47,349 [Worker-44: Building] WARN  o.a.m.s.f.DefaultMavenResourcesFiltering - Using platform encoding (UTF-8 actually) to copy filtered resources, i.e. build is platform dependent!
2026-09-21 11:58:47,350 [Worker-44: Building] INFO  o.a.m.s.f.DefaultMavenResourcesFiltering - skip non existing resourceDirectory D:\2DAM\acceso_datos\proyectos\prueba-webapp\src\test\resources
2026-09-21 11:58:47,355 [Worker-44: Building] WARN  o.apache.maven.project.MavenProject - Plugin is modifying compileSourceRoots through clear(), which will not work in Maven 4.0.0. Use MavenProject.addCompileSourceRoot()/removeCompileSourceRoot() methods instead. If using a plugin, please upgrade to the latest version or report the issue to the plugin maintainer. To disable these warnings, set -Dmaven.project.sourceRoots.warningsDisabled=true on the command line, in the .mvn/maven.config file, or in project POM properties.
2026-09-21 11:58:47,355 [Worker-44: Building] WARN  o.apache.maven.project.MavenProject - Plugin is modifying compileSourceRoots through add(), which will not work in Maven 4.0.0. Use MavenProject.addCompileSourceRoot()/removeCompileSourceRoot() methods instead. If using a plugin, please upgrade to the latest version or report the issue to the plugin maintainer. To disable these warnings, set -Dmaven.project.sourceRoots.warningsDisabled=true on the command line, in the .mvn/maven.config file, or in project POM properties.
2026-09-21 11:58:47,355 [Worker-44: Building] WARN  o.apache.maven.project.MavenProject - Plugin is modifying testCompileSourceRoots through clear(), which will not work in Maven 4.0.0. Use MavenProject.addTestCompileSourceRoot()/removeTestCompileSourceRoot() methods instead. If using a plugin, please upgrade to the latest version or report the issue to the plugin maintainer. To disable these warnings, set -Dmaven.project.sourceRoots.warningsDisabled=true on the command line, in the .mvn/maven.config file, or in project POM properties.
2026-09-21 11:58:47,355 [Worker-44: Building] WARN  o.apache.maven.project.MavenProject - Plugin is modifying testCompileSourceRoots through add(), which will not work in Maven 4.0.0. Use MavenProject.addTestCompileSourceRoot()/removeTestCompileSourceRoot() methods instead. If using a plugin, please upgrade to the latest version or report the issue to the plugin maintainer. To disable these warnings, set -Dmaven.project.sourceRoots.warningsDisabled=true on the command line, in the .mvn/maven.config file, or in project POM properties.
2026-09-21 12:04:15,044 [Worker-46: Building] WARN  o.a.m.s.f.DefaultMavenResourcesFiltering - Using platform encoding (UTF-8 actually) to copy filtered resources, i.e. build is platform dependent!
2026-09-21 12:04:15,045 [Worker-46: Building] INFO  o.a.m.s.f.DefaultMavenResourcesFiltering - Copying 0 resource from src\main\resources to target\classes
2026-09-21 12:04:15,046 [Worker-46: Building] WARN  o.a.m.s.f.DefaultMavenResourcesFiltering - Using platform encoding (UTF-8 actually) to copy filtered resources, i.e. build is platform dependent!
2026-09-21 12:04:15,047 [Worker-46: Building] INFO  o.a.m.s.f.DefaultMavenResourcesFiltering - skip non existing resourceDirectory D:\2DAM\acceso_datos\proyectos\prueba-webapp\src\test\resources
2026-09-21 12:04:15,051 [Worker-46: Building] WARN  o.apache.maven.project.MavenProject - Plugin is modifying compileSourceRoots through clear(), which will not work in Maven 4.0.0. Use MavenProject.addCompileSourceRoot()/removeCompileSourceRoot() methods instead. If using a plugin, please upgrade to the latest version or report the issue to the plugin maintainer. To disable these warnings, set -Dmaven.project.sourceRoots.warningsDisabled=true on the command line, in the .mvn/maven.config file, or in project POM properties.
2026-09-21 12:04:15,051 [Worker-46: Building] WARN  o.apache.maven.project.MavenProject - Plugin is modifying compileSourceRoots through add(), which will not work in Maven 4.0.0. Use MavenProject.addCompileSourceRoot()/removeCompileSourceRoot() methods instead. If using a plugin, please upgrade to the latest version or report the issue to the plugin maintainer. To disable these warnings, set -Dmaven.project.sourceRoots.warningsDisabled=true on the command line, in the .mvn/maven.config file, or in project POM properties.
2026-09-21 12:04:15,051 [Worker-46: Building] WARN  o.apache.maven.project.MavenProject - Plugin is modifying testCompileSourceRoots through clear(), which will not work in Maven 4.0.0. Use MavenProject.addTestCompileSourceRoot()/removeTestCompileSourceRoot() methods instead. If using a plugin, please upgrade to the latest version or report the issue to the plugin maintainer. To disable these warnings, set -Dmaven.project.sourceRoots.warningsDisabled=true on the command line, in the .mvn/maven.config file, or in project POM properties.
2026-09-21 12:04:15,052 [Worker-46: Building] WARN  o.apache.maven.project.MavenProject - Plugin is modifying testCompileSourceRoots through add(), which will not work in Maven 4.0.0. Use MavenProject.addTestCompileSourceRoot()/removeTestCompileSourceRoot() methods instead. If using a plugin, please upgrade to the latest version or report the issue to the plugin maintainer. To disable these warnings, set -Dmaven.project.sourceRoots.warningsDisabled=true on the command line, in the .mvn/maven.config file, or in project POM properties.
2026-09-21 12:04:56,173 [Worker-48: Building] WARN  o.a.m.s.f.DefaultMavenResourcesFiltering - Using platform encoding (UTF-8 actually) to copy filtered resources, i.e. build is platform dependent!
2026-09-21 12:04:56,173 [Worker-48: Building] INFO  o.a.m.s.f.DefaultMavenResourcesFiltering - Copying 0 resource from src\main\resources to target\classes
2026-09-21 12:04:56,174 [Worker-48: Building] WARN  o.a.m.s.f.DefaultMavenResourcesFiltering - Using platform encoding (UTF-8 actually) to copy filtered resources, i.e. build is platform dependent!
2026-09-21 12:04:56,175 [Worker-48: Building] INFO  o.a.m.s.f.DefaultMavenResourcesFiltering - skip non existing resourceDirectory D:\2DAM\acceso_datos\proyectos\prueba-webapp\src\test\resources
2026-09-21 12:04:56,178 [Worker-48: Building] WARN  o.apache.maven.project.MavenProject - Plugin is modifying compileSourceRoots through clear(), which will not work in Maven 4.0.0. Use MavenProject.addCompileSourceRoot()/removeCompileSourceRoot() methods instead. If using a plugin, please upgrade to the latest version or report the issue to the plugin maintainer. To disable these warnings, set -Dmaven.project.sourceRoots.warningsDisabled=true on the command line, in the .mvn/maven.config file, or in project POM properties.
2026-09-21 12:04:56,179 [Worker-48: Building] WARN  o.apache.maven.project.MavenProject - Plugin is modifying compileSourceRoots through add(), which will not work in Maven 4.0.0. Use MavenProject.addCompileSourceRoot()/removeCompileSourceRoot() methods instead. If using a plugin, please upgrade to the latest version or report the issue to the plugin maintainer. To disable these warnings, set -Dmaven.project.sourceRoots.warningsDisabled=true on the command line, in the .mvn/maven.config file, or in project POM properties.
2026-09-21 12:04:56,179 [Worker-48: Building] WARN  o.apache.maven.project.MavenProject - Plugin is modifying testCompileSourceRoots through clear(), which will not work in Maven 4.0.0. Use MavenProject.addTestCompileSourceRoot()/removeTestCompileSourceRoot() methods instead. If using a plugin, please upgrade to the latest version or report the issue to the plugin maintainer. To disable these warnings, set -Dmaven.project.sourceRoots.warningsDisabled=true on the command line, in the .mvn/maven.config file, or in project POM properties.
2026-09-21 12:04:56,179 [Worker-48: Building] WARN  o.apache.maven.project.MavenProject - Plugin is modifying testCompileSourceRoots through add(), which will not work in Maven 4.0.0. Use MavenProject.addTestCompileSourceRoot()/removeTestCompileSourceRoot() methods instead. If using a plugin, please upgrade to the latest version or report the issue to the plugin maintainer. To disable these warnings, set -Dmaven.project.sourceRoots.warningsDisabled=true on the command line, in the .mvn/maven.config file, or in project POM properties.
2026-09-21 12:05:48,386 [Worker-51: Building] WARN  o.a.m.s.f.DefaultMavenResourcesFiltering - Using platform encoding (UTF-8 actually) to copy filtered resources, i.e. build is platform dependent!
2026-09-21 12:05:48,387 [Worker-51: Building] INFO  o.a.m.s.f.DefaultMavenResourcesFiltering - Copying 0 resource from src\main\resources to target\classes
2026-09-21 12:05:48,389 [Worker-51: Building] WARN  o.a.m.s.f.DefaultMavenResourcesFiltering - Using platform encoding (UTF-8 actually) to copy filtered resources, i.e. build is platform dependent!
2026-09-21 12:05:48,389 [Worker-51: Building] INFO  o.a.m.s.f.DefaultMavenResourcesFiltering - skip non existing resourceDirectory D:\2DAM\acceso_datos\proyectos\prueba-webapp\src\test\resources
2026-09-21 12:05:48,392 [Worker-51: Building] WARN  o.apache.maven.project.MavenProject - Plugin is modifying compileSourceRoots through clear(), which will not work in Maven 4.0.0. Use MavenProject.addCompileSourceRoot()/removeCompileSourceRoot() methods instead. If using a plugin, please upgrade to the latest version or report the issue to the plugin maintainer. To disable these warnings, set -Dmaven.project.sourceRoots.warningsDisabled=true on the command line, in the .mvn/maven.config file, or in project POM properties.
2026-09-21 12:05:48,392 [Worker-51: Building] WARN  o.apache.maven.project.MavenProject - Plugin is modifying compileSourceRoots through add(), which will not work in Maven 4.0.0. Use MavenProject.addCompileSourceRoot()/removeCompileSourceRoot() methods instead. If using a plugin, please upgrade to the latest version or report the issue to the plugin maintainer. To disable these warnings, set -Dmaven.project.sourceRoots.warningsDisabled=true on the command line, in the .mvn/maven.config file, or in project POM properties.
2026-09-21 12:05:48,393 [Worker-51: Building] WARN  o.apache.maven.project.MavenProject - Plugin is modifying testCompileSourceRoots through clear(), which will not work in Maven 4.0.0. Use MavenProject.addTestCompileSourceRoot()/removeTestCompileSourceRoot() methods instead. If using a plugin, please upgrade to the latest version or report the issue to the plugin maintainer. To disable these warnings, set -Dmaven.project.sourceRoots.warningsDisabled=true on the command line, in the .mvn/maven.config file, or in project POM properties.
2026-09-21 12:05:48,393 [Worker-51: Building] WARN  o.apache.maven.project.MavenProject - Plugin is modifying testCompileSourceRoots through add(), which will not work in Maven 4.0.0. Use MavenProject.addTestCompileSourceRoot()/removeTestCompileSourceRoot() methods instead. If using a plugin, please upgrade to the latest version or report the issue to the plugin maintainer. To disable these warnings, set -Dmaven.project.sourceRoots.warningsDisabled=true on the command line, in the .mvn/maven.config file, or in project POM properties.
2026-09-21 12:06:21,030 [Worker-39: Building] WARN  o.a.m.s.f.DefaultMavenResourcesFiltering - Using platform encoding (UTF-8 actually) to copy filtered resources, i.e. build is platform dependent!
2026-09-21 12:06:21,031 [Worker-39: Building] INFO  o.a.m.s.f.DefaultMavenResourcesFiltering - Copying 0 resource from src\main\resources to target\classes
2026-09-21 12:06:21,032 [Worker-39: Building] WARN  o.a.m.s.f.DefaultMavenResourcesFiltering - Using platform encoding (UTF-8 actually) to copy filtered resources, i.e. build is platform dependent!
2026-09-21 12:06:21,032 [Worker-39: Building] INFO  o.a.m.s.f.DefaultMavenResourcesFiltering - skip non existing resourceDirectory D:\2DAM\acceso_datos\proyectos\prueba-webapp\src\test\resources
2026-09-21 12:06:21,035 [Worker-39: Building] WARN  o.apache.maven.project.MavenProject - Plugin is modifying compileSourceRoots through clear(), which will not work in Maven 4.0.0. Use MavenProject.addCompileSourceRoot()/removeCompileSourceRoot() methods instead. If using a plugin, please upgrade to the latest version or report the issue to the plugin maintainer. To disable these warnings, set -Dmaven.project.sourceRoots.warningsDisabled=true on the command line, in the .mvn/maven.config file, or in project POM properties.
2026-09-21 12:06:21,036 [Worker-39: Building] WARN  o.apache.maven.project.MavenProject - Plugin is modifying compileSourceRoots through add(), which will not work in Maven 4.0.0. Use MavenProject.addCompileSourceRoot()/removeCompileSourceRoot() methods instead. If using a plugin, please upgrade to the latest version or report the issue to the plugin maintainer. To disable these warnings, set -Dmaven.project.sourceRoots.warningsDisabled=true on the command line, in the .mvn/maven.config file, or in project POM properties.
2026-09-21 12:06:21,036 [Worker-39: Building] WARN  o.apache.maven.project.MavenProject - Plugin is modifying testCompileSourceRoots through clear(), which will not work in Maven 4.0.0. Use MavenProject.addTestCompileSourceRoot()/removeTestCompileSourceRoot() methods instead. If using a plugin, please upgrade to the latest version or report the issue to the plugin maintainer. To disable these warnings, set -Dmaven.project.sourceRoots.warningsDisabled=true on the command line, in the .mvn/maven.config file, or in project POM properties.
2026-09-21 12:06:21,036 [Worker-39: Building] WARN  o.apache.maven.project.MavenProject - Plugin is modifying testCompileSourceRoots through add(), which will not work in Maven 4.0.0. Use MavenProject.addTestCompileSourceRoot()/removeTestCompileSourceRoot() methods instead. If using a plugin, please upgrade to the latest version or report the issue to the plugin maintainer. To disable these warnings, set -Dmaven.project.sourceRoots.warningsDisabled=true on the command line, in the .mvn/maven.config file, or in project POM properties.
2026-09-21 12:06:51,449 [Worker-54: Building] WARN  o.a.m.s.f.DefaultMavenResourcesFiltering - Using platform encoding (UTF-8 actually) to copy filtered resources, i.e. build is platform dependent!
2026-09-21 12:06:51,449 [Worker-54: Building] INFO  o.a.m.s.f.DefaultMavenResourcesFiltering - Copying 0 resource from src\main\resources to target\classes
2026-09-21 12:06:51,451 [Worker-54: Building] WARN  o.a.m.s.f.DefaultMavenResourcesFiltering - Using platform encoding (UTF-8 actually) to copy filtered resources, i.e. build is platform dependent!
2026-09-21 12:06:51,451 [Worker-54: Building] INFO  o.a.m.s.f.DefaultMavenResourcesFiltering - skip non existing resourceDirectory D:\2DAM\acceso_datos\proyectos\prueba-webapp\src\test\resources
2026-09-21 12:06:51,454 [Worker-54: Building] WARN  o.apache.maven.project.MavenProject - Plugin is modifying compileSourceRoots through clear(), which will not work in Maven 4.0.0. Use MavenProject.addCompileSourceRoot()/removeCompileSourceRoot() methods instead. If using a plugin, please upgrade to the latest version or report the issue to the plugin maintainer. To disable these warnings, set -Dmaven.project.sourceRoots.warningsDisabled=true on the command line, in the .mvn/maven.config file, or in project POM properties.
2026-09-21 12:06:51,454 [Worker-54: Building] WARN  o.apache.maven.project.MavenProject - Plugin is modifying compileSourceRoots through add(), which will not work in Maven 4.0.0. Use MavenProject.addCompileSourceRoot()/removeCompileSourceRoot() methods instead. If using a plugin, please upgrade to the latest version or report the issue to the plugin maintainer. To disable these warnings, set -Dmaven.project.sourceRoots.warningsDisabled=true on the command line, in the .mvn/maven.config file, or in project POM properties.
2026-09-21 12:06:51,454 [Worker-54: Building] WARN  o.apache.maven.project.MavenProject - Plugin is modifying testCompileSourceRoots through clear(), which will not work in Maven 4.0.0. Use MavenProject.addTestCompileSourceRoot()/removeTestCompileSourceRoot() methods instead. If using a plugin, please upgrade to the latest version or report the issue to the plugin maintainer. To disable these warnings, set -Dmaven.project.sourceRoots.warningsDisabled=true on the command line, in the .mvn/maven.config file, or in project POM properties.
2026-09-21 12:06:51,454 [Worker-54: Building] WARN  o.apache.maven.project.MavenProject - Plugin is modifying testCompileSourceRoots through add(), which will not work in Maven 4.0.0. Use MavenProject.addTestCompileSourceRoot()/removeTestCompileSourceRoot() methods instead. If using a plugin, please upgrade to the latest version or report the issue to the plugin maintainer. To disable these warnings, set -Dmaven.project.sourceRoots.warningsDisabled=true on the command line, in the .mvn/maven.config file, or in project POM properties.
2026-09-21 12:07:45,183 [Worker-50: Building Project prueba-webapp] WARN  o.a.m.s.f.DefaultMavenResourcesFiltering - Using platform encoding (UTF-8 actually) to copy filtered resources, i.e. build is platform dependent!
2026-09-21 12:07:45,184 [Worker-50: Building Project prueba-webapp] INFO  o.a.m.s.f.DefaultMavenResourcesFiltering - Copying 0 resource from src\main\resources to target\classes
2026-09-21 12:07:45,186 [Worker-50: Building Project prueba-webapp] WARN  o.a.m.s.f.DefaultMavenResourcesFiltering - Using platform encoding (UTF-8 actually) to copy filtered resources, i.e. build is platform dependent!
2026-09-21 12:07:45,186 [Worker-50: Building Project prueba-webapp] INFO  o.a.m.s.f.DefaultMavenResourcesFiltering - skip non existing resourceDirectory D:\2DAM\acceso_datos\proyectos\prueba-webapp\src\test\resources
2026-09-21 12:07:45,190 [Worker-50: Building Project prueba-webapp] WARN  o.apache.maven.project.MavenProject - Plugin is modifying compileSourceRoots through clear(), which will not work in Maven 4.0.0. Use MavenProject.addCompileSourceRoot()/removeCompileSourceRoot() methods instead. If using a plugin, please upgrade to the latest version or report the issue to the plugin maintainer. To disable these warnings, set -Dmaven.project.sourceRoots.warningsDisabled=true on the command line, in the .mvn/maven.config file, or in project POM properties.
2026-09-21 12:07:45,191 [Worker-50: Building Project prueba-webapp] WARN  o.apache.maven.project.MavenProject - Plugin is modifying compileSourceRoots through add(), which will not work in Maven 4.0.0. Use MavenProject.addCompileSourceRoot()/removeCompileSourceRoot() methods instead. If using a plugin, please upgrade to the latest version or report the issue to the plugin maintainer. To disable these warnings, set -Dmaven.project.sourceRoots.warningsDisabled=true on the command line, in the .mvn/maven.config file, or in project POM properties.
2026-09-21 12:07:45,191 [Worker-50: Building Project prueba-webapp] WARN  o.apache.maven.project.MavenProject - Plugin is modifying testCompileSourceRoots through clear(), which will not work in Maven 4.0.0. Use MavenProject.addTestCompileSourceRoot()/removeTestCompileSourceRoot() methods instead. If using a plugin, please upgrade to the latest version or report the issue to the plugin maintainer. To disable these warnings, set -Dmaven.project.sourceRoots.warningsDisabled=true on the command line, in the .mvn/maven.config file, or in project POM properties.
2026-09-21 12:07:45,192 [Worker-50: Building Project prueba-webapp] WARN  o.apache.maven.project.MavenProject - Plugin is modifying testCompileSourceRoots through add(), which will not work in Maven 4.0.0. Use MavenProject.addTestCompileSourceRoot()/removeTestCompileSourceRoot() methods instead. If using a plugin, please upgrade to the latest version or report the issue to the plugin maintainer. To disable these warnings, set -Dmaven.project.sourceRoots.warningsDisabled=true on the command line, in the .mvn/maven.config file, or in project POM properties.
2026-09-21 12:08:01,439 [Worker-51: Updating Maven Project] INFO  o.e.m.c.i.p.ProjectConfigurationManager - Update started
2026-09-21 12:08:01,540 [Worker-51: Updating Maven Project] INFO  o.e.m.c.i.l.LifecycleMappingFactory - Using org.maven.ide.eclipse.wtp.WarLifecycleMapping lifecycle mapping for MavenProject: gregoriofer.local:prueba-webapp:0.0.1-SNAPSHOT @ D:\2DAM\acceso_datos\proyectos\prueba-webapp\pom.xml.
2026-09-21 12:08:01,798 [Worker-51: Updating Maven Project] INFO  o.e.m.j.i.AbstractJavaProjectConfigurator - Adding source folder /prueba-webapp/src/main/java
2026-09-21 12:08:01,799 [Worker-51: Updating Maven Project] INFO  o.e.m.j.i.AbstractJavaProjectConfigurator - Adding resource folder /prueba-webapp/src/main/resources
2026-09-21 12:08:01,799 [Worker-51: Updating Maven Project] INFO  o.e.m.j.i.AbstractJavaProjectConfigurator - Adding source folder /prueba-webapp/src/test/java
2026-09-21 12:08:01,800 [Worker-51: Updating Maven Project] INFO  o.e.m.j.i.AbstractJavaProjectConfigurator - Adding resource folder /prueba-webapp/src/test/resources
2026-09-21 12:08:01,893 [Worker-51: Updating Maven Project] WARN  o.apache.maven.project.MavenProject - Plugin is modifying compileSourceRoots through clear(), which will not work in Maven 4.0.0. Use MavenProject.addCompileSourceRoot()/removeCompileSourceRoot() methods instead. If using a plugin, please upgrade to the latest version or report the issue to the plugin maintainer. To disable these warnings, set -Dmaven.project.sourceRoots.warningsDisabled=true on the command line, in the .mvn/maven.config file, or in project POM properties.
2026-09-21 12:08:01,893 [Worker-51: Updating Maven Project] WARN  o.apache.maven.project.MavenProject - Plugin is modifying compileSourceRoots through add(), which will not work in Maven 4.0.0. Use MavenProject.addCompileSourceRoot()/removeCompileSourceRoot() methods instead. If using a plugin, please upgrade to the latest version or report the issue to the plugin maintainer. To disable these warnings, set -Dmaven.project.sourceRoots.warningsDisabled=true on the command line, in the .mvn/maven.config file, or in project POM properties.
2026-09-21 12:08:01,894 [Worker-51: Updating Maven Project] WARN  o.apache.maven.project.MavenProject - Plugin is modifying testCompileSourceRoots through clear(), which will not work in Maven 4.0.0. Use MavenProject.addTestCompileSourceRoot()/removeTestCompileSourceRoot() methods instead. If using a plugin, please upgrade to the latest version or report the issue to the plugin maintainer. To disable these warnings, set -Dmaven.project.sourceRoots.warningsDisabled=true on the command line, in the .mvn/maven.config file, or in project POM properties.
2026-09-21 12:08:01,894 [Worker-51: Updating Maven Project] WARN  o.apache.maven.project.MavenProject - Plugin is modifying testCompileSourceRoots through add(), which will not work in Maven 4.0.0. Use MavenProject.addTestCompileSourceRoot()/removeTestCompileSourceRoot() methods instead. If using a plugin, please upgrade to the latest version or report the issue to the plugin maintainer. To disable these warnings, set -Dmaven.project.sourceRoots.warningsDisabled=true on the command line, in the .mvn/maven.config file, or in project POM properties.
2026-09-21 12:08:01,919 [Worker-51: Updating Maven Project] INFO  o.e.m.w.i.f.ResourceFilteringBuildParticipant - Cleaning filtered folder for prueba-webapp
2026-09-21 12:08:01,927 [Worker-51: Updating Maven Project] INFO  o.e.m.c.i.p.ProjectConfigurationManager - Update completed for 1 poms: local refresh takes 0,00 sec, refresh facades takes 0,00 sec, update config takes 0,00 sec 
2026-09-21 12:08:02,455 [Worker-48: Building Project prueba-webapp] WARN  o.a.m.s.f.DefaultMavenResourcesFiltering - Using platform encoding (UTF-8 actually) to copy filtered resources, i.e. build is platform dependent!
2026-09-21 12:08:02,456 [Worker-48: Building Project prueba-webapp] INFO  o.a.m.s.f.DefaultMavenResourcesFiltering - Copying 0 resource from src\main\resources to target\classes
2026-09-21 12:08:02,459 [Worker-48: Building Project prueba-webapp] WARN  o.a.m.s.f.DefaultMavenResourcesFiltering - Using platform encoding (UTF-8 actually) to copy filtered resources, i.e. build is platform dependent!
2026-09-21 12:08:02,460 [Worker-48: Building Project prueba-webapp] INFO  o.a.m.s.f.DefaultMavenResourcesFiltering - skip non existing resourceDirectory D:\2DAM\acceso_datos\proyectos\prueba-webapp\src\test\resources
2026-09-21 12:08:02,460 [Worker-48: Building Project prueba-webapp] INFO  o.e.m.w.i.f.ResourceFilteringBuildParticipant - Changed resources require a complete clean of filtered resources of prueba-webapp
2026-09-21 12:08:02,460 [Worker-48: Building Project prueba-webapp] INFO  o.e.m.w.i.f.ResourceFilteringBuildParticipant - Executing resource filtering for prueba-webapp
2026-09-21 12:08:02,670 [Worker-48: Building Project prueba-webapp] WARN  o.apache.maven.project.MavenProject - Plugin is modifying compileSourceRoots through clear(), which will not work in Maven 4.0.0. Use MavenProject.addCompileSourceRoot()/removeCompileSourceRoot() methods instead. If using a plugin, please upgrade to the latest version or report the issue to the plugin maintainer. To disable these warnings, set -Dmaven.project.sourceRoots.warningsDisabled=true on the command line, in the .mvn/maven.config file, or in project POM properties.
2026-09-21 12:08:02,671 [Worker-48: Building Project prueba-webapp] WARN  o.apache.maven.project.MavenProject - Plugin is modifying compileSourceRoots through add(), which will not work in Maven 4.0.0. Use MavenProject.addCompileSourceRoot()/removeCompileSourceRoot() methods instead. If using a plugin, please upgrade to the latest version or report the issue to the plugin maintainer. To disable these warnings, set -Dmaven.project.sourceRoots.warningsDisabled=true on the command line, in the .mvn/maven.config file, or in project POM properties.
2026-09-21 12:08:02,671 [Worker-48: Building Project prueba-webapp] WARN  o.apache.maven.project.MavenProject - Plugin is modifying testCompileSourceRoots through clear(), which will not work in Maven 4.0.0. Use MavenProject.addTestCompileSourceRoot()/removeTestCompileSourceRoot() methods instead. If using a plugin, please upgrade to the latest version or report the issue to the plugin maintainer. To disable these warnings, set -Dmaven.project.sourceRoots.warningsDisabled=true on the command line, in the .mvn/maven.config file, or in project POM properties.
2026-09-21 12:08:02,671 [Worker-48: Building Project prueba-webapp] WARN  o.apache.maven.project.MavenProject - Plugin is modifying testCompileSourceRoots through add(), which will not work in Maven 4.0.0. Use MavenProject.addTestCompileSourceRoot()/removeTestCompileSourceRoot() methods instead. If using a plugin, please upgrade to the latest version or report the issue to the plugin maintainer. To disable these warnings, set -Dmaven.project.sourceRoots.warningsDisabled=true on the command line, in the .mvn/maven.config file, or in project POM properties.
2026-09-21 12:08:18,572 [Worker-52: Updating Maven Project] INFO  o.e.m.c.i.p.ProjectConfigurationManager - Update started
2026-09-21 12:08:18,677 [Worker-52: Updating Maven Project] INFO  o.e.m.c.i.l.LifecycleMappingFactory - Using org.maven.ide.eclipse.wtp.WarLifecycleMapping lifecycle mapping for MavenProject: gregoriofer.local:prueba-webapp:0.0.1-SNAPSHOT @ D:\2DAM\acceso_datos\proyectos\prueba-webapp\pom.xml.
2026-09-21 12:08:18,915 [Worker-52: Updating Maven Project] INFO  o.e.m.j.i.AbstractJavaProjectConfigurator - Adding source folder /prueba-webapp/src/main/java
2026-09-21 12:08:18,916 [Worker-52: Updating Maven Project] INFO  o.e.m.j.i.AbstractJavaProjectConfigurator - Adding resource folder /prueba-webapp/src/main/resources
2026-09-21 12:08:18,916 [Worker-52: Updating Maven Project] INFO  o.e.m.j.i.AbstractJavaProjectConfigurator - Adding source folder /prueba-webapp/src/test/java
2026-09-21 12:08:18,916 [Worker-52: Updating Maven Project] INFO  o.e.m.j.i.AbstractJavaProjectConfigurator - Adding resource folder /prueba-webapp/src/test/resources
2026-09-21 12:08:18,982 [Worker-52: Updating Maven Project] WARN  o.apache.maven.project.MavenProject - Plugin is modifying compileSourceRoots through clear(), which will not work in Maven 4.0.0. Use MavenProject.addCompileSourceRoot()/removeCompileSourceRoot() methods instead. If using a plugin, please upgrade to the latest version or report the issue to the plugin maintainer. To disable these warnings, set -Dmaven.project.sourceRoots.warningsDisabled=true on the command line, in the .mvn/maven.config file, or in project POM properties.
2026-09-21 12:08:18,983 [Worker-52: Updating Maven Project] WARN  o.apache.maven.project.MavenProject - Plugin is modifying compileSourceRoots through add(), which will not work in Maven 4.0.0. Use MavenProject.addCompileSourceRoot()/removeCompileSourceRoot() methods instead. If using a plugin, please upgrade to the latest version or report the issue to the plugin maintainer. To disable these warnings, set -Dmaven.project.sourceRoots.warningsDisabled=true on the command line, in the .mvn/maven.config file, or in project POM properties.
2026-09-21 12:08:18,983 [Worker-52: Updating Maven Project] WARN  o.apache.maven.project.MavenProject - Plugin is modifying testCompileSourceRoots through clear(), which will not work in Maven 4.0.0. Use MavenProject.addTestCompileSourceRoot()/removeTestCompileSourceRoot() methods instead. If using a plugin, please upgrade to the latest version or report the issue to the plugin maintainer. To disable these warnings, set -Dmaven.project.sourceRoots.warningsDisabled=true on the command line, in the .mvn/maven.config file, or in project POM properties.
2026-09-21 12:08:18,983 [Worker-52: Updating Maven Project] WARN  o.apache.maven.project.MavenProject - Plugin is modifying testCompileSourceRoots through add(), which will not work in Maven 4.0.0. Use MavenProject.addTestCompileSourceRoot()/removeTestCompileSourceRoot() methods instead. If using a plugin, please upgrade to the latest version or report the issue to the plugin maintainer. To disable these warnings, set -Dmaven.project.sourceRoots.warningsDisabled=true on the command line, in the .mvn/maven.config file, or in project POM properties.
2026-09-21 12:08:18,997 [Worker-52: Updating Maven Project] INFO  o.e.m.w.i.f.ResourceFilteringBuildParticipant - Cleaning filtered folder for prueba-webapp
2026-09-21 12:08:19,003 [Worker-52: Updating Maven Project] INFO  o.e.m.c.i.p.ProjectConfigurationManager - Update completed for 1 poms: local refresh takes 0,00 sec, refresh facades takes 0,00 sec, update config takes 0,00 sec 
2026-09-21 12:08:19,116 [Worker-53: Building] WARN  o.a.m.s.f.DefaultMavenResourcesFiltering - Using platform encoding (UTF-8 actually) to copy filtered resources, i.e. build is platform dependent!
2026-09-21 12:08:19,117 [Worker-53: Building] INFO  o.a.m.s.f.DefaultMavenResourcesFiltering - Copying 0 resource from src\main\resources to target\classes
2026-09-21 12:08:19,119 [Worker-53: Building] WARN  o.a.m.s.f.DefaultMavenResourcesFiltering - Using platform encoding (UTF-8 actually) to copy filtered resources, i.e. build is platform dependent!
2026-09-21 12:08:19,120 [Worker-53: Building] INFO  o.a.m.s.f.DefaultMavenResourcesFiltering - skip non existing resourceDirectory D:\2DAM\acceso_datos\proyectos\prueba-webapp\src\test\resources
2026-09-21 12:08:19,120 [Worker-53: Building] INFO  o.e.m.w.i.f.ResourceFilteringBuildParticipant - Changed resources require a complete clean of filtered resources of prueba-webapp
2026-09-21 12:08:19,120 [Worker-53: Building] INFO  o.e.m.w.i.f.ResourceFilteringBuildParticipant - Executing resource filtering for prueba-webapp
2026-09-21 12:08:19,375 [Worker-53: Building] WARN  o.apache.maven.project.MavenProject - Plugin is modifying compileSourceRoots through clear(), which will not work in Maven 4.0.0. Use MavenProject.addCompileSourceRoot()/removeCompileSourceRoot() methods instead. If using a plugin, please upgrade to the latest version or report the issue to the plugin maintainer. To disable these warnings, set -Dmaven.project.sourceRoots.warningsDisabled=true on the command line, in the .mvn/maven.config file, or in project POM properties.
2026-09-21 12:08:19,376 [Worker-53: Building] WARN  o.apache.maven.project.MavenProject - Plugin is modifying compileSourceRoots through add(), which will not work in Maven 4.0.0. Use MavenProject.addCompileSourceRoot()/removeCompileSourceRoot() methods instead. If using a plugin, please upgrade to the latest version or report the issue to the plugin maintainer. To disable these warnings, set -Dmaven.project.sourceRoots.warningsDisabled=true on the command line, in the .mvn/maven.config file, or in project POM properties.
2026-09-21 12:08:19,376 [Worker-53: Building] WARN  o.apache.maven.project.MavenProject - Plugin is modifying testCompileSourceRoots through clear(), which will not work in Maven 4.0.0. Use MavenProject.addTestCompileSourceRoot()/removeTestCompileSourceRoot() methods instead. If using a plugin, please upgrade to the latest version or report the issue to the plugin maintainer. To disable these warnings, set -Dmaven.project.sourceRoots.warningsDisabled=true on the command line, in the .mvn/maven.config file, or in project POM properties.
2026-09-21 12:08:19,376 [Worker-53: Building] WARN  o.apache.maven.project.MavenProject - Plugin is modifying testCompileSourceRoots through add(), which will not work in Maven 4.0.0. Use MavenProject.addTestCompileSourceRoot()/removeTestCompileSourceRoot() methods instead. If using a plugin, please upgrade to the latest version or report the issue to the plugin maintainer. To disable these warnings, set -Dmaven.project.sourceRoots.warningsDisabled=true on the command line, in the .mvn/maven.config file, or in project POM properties.
2026-09-21 12:08:35,293 [Worker-48: Cleaning selected projects] INFO  o.e.m.w.i.f.ResourceFilteringBuildParticipant - Cleaning filtered folder for prueba-webapp
2026-09-21 12:08:35,406 [Worker-54: Building] WARN  o.a.m.s.f.DefaultMavenResourcesFiltering - Using platform encoding (UTF-8 actually) to copy filtered resources, i.e. build is platform dependent!
2026-09-21 12:08:35,407 [Worker-54: Building] INFO  o.a.m.s.f.DefaultMavenResourcesFiltering - Copying 0 resource from src\main\resources to target\classes
2026-09-21 12:08:35,408 [Worker-54: Building] WARN  o.a.m.s.f.DefaultMavenResourcesFiltering - Using platform encoding (UTF-8 actually) to copy filtered resources, i.e. build is platform dependent!
2026-09-21 12:08:35,409 [Worker-54: Building] INFO  o.a.m.s.f.DefaultMavenResourcesFiltering - skip non existing resourceDirectory D:\2DAM\acceso_datos\proyectos\prueba-webapp\src\test\resources
2026-09-21 12:08:35,409 [Worker-54: Building] INFO  o.e.m.w.i.f.ResourceFilteringBuildParticipant - Changed resources require a complete clean of filtered resources of prueba-webapp
2026-09-21 12:08:35,409 [Worker-54: Building] INFO  o.e.m.w.i.f.ResourceFilteringBuildParticipant - Executing resource filtering for prueba-webapp
2026-09-21 12:08:35,414 [Worker-54: Building] WARN  o.apache.maven.project.MavenProject - Plugin is modifying compileSourceRoots through clear(), which will not work in Maven 4.0.0. Use MavenProject.addCompileSourceRoot()/removeCompileSourceRoot() methods instead. If using a plugin, please upgrade to the latest version or report the issue to the plugin maintainer. To disable these warnings, set -Dmaven.project.sourceRoots.warningsDisabled=true on the command line, in the .mvn/maven.config file, or in project POM properties.
2026-09-21 12:08:35,414 [Worker-54: Building] WARN  o.apache.maven.project.MavenProject - Plugin is modifying compileSourceRoots through add(), which will not work in Maven 4.0.0. Use MavenProject.addCompileSourceRoot()/removeCompileSourceRoot() methods instead. If using a plugin, please upgrade to the latest version or report the issue to the plugin maintainer. To disable these warnings, set -Dmaven.project.sourceRoots.warningsDisabled=true on the command line, in the .mvn/maven.config file, or in project POM properties.
2026-09-21 12:08:35,415 [Worker-54: Building] WARN  o.apache.maven.project.MavenProject - Plugin is modifying testCompileSourceRoots through clear(), which will not work in Maven 4.0.0. Use MavenProject.addTestCompileSourceRoot()/removeTestCompileSourceRoot() methods instead. If using a plugin, please upgrade to the latest version or report the issue to the plugin maintainer. To disable these warnings, set -Dmaven.project.sourceRoots.warningsDisabled=true on the command line, in the .mvn/maven.config file, or in project POM properties.
2026-09-21 12:08:35,415 [Worker-54: Building] WARN  o.apache.maven.project.MavenProject - Plugin is modifying testCompileSourceRoots through add(), which will not work in Maven 4.0.0. Use MavenProject.addTestCompileSourceRoot()/removeTestCompileSourceRoot() methods instead. If using a plugin, please upgrade to the latest version or report the issue to the plugin maintainer. To disable these warnings, set -Dmaven.project.sourceRoots.warningsDisabled=true on the command line, in the .mvn/maven.config file, or in project POM properties.
2026-09-21 12:18:38,268 [Worker-48: Building] WARN  o.a.m.s.f.DefaultMavenResourcesFiltering - Using platform encoding (UTF-8 actually) to copy filtered resources, i.e. build is platform dependent!
2026-09-21 12:18:38,269 [Worker-48: Building] INFO  o.a.m.s.f.DefaultMavenResourcesFiltering - Copying 0 resource from src\main\resources to target\classes
2026-09-21 12:18:38,270 [Worker-48: Building] WARN  o.a.m.s.f.DefaultMavenResourcesFiltering - Using platform encoding (UTF-8 actually) to copy filtered resources, i.e. build is platform dependent!
2026-09-21 12:18:38,271 [Worker-48: Building] INFO  o.a.m.s.f.DefaultMavenResourcesFiltering - skip non existing resourceDirectory D:\2DAM\acceso_datos\proyectos\prueba-webapp\src\test\resources
2026-09-21 12:18:38,274 [Worker-48: Building] WARN  o.apache.maven.project.MavenProject - Plugin is modifying compileSourceRoots through clear(), which will not work in Maven 4.0.0. Use MavenProject.addCompileSourceRoot()/removeCompileSourceRoot() methods instead. If using a plugin, please upgrade to the latest version or report the issue to the plugin maintainer. To disable these warnings, set -Dmaven.project.sourceRoots.warningsDisabled=true on the command line, in the .mvn/maven.config file, or in project POM properties.
2026-09-21 12:18:38,274 [Worker-48: Building] WARN  o.apache.maven.project.MavenProject - Plugin is modifying compileSourceRoots through add(), which will not work in Maven 4.0.0. Use MavenProject.addCompileSourceRoot()/removeCompileSourceRoot() methods instead. If using a plugin, please upgrade to the latest version or report the issue to the plugin maintainer. To disable these warnings, set -Dmaven.project.sourceRoots.warningsDisabled=true on the command line, in the .mvn/maven.config file, or in project POM properties.
2026-09-21 12:18:38,274 [Worker-48: Building] WARN  o.apache.maven.project.MavenProject - Plugin is modifying testCompileSourceRoots through clear(), which will not work in Maven 4.0.0. Use MavenProject.addTestCompileSourceRoot()/removeTestCompileSourceRoot() methods instead. If using a plugin, please upgrade to the latest version or report the issue to the plugin maintainer. To disable these warnings, set -Dmaven.project.sourceRoots.warningsDisabled=true on the command line, in the .mvn/maven.config file, or in project POM properties.
2026-09-21 12:18:38,275 [Worker-48: Building] WARN  o.apache.maven.project.MavenProject - Plugin is modifying testCompileSourceRoots through add(), which will not work in Maven 4.0.0. Use MavenProject.addTestCompileSourceRoot()/removeTestCompileSourceRoot() methods instead. If using a plugin, please upgrade to the latest version or report the issue to the plugin maintainer. To disable these warnings, set -Dmaven.project.sourceRoots.warningsDisabled=true on the command line, in the .mvn/maven.config file, or in project POM properties.
2026-09-21 12:18:47,882 [Worker-55: Building] WARN  o.a.m.s.f.DefaultMavenResourcesFiltering - Using platform encoding (UTF-8 actually) to copy filtered resources, i.e. build is platform dependent!
2026-09-21 12:18:47,883 [Worker-55: Building] INFO  o.a.m.s.f.DefaultMavenResourcesFiltering - Copying 0 resource from src\main\resources to target\classes
2026-09-21 12:18:47,885 [Worker-55: Building] WARN  o.a.m.s.f.DefaultMavenResourcesFiltering - Using platform encoding (UTF-8 actually) to copy filtered resources, i.e. build is platform dependent!
2026-09-21 12:18:47,885 [Worker-55: Building] INFO  o.a.m.s.f.DefaultMavenResourcesFiltering - skip non existing resourceDirectory D:\2DAM\acceso_datos\proyectos\prueba-webapp\src\test\resources
2026-09-21 12:18:47,888 [Worker-55: Building] WARN  o.apache.maven.project.MavenProject - Plugin is modifying compileSourceRoots through clear(), which will not work in Maven 4.0.0. Use MavenProject.addCompileSourceRoot()/removeCompileSourceRoot() methods instead. If using a plugin, please upgrade to the latest version or report the issue to the plugin maintainer. To disable these warnings, set -Dmaven.project.sourceRoots.warningsDisabled=true on the command line, in the .mvn/maven.config file, or in project POM properties.
2026-09-21 12:18:47,889 [Worker-55: Building] WARN  o.apache.maven.project.MavenProject - Plugin is modifying compileSourceRoots through add(), which will not work in Maven 4.0.0. Use MavenProject.addCompileSourceRoot()/removeCompileSourceRoot() methods instead. If using a plugin, please upgrade to the latest version or report the issue to the plugin maintainer. To disable these warnings, set -Dmaven.project.sourceRoots.warningsDisabled=true on the command line, in the .mvn/maven.config file, or in project POM properties.
2026-09-21 12:18:47,889 [Worker-55: Building] WARN  o.apache.maven.project.MavenProject - Plugin is modifying testCompileSourceRoots through clear(), which will not work in Maven 4.0.0. Use MavenProject.addTestCompileSourceRoot()/removeTestCompileSourceRoot() methods instead. If using a plugin, please upgrade to the latest version or report the issue to the plugin maintainer. To disable these warnings, set -Dmaven.project.sourceRoots.warningsDisabled=true on the command line, in the .mvn/maven.config file, or in project POM properties.
2026-09-21 12:18:47,889 [Worker-55: Building] WARN  o.apache.maven.project.MavenProject - Plugin is modifying testCompileSourceRoots through add(), which will not work in Maven 4.0.0. Use MavenProject.addTestCompileSourceRoot()/removeTestCompileSourceRoot() methods instead. If using a plugin, please upgrade to the latest version or report the issue to the plugin maintainer. To disable these warnings, set -Dmaven.project.sourceRoots.warningsDisabled=true on the command line, in the .mvn/maven.config file, or in project POM properties.
2026-09-21 12:19:09,441 [Worker-55: Building] WARN  o.a.m.s.f.DefaultMavenResourcesFiltering - Using platform encoding (UTF-8 actually) to copy filtered resources, i.e. build is platform dependent!
2026-09-21 12:19:09,442 [Worker-55: Building] INFO  o.a.m.s.f.DefaultMavenResourcesFiltering - Copying 0 resource from src\main\resources to target\classes
2026-09-21 12:19:09,443 [Worker-55: Building] WARN  o.a.m.s.f.DefaultMavenResourcesFiltering - Using platform encoding (UTF-8 actually) to copy filtered resources, i.e. build is platform dependent!
2026-09-21 12:19:09,444 [Worker-55: Building] INFO  o.a.m.s.f.DefaultMavenResourcesFiltering - skip non existing resourceDirectory D:\2DAM\acceso_datos\proyectos\prueba-webapp\src\test\resources
2026-09-21 12:19:09,447 [Worker-55: Building] WARN  o.apache.maven.project.MavenProject - Plugin is modifying compileSourceRoots through clear(), which will not work in Maven 4.0.0. Use MavenProject.addCompileSourceRoot()/removeCompileSourceRoot() methods instead. If using a plugin, please upgrade to the latest version or report the issue to the plugin maintainer. To disable these warnings, set -Dmaven.project.sourceRoots.warningsDisabled=true on the command line, in the .mvn/maven.config file, or in project POM properties.
2026-09-21 12:19:09,447 [Worker-55: Building] WARN  o.apache.maven.project.MavenProject - Plugin is modifying compileSourceRoots through add(), which will not work in Maven 4.0.0. Use MavenProject.addCompileSourceRoot()/removeCompileSourceRoot() methods instead. If using a plugin, please upgrade to the latest version or report the issue to the plugin maintainer. To disable these warnings, set -Dmaven.project.sourceRoots.warningsDisabled=true on the command line, in the .mvn/maven.config file, or in project POM properties.
2026-09-21 12:19:09,447 [Worker-55: Building] WARN  o.apache.maven.project.MavenProject - Plugin is modifying testCompileSourceRoots through clear(), which will not work in Maven 4.0.0. Use MavenProject.addTestCompileSourceRoot()/removeTestCompileSourceRoot() methods instead. If using a plugin, please upgrade to the latest version or report the issue to the plugin maintainer. To disable these warnings, set -Dmaven.project.sourceRoots.warningsDisabled=true on the command line, in the .mvn/maven.config file, or in project POM properties.
2026-09-21 12:19:09,447 [Worker-55: Building] WARN  o.apache.maven.project.MavenProject - Plugin is modifying testCompileSourceRoots through add(), which will not work in Maven 4.0.0. Use MavenProject.addTestCompileSourceRoot()/removeTestCompileSourceRoot() methods instead. If using a plugin, please upgrade to the latest version or report the issue to the plugin maintainer. To disable these warnings, set -Dmaven.project.sourceRoots.warningsDisabled=true on the command line, in the .mvn/maven.config file, or in project POM properties.
2026-09-21 12:20:59,178 [Worker-55: Building] INFO  o.e.m.c.i.l.LifecycleMappingFactory - Using org.maven.ide.eclipse.wtp.WarLifecycleMapping lifecycle mapping for MavenProject: gregoriofer.local:prueba-webapp:0.0.1-SNAPSHOT @ D:\2DAM\acceso_datos\proyectos\prueba-webapp\pom.xml.
2026-09-21 12:20:59,253 [Worker-55: Building] INFO  o.e.m.c.i.e.AbstractTransferListenerAdapter - Downloading https://repo.maven.apache.org/maven2/junit/junit/4.13.2/junit-4.13.2.pom
2026-09-21 12:20:59,272 [Worker-55: Building] INFO  o.e.m.c.i.e.AbstractTransferListenerAdapter - Downloaded https://repo.maven.apache.org/maven2/junit/junit/4.13.2/junit-4.13.2.pom
2026-09-21 12:20:59,315 [Worker-55: Building] INFO  o.e.m.c.i.e.AbstractTransferListenerAdapter - Downloading https://repo.maven.apache.org/maven2/org/hamcrest/hamcrest-core/1.3/hamcrest-core-1.3.pom
2026-09-21 12:20:59,330 [Worker-55: Building] INFO  o.e.m.c.i.e.AbstractTransferListenerAdapter - Downloaded https://repo.maven.apache.org/maven2/org/hamcrest/hamcrest-core/1.3/hamcrest-core-1.3.pom
2026-09-21 12:20:59,377 [Worker-55: Building] INFO  o.e.m.c.i.e.AbstractTransferListenerAdapter - Downloading https://repo.maven.apache.org/maven2/org/hamcrest/hamcrest-parent/1.3/hamcrest-parent-1.3.pom
2026-09-21 12:20:59,392 [Worker-55: Building] INFO  o.e.m.c.i.e.AbstractTransferListenerAdapter - Downloaded https://repo.maven.apache.org/maven2/org/hamcrest/hamcrest-parent/1.3/hamcrest-parent-1.3.pom
2026-09-21 12:20:59,429 [Worker-55: Building] INFO  o.e.m.c.i.e.AbstractTransferListenerAdapter - Downloading https://repo.maven.apache.org/maven2/junit/junit/4.13.2/junit-4.13.2.jar
2026-09-21 12:20:59,462 [Worker-55: Building] INFO  o.e.m.c.i.e.AbstractTransferListenerAdapter - Downloaded https://repo.maven.apache.org/maven2/junit/junit/4.13.2/junit-4.13.2.jar
2026-09-21 12:20:59,487 [BasicRepositoryConnector-repo.maven.apache.org-2-0] INFO  o.e.m.c.i.e.AbstractTransferListenerAdapter - Downloading https://repo.maven.apache.org/maven2/org/hamcrest/hamcrest-core/1.3/hamcrest-core-1.3.jar
2026-09-21 12:20:59,806 [BasicRepositoryConnector-repo.maven.apache.org-2-0] INFO  o.e.m.c.i.e.AbstractTransferListenerAdapter - Downloaded https://repo.maven.apache.org/maven2/org/hamcrest/hamcrest-core/1.3/hamcrest-core-1.3.jar
2026-09-21 12:21:00,126 [Worker-55: Building] WARN  o.a.m.s.f.DefaultMavenResourcesFiltering - Using platform encoding (UTF-8 actually) to copy filtered resources, i.e. build is platform dependent!
2026-09-21 12:21:00,127 [Worker-55: Building] INFO  o.a.m.s.f.DefaultMavenResourcesFiltering - Copying 0 resource from src\main\resources to target\classes
2026-09-21 12:21:00,130 [Worker-55: Building] WARN  o.a.m.s.f.DefaultMavenResourcesFiltering - Using platform encoding (UTF-8 actually) to copy filtered resources, i.e. build is platform dependent!
2026-09-21 12:21:00,131 [Worker-55: Building] INFO  o.a.m.s.f.DefaultMavenResourcesFiltering - skip non existing resourceDirectory D:\2DAM\acceso_datos\proyectos\prueba-webapp\src\test\resources
2026-09-21 12:21:00,131 [Worker-55: Building] INFO  o.e.m.w.i.f.ResourceFilteringBuildParticipant - Changed resources require a complete clean of filtered resources of prueba-webapp
2026-09-21 12:21:00,131 [Worker-55: Building] INFO  o.e.m.w.i.f.ResourceFilteringBuildParticipant - Executing resource filtering for prueba-webapp
2026-09-21 12:21:00,138 [Worker-55: Building] WARN  o.apache.maven.project.MavenProject - Plugin is modifying compileSourceRoots through clear(), which will not work in Maven 4.0.0. Use MavenProject.addCompileSourceRoot()/removeCompileSourceRoot() methods instead. If using a plugin, please upgrade to the latest version or report the issue to the plugin maintainer. To disable these warnings, set -Dmaven.project.sourceRoots.warningsDisabled=true on the command line, in the .mvn/maven.config file, or in project POM properties.
2026-09-21 12:21:00,139 [Worker-55: Building] WARN  o.apache.maven.project.MavenProject - Plugin is modifying compileSourceRoots through add(), which will not work in Maven 4.0.0. Use MavenProject.addCompileSourceRoot()/removeCompileSourceRoot() methods instead. If using a plugin, please upgrade to the latest version or report the issue to the plugin maintainer. To disable these warnings, set -Dmaven.project.sourceRoots.warningsDisabled=true on the command line, in the .mvn/maven.config file, or in project POM properties.
2026-09-21 12:21:00,139 [Worker-55: Building] WARN  o.apache.maven.project.MavenProject - Plugin is modifying testCompileSourceRoots through clear(), which will not work in Maven 4.0.0. Use MavenProject.addTestCompileSourceRoot()/removeTestCompileSourceRoot() methods instead. If using a plugin, please upgrade to the latest version or report the issue to the plugin maintainer. To disable these warnings, set -Dmaven.project.sourceRoots.warningsDisabled=true on the command line, in the .mvn/maven.config file, or in project POM properties.
2026-09-21 12:21:00,139 [Worker-55: Building] WARN  o.apache.maven.project.MavenProject - Plugin is modifying testCompileSourceRoots through add(), which will not work in Maven 4.0.0. Use MavenProject.addTestCompileSourceRoot()/removeTestCompileSourceRoot() methods instead. If using a plugin, please upgrade to the latest version or report the issue to the plugin maintainer. To disable these warnings, set -Dmaven.project.sourceRoots.warningsDisabled=true on the command line, in the .mvn/maven.config file, or in project POM properties.
2026-09-21 12:21:01,136 [Worker-48: Download sources and javadoc] INFO  o.e.m.c.i.e.AbstractTransferListenerAdapter - Downloading https://repo.maven.apache.org/maven2/junit/junit/4.13.2/junit-4.13.2-sources.jar
2026-09-21 12:21:01,167 [Worker-48: Download sources and javadoc] INFO  o.e.m.c.i.e.AbstractTransferListenerAdapter - Downloaded https://repo.maven.apache.org/maven2/junit/junit/4.13.2/junit-4.13.2-sources.jar
2026-09-21 12:21:01,175 [Worker-48: Download sources and javadoc] INFO  o.e.m.j.internal.DownloadSourcesJob - Downloaded sources for junit:junit:4.13.2
2026-09-21 12:21:01,219 [Worker-48: Download sources and javadoc] INFO  o.e.m.c.i.e.AbstractTransferListenerAdapter - Downloading https://repo.maven.apache.org/maven2/org/hamcrest/hamcrest-core/1.3/hamcrest-core-1.3-sources.jar
2026-09-21 12:21:01,594 [Worker-48: Download sources and javadoc] INFO  o.e.m.c.i.e.AbstractTransferListenerAdapter - Downloaded https://repo.maven.apache.org/maven2/org/hamcrest/hamcrest-core/1.3/hamcrest-core-1.3-sources.jar
2026-09-21 12:21:01,603 [Worker-48: Download sources and javadoc] INFO  o.e.m.j.internal.DownloadSourcesJob - Downloaded sources for org.hamcrest:hamcrest-core:1.3
2026-09-23 12:24:34,976 [Worker-1: Loading available Gradle versions] INFO  o.e.b.c.i.u.g.PublishedGradleVersions - Gradle version information cache is out-of-date. Trying to update.
2026-09-23 12:36:50,477 [Worker-44: Building] WARN  o.a.m.s.f.DefaultMavenResourcesFiltering - Using platform encoding (UTF-8 actually) to copy filtered resources, i.e. build is platform dependent!
2026-09-23 12:36:50,480 [Worker-44: Building] INFO  o.a.m.s.f.DefaultMavenResourcesFiltering - Copying 0 resource from src\main\resources to target\classes
2026-09-23 12:36:50,483 [Worker-44: Building] WARN  o.a.m.s.f.DefaultMavenResourcesFiltering - Using platform encoding (UTF-8 actually) to copy filtered resources, i.e. build is platform dependent!
2026-09-23 12:36:50,484 [Worker-44: Building] INFO  o.a.m.s.f.DefaultMavenResourcesFiltering - skip non existing resourceDirectory D:\2DAM\acceso_datos\proyectos\prueba-webapp\src\test\resources
2026-09-23 12:36:52,099 [Worker-44: Building] WARN  o.apache.maven.project.MavenProject - Plugin is modifying compileSourceRoots through clear(), which will not work in Maven 4.0.0. Use MavenProject.addCompileSourceRoot()/removeCompileSourceRoot() methods instead. If using a plugin, please upgrade to the latest version or report the issue to the plugin maintainer. To disable these warnings, set -Dmaven.project.sourceRoots.warningsDisabled=true on the command line, in the .mvn/maven.config file, or in project POM properties.
2026-09-23 12:36:52,100 [Worker-44: Building] WARN  o.apache.maven.project.MavenProject - Plugin is modifying compileSourceRoots through add(), which will not work in Maven 4.0.0. Use MavenProject.addCompileSourceRoot()/removeCompileSourceRoot() methods instead. If using a plugin, please upgrade to the latest version or report the issue to the plugin maintainer. To disable these warnings, set -Dmaven.project.sourceRoots.warningsDisabled=true on the command line, in the .mvn/maven.config file, or in project POM properties.
2026-09-23 12:36:52,100 [Worker-44: Building] WARN  o.apache.maven.project.MavenProject - Plugin is modifying testCompileSourceRoots through clear(), which will not work in Maven 4.0.0. Use MavenProject.addTestCompileSourceRoot()/removeTestCompileSourceRoot() methods instead. If using a plugin, please upgrade to the latest version or report the issue to the plugin maintainer. To disable these warnings, set -Dmaven.project.sourceRoots.warningsDisabled=true on the command line, in the .mvn/maven.config file, or in project POM properties.
2026-09-23 12:36:52,100 [Worker-44: Building] WARN  o.apache.maven.project.MavenProject - Plugin is modifying testCompileSourceRoots through add(), which will not work in Maven 4.0.0. Use MavenProject.addTestCompileSourceRoot()/removeTestCompileSourceRoot() methods instead. If using a plugin, please upgrade to the latest version or report the issue to the plugin maintainer. To disable these warnings, set -Dmaven.project.sourceRoots.warningsDisabled=true on the command line, in the .mvn/maven.config file, or in project POM properties.
2026-09-23 12:36:59,069 [Worker-44: Building] WARN  o.a.m.s.f.DefaultMavenResourcesFiltering - Using platform encoding (UTF-8 actually) to copy filtered resources, i.e. build is platform dependent!
2026-09-23 12:36:59,070 [Worker-44: Building] INFO  o.a.m.s.f.DefaultMavenResourcesFiltering - Copying 0 resource from src\main\resources to target\classes
2026-09-23 12:36:59,072 [Worker-44: Building] WARN  o.a.m.s.f.DefaultMavenResourcesFiltering - Using platform encoding (UTF-8 actually) to copy filtered resources, i.e. build is platform dependent!
2026-09-23 12:36:59,072 [Worker-44: Building] INFO  o.a.m.s.f.DefaultMavenResourcesFiltering - skip non existing resourceDirectory D:\2DAM\acceso_datos\proyectos\prueba-webapp\src\test\resources
2026-09-23 12:36:59,076 [Worker-44: Building] WARN  o.apache.maven.project.MavenProject - Plugin is modifying compileSourceRoots through clear(), which will not work in Maven 4.0.0. Use MavenProject.addCompileSourceRoot()/removeCompileSourceRoot() methods instead. If using a plugin, please upgrade to the latest version or report the issue to the plugin maintainer. To disable these warnings, set -Dmaven.project.sourceRoots.warningsDisabled=true on the command line, in the .mvn/maven.config file, or in project POM properties.
2026-09-23 12:36:59,076 [Worker-44: Building] WARN  o.apache.maven.project.MavenProject - Plugin is modifying compileSourceRoots through add(), which will not work in Maven 4.0.0. Use MavenProject.addCompileSourceRoot()/removeCompileSourceRoot() methods instead. If using a plugin, please upgrade to the latest version or report the issue to the plugin maintainer. To disable these warnings, set -Dmaven.project.sourceRoots.warningsDisabled=true on the command line, in the .mvn/maven.config file, or in project POM properties.
2026-09-23 12:36:59,077 [Worker-44: Building] WARN  o.apache.maven.project.MavenProject - Plugin is modifying testCompileSourceRoots through clear(), which will not work in Maven 4.0.0. Use MavenProject.addTestCompileSourceRoot()/removeTestCompileSourceRoot() methods instead. If using a plugin, please upgrade to the latest version or report the issue to the plugin maintainer. To disable these warnings, set -Dmaven.project.sourceRoots.warningsDisabled=true on the command line, in the .mvn/maven.config file, or in project POM properties.
2026-09-23 12:36:59,077 [Worker-44: Building] WARN  o.apache.maven.project.MavenProject - Plugin is modifying testCompileSourceRoots through add(), which will not work in Maven 4.0.0. Use MavenProject.addTestCompileSourceRoot()/removeTestCompileSourceRoot() methods instead. If using a plugin, please upgrade to the latest version or report the issue to the plugin maintainer. To disable these warnings, set -Dmaven.project.sourceRoots.warningsDisabled=true on the command line, in the .mvn/maven.config file, or in project POM properties.
2026-09-23 13:10:13,114 [ModalContext] INFO  o.e.m.c.i.e.AbstractTransferListenerAdapter - Downloading https://repo.maven.apache.org/maven2/org/apache/maven/archetypes/maven-archetype-webapp/1.5/maven-archetype-webapp-1.5.pom
2026-09-23 13:10:13,140 [ModalContext] INFO  o.e.m.c.i.e.AbstractTransferListenerAdapter - Downloaded https://repo.maven.apache.org/maven2/org/apache/maven/archetypes/maven-archetype-webapp/1.5/maven-archetype-webapp-1.5.pom
2026-09-23 13:10:13,175 [ModalContext] INFO  o.e.m.c.i.e.AbstractTransferListenerAdapter - Downloading https://repo.maven.apache.org/maven2/org/apache/maven/archetypes/maven-archetype-bundles/1.5/maven-archetype-bundles-1.5.pom
2026-09-23 13:10:13,194 [ModalContext] INFO  o.e.m.c.i.e.AbstractTransferListenerAdapter - Downloaded https://repo.maven.apache.org/maven2/org/apache/maven/archetypes/maven-archetype-bundles/1.5/maven-archetype-bundles-1.5.pom
2026-09-23 13:10:13,237 [ModalContext] INFO  o.e.m.c.i.e.AbstractTransferListenerAdapter - Downloading https://repo.maven.apache.org/maven2/org/apache/maven/archetypes/maven-archetype-webapp/1.5/maven-archetype-webapp-1.5.jar
2026-09-23 13:10:13,322 [ModalContext] INFO  o.e.m.c.i.e.AbstractTransferListenerAdapter - Downloaded https://repo.maven.apache.org/maven2/org/apache/maven/archetypes/maven-archetype-webapp/1.5/maven-archetype-webapp-1.5.jar
2026-09-23 13:11:00,763 [Worker-75: Launching mavenrun-024fde86-3b66-4d11-9dba-666f846c5942] INFO  o.eclipse.m2e.core.internal.Bundles - getClasspathEntries(Bundle=org.eclipse.m2e.maven.runtime_3.9.1601.20260722-2149 [647])
2026-09-23 13:11:00,764 [Worker-75: Launching mavenrun-024fde86-3b66-4d11-9dba-666f846c5942] INFO  o.eclipse.m2e.core.internal.Bundles - 	Entry: C:\eclipse-acceso-datos\eclipse-jee\eclipse\plugins\org.eclipse.m2e.maven.runtime_3.9.1601.20260722-2149
2026-09-23 13:11:00,764 [Worker-75: Launching mavenrun-024fde86-3b66-4d11-9dba-666f846c5942] INFO  o.eclipse.m2e.core.internal.Bundles - 	Entry: C:\eclipse-acceso-datos\eclipse-jee\eclipse\plugins\org.eclipse.m2e.maven.runtime_3.9.1601.20260722-2149\jars\aopalliance-1.0.jar
2026-09-23 13:11:00,764 [Worker-75: Launching mavenrun-024fde86-3b66-4d11-9dba-666f846c5942] INFO  o.eclipse.m2e.core.internal.Bundles - 	Entry: C:\eclipse-acceso-datos\eclipse-jee\eclipse\plugins\org.eclipse.m2e.maven.runtime_3.9.1601.20260722-2149\jars\asm-9.9.1.jar
2026-09-23 13:11:00,764 [Worker-75: Launching mavenrun-024fde86-3b66-4d11-9dba-666f846c5942] INFO  o.eclipse.m2e.core.internal.Bundles - 	Entry: C:\eclipse-acceso-datos\eclipse-jee\eclipse\plugins\org.eclipse.m2e.maven.runtime_3.9.1601.20260722-2149\jars\error_prone_annotations-2.41.0.jar
2026-09-23 13:11:00,764 [Worker-75: Launching mavenrun-024fde86-3b66-4d11-9dba-666f846c5942] INFO  o.eclipse.m2e.core.internal.Bundles - 	Entry: C:\eclipse-acceso-datos\eclipse-jee\eclipse\plugins\org.eclipse.m2e.maven.runtime_3.9.1601.20260722-2149\jars\gson-2.13.2.jar
2026-09-23 13:11:00,765 [Worker-75: Launching mavenrun-024fde86-3b66-4d11-9dba-666f846c5942] INFO  o.eclipse.m2e.core.internal.Bundles - 	Entry: C:\eclipse-acceso-datos\eclipse-jee\eclipse\plugins\org.eclipse.m2e.maven.runtime_3.9.1601.20260722-2149\jars\guice-5.1.0-classes.jar
2026-09-23 13:11:00,765 [Worker-75: Launching mavenrun-024fde86-3b66-4d11-9dba-666f846c5942] INFO  o.eclipse.m2e.core.internal.Bundles - 	Entry: C:\eclipse-acceso-datos\eclipse-jee\eclipse\plugins\org.eclipse.m2e.maven.runtime_3.9.1601.20260722-2149\jars\httpclient-4.5.14.jar
2026-09-23 13:11:00,765 [Worker-75: Launching mavenrun-024fde86-3b66-4d11-9dba-666f846c5942] INFO  o.eclipse.m2e.core.internal.Bundles - 	Entry: C:\eclipse-acceso-datos\eclipse-jee\eclipse\plugins\org.eclipse.m2e.maven.runtime_3.9.1601.20260722-2149\jars\httpcore-4.4.16.jar
2026-09-23 13:11:00,765 [Worker-75: Launching mavenrun-024fde86-3b66-4d11-9dba-666f846c5942] INFO  o.eclipse.m2e.core.internal.Bundles - 	Entry: C:\eclipse-acceso-datos\eclipse-jee\eclipse\plugins\org.eclipse.m2e.maven.runtime_3.9.1601.20260722-2149\jars\jansi-2.4.3.jar
2026-09-23 13:11:00,765 [Worker-75: Launching mavenrun-024fde86-3b66-4d11-9dba-666f846c5942] INFO  o.eclipse.m2e.core.internal.Bundles - 	Entry: C:\eclipse-acceso-datos\eclipse-jee\eclipse\plugins\org.eclipse.m2e.maven.runtime_3.9.1601.20260722-2149\jars\jcl-over-slf4j-2.0.18.jar
2026-09-23 13:11:00,765 [Worker-75: Launching mavenrun-024fde86-3b66-4d11-9dba-666f846c5942] INFO  o.eclipse.m2e.core.internal.Bundles - 	Entry: C:\eclipse-acceso-datos\eclipse-jee\eclipse\plugins\org.eclipse.m2e.maven.runtime_3.9.1601.20260722-2149\jars\maven-artifact-3.9.16.jar
2026-09-23 13:11:00,765 [Worker-75: Launching mavenrun-024fde86-3b66-4d11-9dba-666f846c5942] INFO  o.eclipse.m2e.core.internal.Bundles - 	Entry: C:\eclipse-acceso-datos\eclipse-jee\eclipse\plugins\org.eclipse.m2e.maven.runtime_3.9.1601.20260722-2149\jars\maven-builder-support-3.9.16.jar
2026-09-23 13:11:00,765 [Worker-75: Launching mavenrun-024fde86-3b66-4d11-9dba-666f846c5942] INFO  o.eclipse.m2e.core.internal.Bundles - 	Entry: C:\eclipse-acceso-datos\eclipse-jee\eclipse\plugins\org.eclipse.m2e.maven.runtime_3.9.1601.20260722-2149\jars\maven-compat-3.9.16.jar
2026-09-23 13:11:00,765 [Worker-75: Launching mavenrun-024fde86-3b66-4d11-9dba-666f846c5942] INFO  o.eclipse.m2e.core.internal.Bundles - 	Entry: C:\eclipse-acceso-datos\eclipse-jee\eclipse\plugins\org.eclipse.m2e.maven.runtime_3.9.1601.20260722-2149\jars\maven-core-3.9.16.jar
2026-09-23 13:11:00,765 [Worker-75: Launching mavenrun-024fde86-3b66-4d11-9dba-666f846c5942] INFO  o.eclipse.m2e.core.internal.Bundles - 	Entry: C:\eclipse-acceso-datos\eclipse-jee\eclipse\plugins\org.eclipse.m2e.maven.runtime_3.9.1601.20260722-2149\jars\maven-embedder-3.9.16.jar
2026-09-23 13:11:00,766 [Worker-75: Launching mavenrun-024fde86-3b66-4d11-9dba-666f846c5942] INFO  o.eclipse.m2e.core.internal.Bundles - 	Entry: C:\eclipse-acceso-datos\eclipse-jee\eclipse\plugins\org.eclipse.m2e.maven.runtime_3.9.1601.20260722-2149\jars\maven-model-3.9.16.jar
2026-09-23 13:11:00,766 [Worker-75: Launching mavenrun-024fde86-3b66-4d11-9dba-666f846c5942] INFO  o.eclipse.m2e.core.internal.Bundles - 	Entry: C:\eclipse-acceso-datos\eclipse-jee\eclipse\plugins\org.eclipse.m2e.maven.runtime_3.9.1601.20260722-2149\jars\maven-model-builder-3.9.16.jar
2026-09-23 13:11:00,766 [Worker-75: Launching mavenrun-024fde86-3b66-4d11-9dba-666f846c5942] INFO  o.eclipse.m2e.core.internal.Bundles - 	Entry: C:\eclipse-acceso-datos\eclipse-jee\eclipse\plugins\org.eclipse.m2e.maven.runtime_3.9.1601.20260722-2149\jars\maven-plugin-api-3.9.16.jar
2026-09-23 13:11:00,766 [Worker-75: Launching mavenrun-024fde86-3b66-4d11-9dba-666f846c5942] INFO  o.eclipse.m2e.core.internal.Bundles - 	Entry: C:\eclipse-acceso-datos\eclipse-jee\eclipse\plugins\org.eclipse.m2e.maven.runtime_3.9.1601.20260722-2149\jars\maven-repository-metadata-3.9.16.jar
2026-09-23 13:11:00,766 [Worker-75: Launching mavenrun-024fde86-3b66-4d11-9dba-666f846c5942] INFO  o.eclipse.m2e.core.internal.Bundles - 	Entry: C:\eclipse-acceso-datos\eclipse-jee\eclipse\plugins\org.eclipse.m2e.maven.runtime_3.9.1601.20260722-2149\jars\maven-resolver-api-1.9.27.jar
2026-09-23 13:11:00,766 [Worker-75: Launching mavenrun-024fde86-3b66-4d11-9dba-666f846c5942] INFO  o.eclipse.m2e.core.internal.Bundles - 	Entry: C:\eclipse-acceso-datos\eclipse-jee\eclipse\plugins\org.eclipse.m2e.maven.runtime_3.9.1601.20260722-2149\jars\maven-resolver-connector-basic-1.9.27.jar
2026-09-23 13:11:00,766 [Worker-75: Launching mavenrun-024fde86-3b66-4d11-9dba-666f846c5942] INFO  o.eclipse.m2e.core.internal.Bundles - 	Entry: C:\eclipse-acceso-datos\eclipse-jee\eclipse\plugins\org.eclipse.m2e.maven.runtime_3.9.1601.20260722-2149\jars\maven-resolver-impl-1.9.27.jar
2026-09-23 13:11:00,766 [Worker-75: Launching mavenrun-024fde86-3b66-4d11-9dba-666f846c5942] INFO  o.eclipse.m2e.core.internal.Bundles - 	Entry: C:\eclipse-acceso-datos\eclipse-jee\eclipse\plugins\org.eclipse.m2e.maven.runtime_3.9.1601.20260722-2149\jars\maven-resolver-named-locks-1.9.27.jar
2026-09-23 13:11:00,766 [Worker-75: Launching mavenrun-024fde86-3b66-4d11-9dba-666f846c5942] INFO  o.eclipse.m2e.core.internal.Bundles - 	Entry: C:\eclipse-acceso-datos\eclipse-jee\eclipse\plugins\org.eclipse.m2e.maven.runtime_3.9.1601.20260722-2149\jars\maven-resolver-provider-3.9.16.jar
2026-09-23 13:11:00,766 [Worker-75: Launching mavenrun-024fde86-3b66-4d11-9dba-666f846c5942] INFO  o.eclipse.m2e.core.internal.Bundles - 	Entry: C:\eclipse-acceso-datos\eclipse-jee\eclipse\plugins\org.eclipse.m2e.maven.runtime_3.9.1601.20260722-2149\jars\maven-resolver-spi-1.9.27.jar
2026-09-23 13:11:00,766 [Worker-75: Launching mavenrun-024fde86-3b66-4d11-9dba-666f846c5942] INFO  o.eclipse.m2e.core.internal.Bundles - 	Entry: C:\eclipse-acceso-datos\eclipse-jee\eclipse\plugins\org.eclipse.m2e.maven.runtime_3.9.1601.20260722-2149\jars\maven-resolver-transport-file-1.9.27.jar
2026-09-23 13:11:00,767 [Worker-75: Launching mavenrun-024fde86-3b66-4d11-9dba-666f846c5942] INFO  o.eclipse.m2e.core.internal.Bundles - 	Entry: C:\eclipse-acceso-datos\eclipse-jee\eclipse\plugins\org.eclipse.m2e.maven.runtime_3.9.1601.20260722-2149\jars\maven-resolver-transport-http-1.9.27.jar
2026-09-23 13:11:00,767 [Worker-75: Launching mavenrun-024fde86-3b66-4d11-9dba-666f846c5942] INFO  o.eclipse.m2e.core.internal.Bundles - 	Entry: C:\eclipse-acceso-datos\eclipse-jee\eclipse\plugins\org.eclipse.m2e.maven.runtime_3.9.1601.20260722-2149\jars\maven-resolver-transport-wagon-1.9.27.jar
2026-09-23 13:11:00,767 [Worker-75: Launching mavenrun-024fde86-3b66-4d11-9dba-666f846c5942] INFO  o.eclipse.m2e.core.internal.Bundles - 	Entry: C:\eclipse-acceso-datos\eclipse-jee\eclipse\plugins\org.eclipse.m2e.maven.runtime_3.9.1601.20260722-2149\jars\maven-resolver-util-1.9.27.jar
2026-09-23 13:11:00,767 [Worker-75: Launching mavenrun-024fde86-3b66-4d11-9dba-666f846c5942] INFO  o.eclipse.m2e.core.internal.Bundles - 	Entry: C:\eclipse-acceso-datos\eclipse-jee\eclipse\plugins\org.eclipse.m2e.maven.runtime_3.9.1601.20260722-2149\jars\maven-settings-3.9.16.jar
2026-09-23 13:11:00,767 [Worker-75: Launching mavenrun-024fde86-3b66-4d11-9dba-666f846c5942] INFO  o.eclipse.m2e.core.internal.Bundles - 	Entry: C:\eclipse-acceso-datos\eclipse-jee\eclipse\plugins\org.eclipse.m2e.maven.runtime_3.9.1601.20260722-2149\jars\maven-settings-builder-3.9.16.jar
2026-09-23 13:11:00,767 [Worker-75: Launching mavenrun-024fde86-3b66-4d11-9dba-666f846c5942] INFO  o.eclipse.m2e.core.internal.Bundles - 	Entry: C:\eclipse-acceso-datos\eclipse-jee\eclipse\plugins\org.eclipse.m2e.maven.runtime_3.9.1601.20260722-2149\jars\maven-shared-utils-3.4.2.jar
2026-09-23 13:11:00,767 [Worker-75: Launching mavenrun-024fde86-3b66-4d11-9dba-666f846c5942] INFO  o.eclipse.m2e.core.internal.Bundles - 	Entry: C:\eclipse-acceso-datos\eclipse-jee\eclipse\plugins\org.eclipse.m2e.maven.runtime_3.9.1601.20260722-2149\jars\org.eclipse.sisu.inject-1.0.0.jar
2026-09-23 13:11:00,767 [Worker-75: Launching mavenrun-024fde86-3b66-4d11-9dba-666f846c5942] INFO  o.eclipse.m2e.core.internal.Bundles - 	Entry: C:\eclipse-acceso-datos\eclipse-jee\eclipse\plugins\org.eclipse.m2e.maven.runtime_3.9.1601.20260722-2149\jars\org.eclipse.sisu.plexus-1.0.0.jar
2026-09-23 13:11:00,767 [Worker-75: Launching mavenrun-024fde86-3b66-4d11-9dba-666f846c5942] INFO  o.eclipse.m2e.core.internal.Bundles - 	Entry: C:\eclipse-acceso-datos\eclipse-jee\eclipse\plugins\org.eclipse.m2e.maven.runtime_3.9.1601.20260722-2149\jars\plexus-build-api-0.0.7.jar
2026-09-23 13:11:00,767 [Worker-75: Launching mavenrun-024fde86-3b66-4d11-9dba-666f846c5942] INFO  o.eclipse.m2e.core.internal.Bundles - 	Entry: C:\eclipse-acceso-datos\eclipse-jee\eclipse\plugins\org.eclipse.m2e.maven.runtime_3.9.1601.20260722-2149\jars\plexus-build-api-1.2.0.jar
2026-09-23 13:11:00,768 [Worker-75: Launching mavenrun-024fde86-3b66-4d11-9dba-666f846c5942] INFO  o.eclipse.m2e.core.internal.Bundles - 	Entry: C:\eclipse-acceso-datos\eclipse-jee\eclipse\plugins\org.eclipse.m2e.maven.runtime_3.9.1601.20260722-2149\jars\plexus-cipher-2.0.jar
2026-09-23 13:11:00,768 [Worker-75: Launching mavenrun-024fde86-3b66-4d11-9dba-666f846c5942] INFO  o.eclipse.m2e.core.internal.Bundles - 	Entry: C:\eclipse-acceso-datos\eclipse-jee\eclipse\plugins\org.eclipse.m2e.maven.runtime_3.9.1601.20260722-2149\jars\plexus-classworlds-2.11.0.jar
2026-09-23 13:11:00,768 [Worker-75: Launching mavenrun-024fde86-3b66-4d11-9dba-666f846c5942] INFO  o.eclipse.m2e.core.internal.Bundles - 	Entry: C:\eclipse-acceso-datos\eclipse-jee\eclipse\plugins\org.eclipse.m2e.maven.runtime_3.9.1601.20260722-2149\jars\plexus-component-annotations-2.2.0.jar
2026-09-23 13:11:00,768 [Worker-75: Launching mavenrun-024fde86-3b66-4d11-9dba-666f846c5942] INFO  o.eclipse.m2e.core.internal.Bundles - 	Entry: C:\eclipse-acceso-datos\eclipse-jee\eclipse\plugins\org.eclipse.m2e.maven.runtime_3.9.1601.20260722-2149\jars\plexus-interpolation-1.29.jar
2026-09-23 13:11:00,768 [Worker-75: Launching mavenrun-024fde86-3b66-4d11-9dba-666f846c5942] INFO  o.eclipse.m2e.core.internal.Bundles - 	Entry: C:\eclipse-acceso-datos\eclipse-jee\eclipse\plugins\org.eclipse.m2e.maven.runtime_3.9.1601.20260722-2149\jars\plexus-sec-dispatcher-2.0.jar
2026-09-23 13:11:00,768 [Worker-75: Launching mavenrun-024fde86-3b66-4d11-9dba-666f846c5942] INFO  o.eclipse.m2e.core.internal.Bundles - 	Entry: C:\eclipse-acceso-datos\eclipse-jee\eclipse\plugins\org.eclipse.m2e.maven.runtime_3.9.1601.20260722-2149\jars\plexus-utils-3.6.1.jar
2026-09-23 13:11:00,768 [Worker-75: Launching mavenrun-024fde86-3b66-4d11-9dba-666f846c5942] INFO  o.eclipse.m2e.core.internal.Bundles - 	Entry: C:\eclipse-acceso-datos\eclipse-jee\eclipse\plugins\org.eclipse.m2e.maven.runtime_3.9.1601.20260722-2149\jars\wagon-file-3.5.3.jar
2026-09-23 13:11:00,768 [Worker-75: Launching mavenrun-024fde86-3b66-4d11-9dba-666f846c5942] INFO  o.eclipse.m2e.core.internal.Bundles - 	Entry: C:\eclipse-acceso-datos\eclipse-jee\eclipse\plugins\org.eclipse.m2e.maven.runtime_3.9.1601.20260722-2149\jars\wagon-http-3.5.3.jar
2026-09-23 13:11:00,768 [Worker-75: Launching mavenrun-024fde86-3b66-4d11-9dba-666f846c5942] INFO  o.eclipse.m2e.core.internal.Bundles - 	Entry: C:\eclipse-acceso-datos\eclipse-jee\eclipse\plugins\org.eclipse.m2e.maven.runtime_3.9.1601.20260722-2149\jars\wagon-http-shared-3.5.3.jar
2026-09-23 13:11:00,768 [Worker-75: Launching mavenrun-024fde86-3b66-4d11-9dba-666f846c5942] INFO  o.eclipse.m2e.core.internal.Bundles - 	Entry: C:\eclipse-acceso-datos\eclipse-jee\eclipse\plugins\org.eclipse.m2e.maven.runtime_3.9.1601.20260722-2149\jars\wagon-provider-api-3.5.3.jar
2026-09-23 13:11:00,769 [Worker-75: Launching mavenrun-024fde86-3b66-4d11-9dba-666f846c5942] INFO  o.eclipse.m2e.core.internal.Bundles - getClasspathEntries(Bundle=com.google.guava_33.7.1.jre [19])
2026-09-23 13:11:00,770 [Worker-75: Launching mavenrun-024fde86-3b66-4d11-9dba-666f846c5942] INFO  o.eclipse.m2e.core.internal.Bundles - 	Entry: C:\eclipse-acceso-datos\eclipse-jee\eclipse\plugins\com.google.guava_33.7.1.jre.jar
2026-09-23 13:11:00,770 [Worker-75: Launching mavenrun-024fde86-3b66-4d11-9dba-666f846c5942] INFO  o.eclipse.m2e.core.internal.Bundles - getClasspathEntries(Bundle=slf4j.api_2.0.18 [1015])
2026-09-23 13:11:00,770 [Worker-75: Launching mavenrun-024fde86-3b66-4d11-9dba-666f846c5942] INFO  o.eclipse.m2e.core.internal.Bundles - 	Entry: C:\eclipse-acceso-datos\eclipse-jee\eclipse\plugins\slf4j.api_2.0.18.jar
2026-09-23 13:11:00,770 [Worker-75: Launching mavenrun-024fde86-3b66-4d11-9dba-666f846c5942] INFO  o.eclipse.m2e.core.internal.Bundles - getClasspathEntries(Bundle=jakarta.inject.jakarta.inject-api_1.0.5 [36])
2026-09-23 13:11:00,770 [Worker-75: Launching mavenrun-024fde86-3b66-4d11-9dba-666f846c5942] INFO  o.eclipse.m2e.core.internal.Bundles - 	Entry: C:\eclipse-acceso-datos\eclipse-jee\eclipse\plugins\jakarta.inject.jakarta.inject-api_1.0.5.jar
2026-09-23 13:11:00,770 [Worker-75: Launching mavenrun-024fde86-3b66-4d11-9dba-666f846c5942] INFO  o.eclipse.m2e.core.internal.Bundles - getClasspathEntries(Bundle=jakarta.annotation-api_1.3.5 [32])
2026-09-23 13:11:00,771 [Worker-75: Launching mavenrun-024fde86-3b66-4d11-9dba-666f846c5942] INFO  o.eclipse.m2e.core.internal.Bundles - 	Entry: C:\eclipse-acceso-datos\eclipse-jee\eclipse\plugins\jakarta.annotation-api_1.3.5.jar
2026-09-23 13:11:00,771 [Worker-75: Launching mavenrun-024fde86-3b66-4d11-9dba-666f846c5942] INFO  o.eclipse.m2e.core.internal.Bundles - getClasspathEntries(Bundle=org.apache.commons.cli_1.11.0 [84])
2026-09-23 13:11:00,771 [Worker-75: Launching mavenrun-024fde86-3b66-4d11-9dba-666f846c5942] INFO  o.eclipse.m2e.core.internal.Bundles - 	Entry: C:\eclipse-acceso-datos\eclipse-jee\eclipse\plugins\org.apache.commons.cli_1.11.0.jar
2026-09-23 13:11:00,771 [Worker-75: Launching mavenrun-024fde86-3b66-4d11-9dba-666f846c5942] INFO  o.eclipse.m2e.core.internal.Bundles - getClasspathEntries(Bundle=org.apache.commons.commons-codec_1.22.1 [86])
2026-09-23 13:11:00,771 [Worker-75: Launching mavenrun-024fde86-3b66-4d11-9dba-666f846c5942] INFO  o.eclipse.m2e.core.internal.Bundles - 	Entry: C:\eclipse-acceso-datos\eclipse-jee\eclipse\plugins\org.apache.commons.commons-codec_1.22.1.jar
2026-09-23 13:11:00,771 [Worker-75: Launching mavenrun-024fde86-3b66-4d11-9dba-666f846c5942] INFO  o.eclipse.m2e.core.internal.Bundles - getClasspathEntries(Bundle=com.google.guava.failureaccess_1.0.3 [20])
2026-09-23 13:11:00,772 [Worker-75: Launching mavenrun-024fde86-3b66-4d11-9dba-666f846c5942] INFO  o.eclipse.m2e.core.internal.Bundles - 	Entry: C:\eclipse-acceso-datos\eclipse-jee\eclipse\plugins\com.google.guava.failureaccess_1.0.3.jar
2026-09-23 13:11:00,774 [Worker-75: Launching mavenrun-024fde86-3b66-4d11-9dba-666f846c5942] INFO  o.e.m.i.launch.MavenLaunchDelegate - Run build in "C:\Users\goncalda\AppData\Local\Temp\m2e-archetypeGenerator517133162070498848":
2026-09-23 13:11:00,774 [Worker-75: Launching mavenrun-024fde86-3b66-4d11-9dba-666f846c5942] INFO  o.e.m.i.launch.MavenLaunchDelegate -  mvn  -DarchetypeGroupId=org.apache.maven.archetypes -DarchetypeArtifactId=maven-archetype-webapp -DarchetypeVersion=1.5 -DgroupId=gregoriofer.local -DartifactId=webapp-example -Dversion=0.0.1-SNAPSHOT -Dpackage=gregoriofer.local.webapp_example -DoutputDirectory=D:\2DAM\acceso_datos\proyectos -Dstyle.color=always -U archetype:generate
2026-09-23 13:11:07,148 [Worker-54: Creating maven-archetype-webapp] INFO  o.e.m.c.i.p.ProjectConfigurationManager - Collecting project info '/pom.xml' D:\2DAM\acceso_datos\proyectos\webapp-example\pom.xml
2026-09-23 13:11:07,264 [Worker-54: Creating maven-archetype-webapp] INFO  o.e.m.c.i.e.AbstractTransferListenerAdapter - Downloading https://repo.maven.apache.org/maven2/org/apache/maven/plugins/maven-clean-plugin/3.4.0/maven-clean-plugin-3.4.0.jar
2026-09-23 13:11:07,451 [Worker-54: Creating maven-archetype-webapp] INFO  o.e.m.c.i.e.AbstractTransferListenerAdapter - Downloaded https://repo.maven.apache.org/maven2/org/apache/maven/plugins/maven-clean-plugin/3.4.0/maven-clean-plugin-3.4.0.jar
2026-09-23 13:11:07,544 [Worker-54: Creating maven-archetype-webapp] INFO  o.e.m.c.i.e.AbstractTransferListenerAdapter - Downloading https://repo.maven.apache.org/maven2/org/apache/maven/plugins/maven-resources-plugin/3.3.1/maven-resources-plugin-3.3.1.jar
2026-09-23 13:11:07,671 [Worker-54: Creating maven-archetype-webapp] INFO  o.e.m.c.i.e.AbstractTransferListenerAdapter - Downloaded https://repo.maven.apache.org/maven2/org/apache/maven/plugins/maven-resources-plugin/3.3.1/maven-resources-plugin-3.3.1.jar
2026-09-23 13:11:07,760 [Worker-54: Creating maven-archetype-webapp] INFO  o.e.m.c.i.e.AbstractTransferListenerAdapter - Downloading https://repo.maven.apache.org/maven2/org/apache/maven/plugins/maven-compiler-plugin/3.13.0/maven-compiler-plugin-3.13.0.jar
2026-09-23 13:11:07,781 [Worker-54: Creating maven-archetype-webapp] INFO  o.e.m.c.i.e.AbstractTransferListenerAdapter - Downloaded https://repo.maven.apache.org/maven2/org/apache/maven/plugins/maven-compiler-plugin/3.13.0/maven-compiler-plugin-3.13.0.jar
2026-09-23 13:11:07,822 [Worker-54: Creating maven-archetype-webapp] INFO  o.e.m.c.i.e.AbstractTransferListenerAdapter - Downloading https://repo.maven.apache.org/maven2/org/apache/maven/plugins/maven-surefire-plugin/3.3.0/maven-surefire-plugin-3.3.0.jar
2026-09-23 13:11:07,927 [Worker-54: Creating maven-archetype-webapp] INFO  o.e.m.c.i.e.AbstractTransferListenerAdapter - Downloaded https://repo.maven.apache.org/maven2/org/apache/maven/plugins/maven-surefire-plugin/3.3.0/maven-surefire-plugin-3.3.0.jar
2026-09-23 13:11:08,010 [Worker-54: Creating maven-archetype-webapp] INFO  o.e.m.c.i.e.AbstractTransferListenerAdapter - Downloading https://repo.maven.apache.org/maven2/org/apache/maven/plugins/maven-war-plugin/3.4.0/maven-war-plugin-3.4.0.jar
2026-09-23 13:11:08,029 [Worker-54: Creating maven-archetype-webapp] INFO  o.e.m.c.i.e.AbstractTransferListenerAdapter - Downloaded https://repo.maven.apache.org/maven2/org/apache/maven/plugins/maven-war-plugin/3.4.0/maven-war-plugin-3.4.0.jar
2026-09-23 13:11:08,065 [Worker-54: Creating maven-archetype-webapp] INFO  o.e.m.c.i.e.AbstractTransferListenerAdapter - Downloading https://repo.maven.apache.org/maven2/org/apache/maven/plugins/maven-install-plugin/3.1.2/maven-install-plugin-3.1.2.jar
2026-09-23 13:11:08,183 [Worker-54: Creating maven-archetype-webapp] INFO  o.e.m.c.i.e.AbstractTransferListenerAdapter - Downloaded https://repo.maven.apache.org/maven2/org/apache/maven/plugins/maven-install-plugin/3.1.2/maven-install-plugin-3.1.2.jar
2026-09-23 13:11:08,268 [Worker-54: Creating maven-archetype-webapp] INFO  o.e.m.c.i.e.AbstractTransferListenerAdapter - Downloading https://repo.maven.apache.org/maven2/org/apache/maven/plugins/maven-deploy-plugin/3.1.2/maven-deploy-plugin-3.1.2.jar
2026-09-23 13:11:08,401 [Worker-54: Creating maven-archetype-webapp] INFO  o.e.m.c.i.e.AbstractTransferListenerAdapter - Downloaded https://repo.maven.apache.org/maven2/org/apache/maven/plugins/maven-deploy-plugin/3.1.2/maven-deploy-plugin-3.1.2.jar
2026-09-23 13:11:08,524 [Worker-54: Creating maven-archetype-webapp] INFO  o.e.m.c.i.e.AbstractTransferListenerAdapter - Downloading https://repo.maven.apache.org/maven2/org/apache/maven/plugins/maven-compiler-plugin/3.13.0/maven-compiler-plugin-3.13.0.pom
2026-09-23 13:11:08,542 [Worker-54: Creating maven-archetype-webapp] INFO  o.e.m.c.i.e.AbstractTransferListenerAdapter - Downloaded https://repo.maven.apache.org/maven2/org/apache/maven/plugins/maven-compiler-plugin/3.13.0/maven-compiler-plugin-3.13.0.pom
2026-09-23 13:11:08,574 [Worker-54: Creating maven-archetype-webapp] INFO  o.e.m.c.i.e.AbstractTransferListenerAdapter - Downloading https://repo.maven.apache.org/maven2/org/apache/maven/plugins/maven-plugins/41/maven-plugins-41.pom
2026-09-23 13:11:08,590 [Worker-54: Creating maven-archetype-webapp] INFO  o.e.m.c.i.e.AbstractTransferListenerAdapter - Downloaded https://repo.maven.apache.org/maven2/org/apache/maven/plugins/maven-plugins/41/maven-plugins-41.pom
2026-09-23 13:11:08,735 [Worker-54: Creating maven-archetype-webapp] INFO  o.e.m.c.i.e.AbstractTransferListenerAdapter - Downloading https://repo.maven.apache.org/maven2/org/codehaus/plexus/plexus-java/1.2.0/plexus-java-1.2.0.pom
2026-09-23 13:11:08,751 [Worker-54: Creating maven-archetype-webapp] INFO  o.e.m.c.i.e.AbstractTransferListenerAdapter - Downloaded https://repo.maven.apache.org/maven2/org/codehaus/plexus/plexus-java/1.2.0/plexus-java-1.2.0.pom
2026-09-23 13:11:08,791 [Worker-54: Creating maven-archetype-webapp] INFO  o.e.m.c.i.e.AbstractTransferListenerAdapter - Downloading https://repo.maven.apache.org/maven2/org/codehaus/plexus/plexus-languages/1.2.0/plexus-languages-1.2.0.pom
2026-09-23 13:11:08,807 [Worker-54: Creating maven-archetype-webapp] INFO  o.e.m.c.i.e.AbstractTransferListenerAdapter - Downloaded https://repo.maven.apache.org/maven2/org/codehaus/plexus/plexus-languages/1.2.0/plexus-languages-1.2.0.pom
2026-09-23 13:11:08,841 [Worker-54: Creating maven-archetype-webapp] INFO  o.e.m.c.i.e.AbstractTransferListenerAdapter - Downloading https://repo.maven.apache.org/maven2/org/codehaus/plexus/plexus/15/plexus-15.pom
2026-09-23 13:11:08,858 [Worker-54: Creating maven-archetype-webapp] INFO  o.e.m.c.i.e.AbstractTransferListenerAdapter - Downloaded https://repo.maven.apache.org/maven2/org/codehaus/plexus/plexus/15/plexus-15.pom
2026-09-23 13:11:08,888 [Worker-54: Creating maven-archetype-webapp] INFO  o.e.m.c.i.e.AbstractTransferListenerAdapter - Downloading https://repo.maven.apache.org/maven2/org/junit/junit-bom/5.10.0/junit-bom-5.10.0.pom
2026-09-23 13:11:08,903 [Worker-54: Creating maven-archetype-webapp] INFO  o.e.m.c.i.e.AbstractTransferListenerAdapter - Downloaded https://repo.maven.apache.org/maven2/org/junit/junit-bom/5.10.0/junit-bom-5.10.0.pom
2026-09-23 13:11:08,937 [Worker-54: Creating maven-archetype-webapp] INFO  o.e.m.c.i.e.AbstractTransferListenerAdapter - Downloading https://repo.maven.apache.org/maven2/org/ow2/asm/asm/9.6/asm-9.6.pom
2026-09-23 13:11:08,955 [Worker-54: Creating maven-archetype-webapp] INFO  o.e.m.c.i.e.AbstractTransferListenerAdapter - Downloaded https://repo.maven.apache.org/maven2/org/ow2/asm/asm/9.6/asm-9.6.pom
2026-09-23 13:11:08,993 [Worker-54: Creating maven-archetype-webapp] INFO  o.e.m.c.i.e.AbstractTransferListenerAdapter - Downloading https://repo.maven.apache.org/maven2/com/thoughtworks/qdox/qdox/2.0.3/qdox-2.0.3.pom
2026-09-23 13:11:09,011 [Worker-54: Creating maven-archetype-webapp] INFO  o.e.m.c.i.e.AbstractTransferListenerAdapter - Downloaded https://repo.maven.apache.org/maven2/com/thoughtworks/qdox/qdox/2.0.3/qdox-2.0.3.pom
2026-09-23 13:11:09,056 [Worker-54: Creating maven-archetype-webapp] INFO  o.e.m.c.i.e.AbstractTransferListenerAdapter - Downloading https://repo.maven.apache.org/maven2/org/codehaus/plexus/plexus-compiler-api/2.15.0/plexus-compiler-api-2.15.0.pom
2026-09-23 13:11:09,072 [Worker-54: Creating maven-archetype-webapp] INFO  o.e.m.c.i.e.AbstractTransferListenerAdapter - Downloaded https://repo.maven.apache.org/maven2/org/codehaus/plexus/plexus-compiler-api/2.15.0/plexus-compiler-api-2.15.0.pom
2026-09-23 13:11:09,105 [Worker-54: Creating maven-archetype-webapp] INFO  o.e.m.c.i.e.AbstractTransferListenerAdapter - Downloading https://repo.maven.apache.org/maven2/org/codehaus/plexus/plexus-compiler/2.15.0/plexus-compiler-2.15.0.pom
2026-09-23 13:11:09,121 [Worker-54: Creating maven-archetype-webapp] INFO  o.e.m.c.i.e.AbstractTransferListenerAdapter - Downloaded https://repo.maven.apache.org/maven2/org/codehaus/plexus/plexus-compiler/2.15.0/plexus-compiler-2.15.0.pom
2026-09-23 13:11:09,153 [Worker-54: Creating maven-archetype-webapp] INFO  o.e.m.c.i.e.AbstractTransferListenerAdapter - Downloading https://repo.maven.apache.org/maven2/org/codehaus/plexus/plexus/17/plexus-17.pom
2026-09-23 13:11:09,174 [Worker-54: Creating maven-archetype-webapp] INFO  o.e.m.c.i.e.AbstractTransferListenerAdapter - Downloaded https://repo.maven.apache.org/maven2/org/codehaus/plexus/plexus/17/plexus-17.pom
2026-09-23 13:11:09,212 [Worker-54: Creating maven-archetype-webapp] INFO  o.e.m.c.i.e.AbstractTransferListenerAdapter - Downloading https://repo.maven.apache.org/maven2/org/codehaus/plexus/plexus-utils/4.0.0/plexus-utils-4.0.0.pom
2026-09-23 13:11:09,231 [Worker-54: Creating maven-archetype-webapp] INFO  o.e.m.c.i.e.AbstractTransferListenerAdapter - Downloaded https://repo.maven.apache.org/maven2/org/codehaus/plexus/plexus-utils/4.0.0/plexus-utils-4.0.0.pom
2026-09-23 13:11:09,272 [Worker-54: Creating maven-archetype-webapp] INFO  o.e.m.c.i.e.AbstractTransferListenerAdapter - Downloading https://repo.maven.apache.org/maven2/org/codehaus/plexus/plexus/13/plexus-13.pom
2026-09-23 13:11:09,288 [Worker-54: Creating maven-archetype-webapp] INFO  o.e.m.c.i.e.AbstractTransferListenerAdapter - Downloaded https://repo.maven.apache.org/maven2/org/codehaus/plexus/plexus/13/plexus-13.pom
2026-09-23 13:11:09,318 [Worker-54: Creating maven-archetype-webapp] INFO  o.e.m.c.i.e.AbstractTransferListenerAdapter - Downloading https://repo.maven.apache.org/maven2/org/junit/junit-bom/5.9.3/junit-bom-5.9.3.pom
2026-09-23 13:11:09,333 [Worker-54: Creating maven-archetype-webapp] INFO  o.e.m.c.i.e.AbstractTransferListenerAdapter - Downloaded https://repo.maven.apache.org/maven2/org/junit/junit-bom/5.9.3/junit-bom-5.9.3.pom
2026-09-23 13:11:09,367 [Worker-54: Creating maven-archetype-webapp] INFO  o.e.m.c.i.e.AbstractTransferListenerAdapter - Downloading https://repo.maven.apache.org/maven2/org/codehaus/plexus/plexus-compiler-manager/2.15.0/plexus-compiler-manager-2.15.0.pom
2026-09-23 13:11:09,381 [Worker-54: Creating maven-archetype-webapp] INFO  o.e.m.c.i.e.AbstractTransferListenerAdapter - Downloaded https://repo.maven.apache.org/maven2/org/codehaus/plexus/plexus-compiler-manager/2.15.0/plexus-compiler-manager-2.15.0.pom
2026-09-23 13:11:09,414 [Worker-54: Creating maven-archetype-webapp] INFO  o.e.m.c.i.e.AbstractTransferListenerAdapter - Downloading https://repo.maven.apache.org/maven2/org/codehaus/plexus/plexus-xml/3.0.0/plexus-xml-3.0.0.pom
2026-09-23 13:11:09,431 [Worker-54: Creating maven-archetype-webapp] INFO  o.e.m.c.i.e.AbstractTransferListenerAdapter - Downloaded https://repo.maven.apache.org/maven2/org/codehaus/plexus/plexus-xml/3.0.0/plexus-xml-3.0.0.pom
2026-09-23 13:11:09,465 [Worker-54: Creating maven-archetype-webapp] INFO  o.e.m.c.i.e.AbstractTransferListenerAdapter - Downloading https://repo.maven.apache.org/maven2/org/codehaus/plexus/plexus-compiler-javac/2.15.0/plexus-compiler-javac-2.15.0.pom
2026-09-23 13:11:09,480 [Worker-54: Creating maven-archetype-webapp] INFO  o.e.m.c.i.e.AbstractTransferListenerAdapter - Downloaded https://repo.maven.apache.org/maven2/org/codehaus/plexus/plexus-compiler-javac/2.15.0/plexus-compiler-javac-2.15.0.pom
2026-09-23 13:11:09,513 [Worker-54: Creating maven-archetype-webapp] INFO  o.e.m.c.i.e.AbstractTransferListenerAdapter - Downloading https://repo.maven.apache.org/maven2/org/codehaus/plexus/plexus-compilers/2.15.0/plexus-compilers-2.15.0.pom
2026-09-23 13:11:09,528 [Worker-54: Creating maven-archetype-webapp] INFO  o.e.m.c.i.e.AbstractTransferListenerAdapter - Downloaded https://repo.maven.apache.org/maven2/org/codehaus/plexus/plexus-compilers/2.15.0/plexus-compilers-2.15.0.pom
2026-09-23 13:11:09,568 [Worker-54: Creating maven-archetype-webapp] INFO  o.e.m.c.i.e.AbstractTransferListenerAdapter - Downloading https://repo.maven.apache.org/maven2/org/codehaus/plexus/plexus-java/1.2.0/plexus-java-1.2.0.jar
2026-09-23 13:11:09,585 [Worker-54: Creating maven-archetype-webapp] INFO  o.e.m.c.i.e.AbstractTransferListenerAdapter - Downloaded https://repo.maven.apache.org/maven2/org/codehaus/plexus/plexus-java/1.2.0/plexus-java-1.2.0.jar
2026-09-23 13:11:09,608 [BasicRepositoryConnector-repo.maven.apache.org-0-2] INFO  o.e.m.c.i.e.AbstractTransferListenerAdapter - Downloading https://repo.maven.apache.org/maven2/org/codehaus/plexus/plexus-compiler-api/2.15.0/plexus-compiler-api-2.15.0.jar
2026-09-23 13:11:09,631 [BasicRepositoryConnector-repo.maven.apache.org-0-1] INFO  o.e.m.c.i.e.AbstractTransferListenerAdapter - Downloading https://repo.maven.apache.org/maven2/com/thoughtworks/qdox/qdox/2.0.3/qdox-2.0.3.jar
2026-09-23 13:11:09,636 [BasicRepositoryConnector-repo.maven.apache.org-0-4] INFO  o.e.m.c.i.e.AbstractTransferListenerAdapter - Downloading https://repo.maven.apache.org/maven2/org/codehaus/plexus/plexus-xml/3.0.0/plexus-xml-3.0.0.jar
2026-09-23 13:11:09,637 [BasicRepositoryConnector-repo.maven.apache.org-0-3] INFO  o.e.m.c.i.e.AbstractTransferListenerAdapter - Downloading https://repo.maven.apache.org/maven2/org/codehaus/plexus/plexus-compiler-manager/2.15.0/plexus-compiler-manager-2.15.0.jar
2026-09-23 13:11:09,659 [BasicRepositoryConnector-repo.maven.apache.org-0-4] INFO  o.e.m.c.i.e.AbstractTransferListenerAdapter - Downloaded https://repo.maven.apache.org/maven2/org/codehaus/plexus/plexus-xml/3.0.0/plexus-xml-3.0.0.jar
2026-09-23 13:11:09,669 [BasicRepositoryConnector-repo.maven.apache.org-0-1] INFO  o.e.m.c.i.e.AbstractTransferListenerAdapter - Downloaded https://repo.maven.apache.org/maven2/com/thoughtworks/qdox/qdox/2.0.3/qdox-2.0.3.jar
2026-09-23 13:11:09,679 [BasicRepositoryConnector-repo.maven.apache.org-0-3] INFO  o.e.m.c.i.e.AbstractTransferListenerAdapter - Downloaded https://repo.maven.apache.org/maven2/org/codehaus/plexus/plexus-compiler-manager/2.15.0/plexus-compiler-manager-2.15.0.jar
2026-09-23 13:11:09,681 [BasicRepositoryConnector-repo.maven.apache.org-0-0] INFO  o.e.m.c.i.e.AbstractTransferListenerAdapter - Downloading https://repo.maven.apache.org/maven2/org/ow2/asm/asm/9.6/asm-9.6.jar
2026-09-23 13:11:09,689 [BasicRepositoryConnector-repo.maven.apache.org-0-4] INFO  o.e.m.c.i.e.AbstractTransferListenerAdapter - Downloading https://repo.maven.apache.org/maven2/org/codehaus/plexus/plexus-compiler-javac/2.15.0/plexus-compiler-javac-2.15.0.jar
2026-09-23 13:11:09,697 [BasicRepositoryConnector-repo.maven.apache.org-0-1] INFO  o.e.m.c.i.e.AbstractTransferListenerAdapter - Downloading https://repo.maven.apache.org/maven2/org/codehaus/plexus/plexus-utils/4.0.0/plexus-utils-4.0.0.jar
2026-09-23 13:11:09,713 [BasicRepositoryConnector-repo.maven.apache.org-0-0] INFO  o.e.m.c.i.e.AbstractTransferListenerAdapter - Downloaded https://repo.maven.apache.org/maven2/org/ow2/asm/asm/9.6/asm-9.6.jar
2026-09-23 13:11:09,726 [BasicRepositoryConnector-repo.maven.apache.org-0-1] INFO  o.e.m.c.i.e.AbstractTransferListenerAdapter - Downloaded https://repo.maven.apache.org/maven2/org/codehaus/plexus/plexus-utils/4.0.0/plexus-utils-4.0.0.jar
2026-09-23 13:11:09,791 [BasicRepositoryConnector-repo.maven.apache.org-0-2] INFO  o.e.m.c.i.e.AbstractTransferListenerAdapter - Downloaded https://repo.maven.apache.org/maven2/org/codehaus/plexus/plexus-compiler-api/2.15.0/plexus-compiler-api-2.15.0.jar
2026-09-23 13:11:09,794 [BasicRepositoryConnector-repo.maven.apache.org-0-4] INFO  o.e.m.c.i.e.AbstractTransferListenerAdapter - Downloaded https://repo.maven.apache.org/maven2/org/codehaus/plexus/plexus-compiler-javac/2.15.0/plexus-compiler-javac-2.15.0.jar
2026-09-23 13:11:09,939 [Worker-54: Creating maven-archetype-webapp] INFO  o.e.m.c.i.l.LifecycleMappingFactory - Using org.maven.ide.eclipse.wtp.WarLifecycleMapping lifecycle mapping for MavenProject: gregoriofer.local:webapp-example:0.0.1-SNAPSHOT @ D:\2DAM\acceso_datos\proyectos\webapp-example\pom.xml.
2026-09-23 13:11:09,990 [Worker-54: Creating maven-archetype-webapp] INFO  o.e.m.c.i.e.AbstractTransferListenerAdapter - Downloading https://repo.maven.apache.org/maven2/junit/junit/4.13.1/junit-4.13.1.pom
2026-09-23 13:11:10,006 [Worker-54: Creating maven-archetype-webapp] INFO  o.e.m.c.i.e.AbstractTransferListenerAdapter - Downloaded https://repo.maven.apache.org/maven2/junit/junit/4.13.1/junit-4.13.1.pom
2026-09-23 13:11:10,047 [Worker-54: Creating maven-archetype-webapp] INFO  o.e.m.c.i.e.AbstractTransferListenerAdapter - Downloading https://repo.maven.apache.org/maven2/junit/junit/4.13.1/junit-4.13.1.jar
2026-09-23 13:11:10,071 [Worker-54: Creating maven-archetype-webapp] INFO  o.e.m.c.i.e.AbstractTransferListenerAdapter - Downloaded https://repo.maven.apache.org/maven2/junit/junit/4.13.1/junit-4.13.1.jar
2026-09-23 13:11:10,118 [Worker-54: Creating maven-archetype-webapp] INFO  o.e.m.c.i.e.AbstractTransferListenerAdapter - Downloading https://repo.maven.apache.org/maven2/org/apache/maven/plugins/maven-resources-plugin/3.3.1/maven-resources-plugin-3.3.1.pom
2026-09-23 13:11:10,134 [Worker-54: Creating maven-archetype-webapp] INFO  o.e.m.c.i.e.AbstractTransferListenerAdapter - Downloaded https://repo.maven.apache.org/maven2/org/apache/maven/plugins/maven-resources-plugin/3.3.1/maven-resources-plugin-3.3.1.pom
2026-09-23 13:11:10,172 [Worker-54: Creating maven-archetype-webapp] INFO  o.e.m.c.i.e.AbstractTransferListenerAdapter - Downloading https://repo.maven.apache.org/maven2/org/apache/maven/plugins/maven-plugins/39/maven-plugins-39.pom
2026-09-23 13:11:10,187 [Worker-54: Creating maven-archetype-webapp] INFO  o.e.m.c.i.e.AbstractTransferListenerAdapter - Downloaded https://repo.maven.apache.org/maven2/org/apache/maven/plugins/maven-plugins/39/maven-plugins-39.pom
2026-09-23 13:11:10,231 [Worker-54: Creating maven-archetype-webapp] INFO  o.e.m.c.i.e.AbstractTransferListenerAdapter - Downloading https://repo.maven.apache.org/maven2/org/apache/maven/plugins/maven-surefire-plugin/3.3.0/maven-surefire-plugin-3.3.0.pom
2026-09-23 13:11:10,248 [Worker-54: Creating maven-archetype-webapp] INFO  o.e.m.c.i.e.AbstractTransferListenerAdapter - Downloaded https://repo.maven.apache.org/maven2/org/apache/maven/plugins/maven-surefire-plugin/3.3.0/maven-surefire-plugin-3.3.0.pom
2026-09-23 13:11:10,284 [Worker-54: Creating maven-archetype-webapp] INFO  o.e.m.c.i.e.AbstractTransferListenerAdapter - Downloading https://repo.maven.apache.org/maven2/org/apache/maven/surefire/surefire/3.3.0/surefire-3.3.0.pom
2026-09-23 13:11:10,302 [Worker-54: Creating maven-archetype-webapp] INFO  o.e.m.c.i.e.AbstractTransferListenerAdapter - Downloaded https://repo.maven.apache.org/maven2/org/apache/maven/surefire/surefire/3.3.0/surefire-3.3.0.pom
2026-09-23 13:11:10,371 [Worker-54: Creating maven-archetype-webapp] INFO  o.e.m.c.i.e.AbstractTransferListenerAdapter - Downloading https://repo.maven.apache.org/maven2/org/apache/maven/plugins/maven-war-plugin/3.4.0/maven-war-plugin-3.4.0.pom
2026-09-23 13:11:10,387 [Worker-54: Creating maven-archetype-webapp] INFO  o.e.m.c.i.e.AbstractTransferListenerAdapter - Downloaded https://repo.maven.apache.org/maven2/org/apache/maven/plugins/maven-war-plugin/3.4.0/maven-war-plugin-3.4.0.pom
2026-09-23 13:11:10,434 [Worker-54: Creating maven-archetype-webapp] INFO  o.e.m.c.i.e.AbstractTransferListenerAdapter - Downloading https://repo.maven.apache.org/maven2/org/apache/maven/maven-archiver/3.6.0/maven-archiver-3.6.0.pom
2026-09-23 13:11:10,451 [Worker-54: Creating maven-archetype-webapp] INFO  o.e.m.c.i.e.AbstractTransferListenerAdapter - Downloaded https://repo.maven.apache.org/maven2/org/apache/maven/maven-archiver/3.6.0/maven-archiver-3.6.0.pom
2026-09-23 13:11:10,491 [Worker-54: Creating maven-archetype-webapp] INFO  o.e.m.c.i.e.AbstractTransferListenerAdapter - Downloading https://repo.maven.apache.org/maven2/org/apache/maven/shared/maven-shared-components/36/maven-shared-components-36.pom
2026-09-23 13:11:10,510 [Worker-54: Creating maven-archetype-webapp] INFO  o.e.m.c.i.e.AbstractTransferListenerAdapter - Downloaded https://repo.maven.apache.org/maven2/org/apache/maven/shared/maven-shared-components/36/maven-shared-components-36.pom
2026-09-23 13:11:10,573 [Worker-54: Creating maven-archetype-webapp] INFO  o.e.m.c.i.e.AbstractTransferListenerAdapter - Downloading https://repo.maven.apache.org/maven2/org/codehaus/plexus/plexus-io/3.4.0/plexus-io-3.4.0.pom
2026-09-23 13:11:10,588 [Worker-54: Creating maven-archetype-webapp] INFO  o.e.m.c.i.e.AbstractTransferListenerAdapter - Downloaded https://repo.maven.apache.org/maven2/org/codehaus/plexus/plexus-io/3.4.0/plexus-io-3.4.0.pom
2026-09-23 13:11:10,628 [Worker-54: Creating maven-archetype-webapp] INFO  o.e.m.c.i.e.AbstractTransferListenerAdapter - Downloading https://repo.maven.apache.org/maven2/org/codehaus/plexus/plexus/10/plexus-10.pom
2026-09-23 13:11:10,644 [Worker-54: Creating maven-archetype-webapp] INFO  o.e.m.c.i.e.AbstractTransferListenerAdapter - Downloaded https://repo.maven.apache.org/maven2/org/codehaus/plexus/plexus/10/plexus-10.pom
2026-09-23 13:11:10,678 [Worker-54: Creating maven-archetype-webapp] INFO  o.e.m.c.i.e.AbstractTransferListenerAdapter - Downloading https://repo.maven.apache.org/maven2/org/codehaus/plexus/plexus-utils/3.5.0/plexus-utils-3.5.0.pom
2026-09-23 13:11:10,693 [Worker-54: Creating maven-archetype-webapp] INFO  o.e.m.c.i.e.AbstractTransferListenerAdapter - Downloaded https://repo.maven.apache.org/maven2/org/codehaus/plexus/plexus-utils/3.5.0/plexus-utils-3.5.0.pom
2026-09-23 13:11:10,730 [Worker-54: Creating maven-archetype-webapp] INFO  o.e.m.c.i.e.AbstractTransferListenerAdapter - Downloading https://repo.maven.apache.org/maven2/org/codehaus/plexus/plexus-archiver/4.4.0/plexus-archiver-4.4.0.pom
2026-09-23 13:11:10,744 [Worker-54: Creating maven-archetype-webapp] INFO  o.e.m.c.i.e.AbstractTransferListenerAdapter - Downloaded https://repo.maven.apache.org/maven2/org/codehaus/plexus/plexus-archiver/4.4.0/plexus-archiver-4.4.0.pom
2026-09-23 13:11:10,777 [Worker-54: Creating maven-archetype-webapp] INFO  o.e.m.c.i.e.AbstractTransferListenerAdapter - Downloading https://repo.maven.apache.org/maven2/org/apache/commons/commons-compress/1.21/commons-compress-1.21.pom
2026-09-23 13:11:10,793 [Worker-54: Creating maven-archetype-webapp] INFO  o.e.m.c.i.e.AbstractTransferListenerAdapter - Downloaded https://repo.maven.apache.org/maven2/org/apache/commons/commons-compress/1.21/commons-compress-1.21.pom
2026-09-23 13:11:10,828 [Worker-54: Creating maven-archetype-webapp] INFO  o.e.m.c.i.e.AbstractTransferListenerAdapter - Downloading https://repo.maven.apache.org/maven2/org/iq80/snappy/snappy/0.4/snappy-0.4.pom
2026-09-23 13:11:10,844 [Worker-54: Creating maven-archetype-webapp] INFO  o.e.m.c.i.e.AbstractTransferListenerAdapter - Downloaded https://repo.maven.apache.org/maven2/org/iq80/snappy/snappy/0.4/snappy-0.4.pom
2026-09-23 13:11:10,889 [Worker-54: Creating maven-archetype-webapp] INFO  o.e.m.c.i.e.AbstractTransferListenerAdapter - Downloading https://repo.maven.apache.org/maven2/org/codehaus/plexus/plexus-interpolation/1.26/plexus-interpolation-1.26.pom
2026-09-23 13:11:10,905 [Worker-54: Creating maven-archetype-webapp] INFO  o.e.m.c.i.e.AbstractTransferListenerAdapter - Downloaded https://repo.maven.apache.org/maven2/org/codehaus/plexus/plexus-interpolation/1.26/plexus-interpolation-1.26.pom
2026-09-23 13:11:10,941 [Worker-54: Creating maven-archetype-webapp] INFO  o.e.m.c.i.e.AbstractTransferListenerAdapter - Downloading https://repo.maven.apache.org/maven2/commons-io/commons-io/2.13.0/commons-io-2.13.0.pom
2026-09-23 13:11:10,961 [Worker-54: Creating maven-archetype-webapp] INFO  o.e.m.c.i.e.AbstractTransferListenerAdapter - Downloaded https://repo.maven.apache.org/maven2/commons-io/commons-io/2.13.0/commons-io-2.13.0.pom
2026-09-23 13:11:10,997 [Worker-54: Creating maven-archetype-webapp] INFO  o.e.m.c.i.e.AbstractTransferListenerAdapter - Downloading https://repo.maven.apache.org/maven2/org/apache/commons/commons-parent/58/commons-parent-58.pom
2026-09-23 13:11:11,014 [Worker-54: Creating maven-archetype-webapp] INFO  o.e.m.c.i.e.AbstractTransferListenerAdapter - Downloaded https://repo.maven.apache.org/maven2/org/apache/commons/commons-parent/58/commons-parent-58.pom
2026-09-23 13:11:11,053 [Worker-54: Creating maven-archetype-webapp] INFO  o.e.m.c.i.e.AbstractTransferListenerAdapter - Downloading https://repo.maven.apache.org/maven2/org/codehaus/plexus/plexus-archiver/4.7.1/plexus-archiver-4.7.1.pom
2026-09-23 13:11:11,068 [Worker-54: Creating maven-archetype-webapp] INFO  o.e.m.c.i.e.AbstractTransferListenerAdapter - Downloaded https://repo.maven.apache.org/maven2/org/codehaus/plexus/plexus-archiver/4.7.1/plexus-archiver-4.7.1.pom
2026-09-23 13:11:11,100 [Worker-54: Creating maven-archetype-webapp] INFO  o.e.m.c.i.e.AbstractTransferListenerAdapter - Downloading https://repo.maven.apache.org/maven2/org/codehaus/plexus/plexus-io/3.4.1/plexus-io-3.4.1.pom
2026-09-23 13:11:11,115 [Worker-54: Creating maven-archetype-webapp] INFO  o.e.m.c.i.e.AbstractTransferListenerAdapter - Downloaded https://repo.maven.apache.org/maven2/org/codehaus/plexus/plexus-io/3.4.1/plexus-io-3.4.1.pom
2026-09-23 13:11:11,152 [Worker-54: Creating maven-archetype-webapp] INFO  o.e.m.c.i.e.AbstractTransferListenerAdapter - Downloading https://repo.maven.apache.org/maven2/org/apache/commons/commons-compress/1.23.0/commons-compress-1.23.0.pom
2026-09-23 13:11:11,171 [Worker-54: Creating maven-archetype-webapp] INFO  o.e.m.c.i.e.AbstractTransferListenerAdapter - Downloaded https://repo.maven.apache.org/maven2/org/apache/commons/commons-compress/1.23.0/commons-compress-1.23.0.pom
2026-09-23 13:11:11,207 [Worker-54: Creating maven-archetype-webapp] INFO  o.e.m.c.i.e.AbstractTransferListenerAdapter - Downloading https://repo.maven.apache.org/maven2/org/apache/commons/commons-parent/56/commons-parent-56.pom
2026-09-23 13:11:11,227 [Worker-54: Creating maven-archetype-webapp] INFO  o.e.m.c.i.e.AbstractTransferListenerAdapter - Downloaded https://repo.maven.apache.org/maven2/org/apache/commons/commons-parent/56/commons-parent-56.pom
2026-09-23 13:11:11,265 [Worker-54: Creating maven-archetype-webapp] INFO  o.e.m.c.i.e.AbstractTransferListenerAdapter - Downloading https://repo.maven.apache.org/maven2/org/junit/junit-bom/5.9.1/junit-bom-5.9.1.pom
2026-09-23 13:11:11,281 [Worker-54: Creating maven-archetype-webapp] INFO  o.e.m.c.i.e.AbstractTransferListenerAdapter - Downloaded https://repo.maven.apache.org/maven2/org/junit/junit-bom/5.9.1/junit-bom-5.9.1.pom
2026-09-23 13:11:11,321 [Worker-54: Creating maven-archetype-webapp] INFO  o.e.m.c.i.e.AbstractTransferListenerAdapter - Downloading https://repo.maven.apache.org/maven2/com/github/luben/zstd-jni/1.5.5-2/zstd-jni-1.5.5-2.pom
2026-09-23 13:11:11,337 [Worker-54: Creating maven-archetype-webapp] INFO  o.e.m.c.i.e.AbstractTransferListenerAdapter - Downloaded https://repo.maven.apache.org/maven2/com/github/luben/zstd-jni/1.5.5-2/zstd-jni-1.5.5-2.pom
2026-09-23 13:11:11,368 [Worker-54: Creating maven-archetype-webapp] INFO  o.e.m.c.i.e.AbstractTransferListenerAdapter - Downloading https://repo.maven.apache.org/maven2/org/codehaus/plexus/plexus-utils/3.5.1/plexus-utils-3.5.1.pom
2026-09-23 13:11:11,384 [Worker-54: Creating maven-archetype-webapp] INFO  o.e.m.c.i.e.AbstractTransferListenerAdapter - Downloaded https://repo.maven.apache.org/maven2/org/codehaus/plexus/plexus-utils/3.5.1/plexus-utils-3.5.1.pom
2026-09-23 13:11:11,423 [Worker-54: Creating maven-archetype-webapp] INFO  o.e.m.c.i.e.AbstractTransferListenerAdapter - Downloading https://repo.maven.apache.org/maven2/org/apache/maven/shared/maven-filtering/3.3.1/maven-filtering-3.3.1.pom
2026-09-23 13:11:11,439 [Worker-54: Creating maven-archetype-webapp] INFO  o.e.m.c.i.e.AbstractTransferListenerAdapter - Downloaded https://repo.maven.apache.org/maven2/org/apache/maven/shared/maven-filtering/3.3.1/maven-filtering-3.3.1.pom
2026-09-23 13:11:11,480 [Worker-54: Creating maven-archetype-webapp] INFO  o.e.m.c.i.e.AbstractTransferListenerAdapter - Downloading https://repo.maven.apache.org/maven2/org/apache/maven/maven-core/3.0/maven-core-3.0.pom
2026-09-23 13:11:11,494 [Worker-54: Creating maven-archetype-webapp] INFO  o.e.m.c.i.e.AbstractTransferListenerAdapter - Downloaded https://repo.maven.apache.org/maven2/org/apache/maven/maven-core/3.0/maven-core-3.0.pom
2026-09-23 13:11:11,527 [Worker-54: Creating maven-archetype-webapp] INFO  o.e.m.c.i.e.AbstractTransferListenerAdapter - Downloading https://repo.maven.apache.org/maven2/org/apache/maven/maven/3.0/maven-3.0.pom
2026-09-23 13:11:11,543 [Worker-54: Creating maven-archetype-webapp] INFO  o.e.m.c.i.e.AbstractTransferListenerAdapter - Downloaded https://repo.maven.apache.org/maven2/org/apache/maven/maven/3.0/maven-3.0.pom
2026-09-23 13:11:11,577 [Worker-54: Creating maven-archetype-webapp] INFO  o.e.m.c.i.e.AbstractTransferListenerAdapter - Downloading https://repo.maven.apache.org/maven2/org/apache/maven/maven-parent/15/maven-parent-15.pom
2026-09-23 13:11:11,596 [Worker-54: Creating maven-archetype-webapp] INFO  o.e.m.c.i.e.AbstractTransferListenerAdapter - Downloaded https://repo.maven.apache.org/maven2/org/apache/maven/maven-parent/15/maven-parent-15.pom
2026-09-23 13:11:11,630 [Worker-54: Creating maven-archetype-webapp] INFO  o.e.m.c.i.e.AbstractTransferListenerAdapter - Downloading https://repo.maven.apache.org/maven2/org/apache/apache/6/apache-6.pom
2026-09-23 13:11:11,647 [Worker-54: Creating maven-archetype-webapp] INFO  o.e.m.c.i.e.AbstractTransferListenerAdapter - Downloaded https://repo.maven.apache.org/maven2/org/apache/apache/6/apache-6.pom
2026-09-23 13:11:11,679 [Worker-54: Creating maven-archetype-webapp] INFO  o.e.m.c.i.e.AbstractTransferListenerAdapter - Downloading https://repo.maven.apache.org/maven2/org/apache/maven/maven-model/3.0/maven-model-3.0.pom
2026-09-23 13:11:11,693 [Worker-54: Creating maven-archetype-webapp] INFO  o.e.m.c.i.e.AbstractTransferListenerAdapter - Downloaded https://repo.maven.apache.org/maven2/org/apache/maven/maven-model/3.0/maven-model-3.0.pom
2026-09-23 13:11:11,726 [Worker-54: Creating maven-archetype-webapp] INFO  o.e.m.c.i.e.AbstractTransferListenerAdapter - Downloading https://repo.maven.apache.org/maven2/org/apache/maven/maven-settings/3.2.5/maven-settings-3.2.5.pom
2026-09-23 13:11:11,741 [Worker-54: Creating maven-archetype-webapp] INFO  o.e.m.c.i.e.AbstractTransferListenerAdapter - Downloaded https://repo.maven.apache.org/maven2/org/apache/maven/maven-settings/3.2.5/maven-settings-3.2.5.pom
2026-09-23 13:11:11,771 [Worker-54: Creating maven-archetype-webapp] INFO  o.e.m.c.i.e.AbstractTransferListenerAdapter - Downloading https://repo.maven.apache.org/maven2/org/apache/maven/maven/3.2.5/maven-3.2.5.pom
2026-09-23 13:11:11,788 [Worker-54: Creating maven-archetype-webapp] INFO  o.e.m.c.i.e.AbstractTransferListenerAdapter - Downloaded https://repo.maven.apache.org/maven2/org/apache/maven/maven/3.2.5/maven-3.2.5.pom
2026-09-23 13:11:11,828 [Worker-54: Creating maven-archetype-webapp] INFO  o.e.m.c.i.e.AbstractTransferListenerAdapter - Downloading https://repo.maven.apache.org/maven2/org/apache/maven/maven-parent/25/maven-parent-25.pom
2026-09-23 13:11:11,844 [Worker-54: Creating maven-archetype-webapp] INFO  o.e.m.c.i.e.AbstractTransferListenerAdapter - Downloaded https://repo.maven.apache.org/maven2/org/apache/maven/maven-parent/25/maven-parent-25.pom
2026-09-23 13:11:11,903 [Worker-54: Creating maven-archetype-webapp] INFO  o.e.m.c.i.e.AbstractTransferListenerAdapter - Downloading https://repo.maven.apache.org/maven2/org/apache/maven/maven-settings-builder/3.0/maven-settings-builder-3.0.pom
2026-09-23 13:11:11,918 [Worker-54: Creating maven-archetype-webapp] INFO  o.e.m.c.i.e.AbstractTransferListenerAdapter - Downloaded https://repo.maven.apache.org/maven2/org/apache/maven/maven-settings-builder/3.0/maven-settings-builder-3.0.pom
2026-09-23 13:11:11,962 [Worker-54: Creating maven-archetype-webapp] INFO  o.e.m.c.i.e.AbstractTransferListenerAdapter - Downloading https://repo.maven.apache.org/maven2/org/codehaus/plexus/plexus-interpolation/1.14/plexus-interpolation-1.14.pom
2026-09-23 13:11:11,977 [Worker-54: Creating maven-archetype-webapp] INFO  o.e.m.c.i.e.AbstractTransferListenerAdapter - Downloaded https://repo.maven.apache.org/maven2/org/codehaus/plexus/plexus-interpolation/1.14/plexus-interpolation-1.14.pom
2026-09-23 13:11:12,011 [Worker-54: Creating maven-archetype-webapp] INFO  o.e.m.c.i.e.AbstractTransferListenerAdapter - Downloading https://repo.maven.apache.org/maven2/org/codehaus/plexus/plexus-components/1.1.18/plexus-components-1.1.18.pom
2026-09-23 13:11:12,026 [Worker-54: Creating maven-archetype-webapp] INFO  o.e.m.c.i.e.AbstractTransferListenerAdapter - Downloaded https://repo.maven.apache.org/maven2/org/codehaus/plexus/plexus-components/1.1.18/plexus-components-1.1.18.pom
2026-09-23 13:11:12,064 [Worker-54: Creating maven-archetype-webapp] INFO  o.e.m.c.i.e.AbstractTransferListenerAdapter - Downloading https://repo.maven.apache.org/maven2/org/codehaus/plexus/plexus/2.0.7/plexus-2.0.7.pom
2026-09-23 13:11:12,080 [Worker-54: Creating maven-archetype-webapp] INFO  o.e.m.c.i.e.AbstractTransferListenerAdapter - Downloaded https://repo.maven.apache.org/maven2/org/codehaus/plexus/plexus/2.0.7/plexus-2.0.7.pom
2026-09-23 13:11:12,116 [Worker-54: Creating maven-archetype-webapp] INFO  o.e.m.c.i.e.AbstractTransferListenerAdapter - Downloading https://repo.maven.apache.org/maven2/org/codehaus/plexus/plexus-component-annotations/1.5.5/plexus-component-annotations-1.5.5.pom
2026-09-23 13:11:12,130 [Worker-54: Creating maven-archetype-webapp] INFO  o.e.m.c.i.e.AbstractTransferListenerAdapter - Downloaded https://repo.maven.apache.org/maven2/org/codehaus/plexus/plexus-component-annotations/1.5.5/plexus-component-annotations-1.5.5.pom
2026-09-23 13:11:12,161 [Worker-54: Creating maven-archetype-webapp] INFO  o.e.m.c.i.e.AbstractTransferListenerAdapter - Downloading https://repo.maven.apache.org/maven2/org/codehaus/plexus/plexus-containers/1.5.5/plexus-containers-1.5.5.pom
2026-09-23 13:11:12,176 [Worker-54: Creating maven-archetype-webapp] INFO  o.e.m.c.i.e.AbstractTransferListenerAdapter - Downloaded https://repo.maven.apache.org/maven2/org/codehaus/plexus/plexus-containers/1.5.5/plexus-containers-1.5.5.pom
2026-09-23 13:11:12,206 [Worker-54: Creating maven-archetype-webapp] INFO  o.e.m.c.i.e.AbstractTransferListenerAdapter - Downloading https://repo.maven.apache.org/maven2/org/sonatype/plexus/plexus-sec-dispatcher/1.3/plexus-sec-dispatcher-1.3.pom
2026-09-23 13:11:12,221 [Worker-54: Creating maven-archetype-webapp] INFO  o.e.m.c.i.e.AbstractTransferListenerAdapter - Downloaded https://repo.maven.apache.org/maven2/org/sonatype/plexus/plexus-sec-dispatcher/1.3/plexus-sec-dispatcher-1.3.pom
2026-09-23 13:11:12,253 [Worker-54: Creating maven-archetype-webapp] INFO  o.e.m.c.i.e.AbstractTransferListenerAdapter - Downloading https://repo.maven.apache.org/maven2/org/sonatype/spice/spice-parent/12/spice-parent-12.pom
2026-09-23 13:11:12,269 [Worker-54: Creating maven-archetype-webapp] INFO  o.e.m.c.i.e.AbstractTransferListenerAdapter - Downloaded https://repo.maven.apache.org/maven2/org/sonatype/spice/spice-parent/12/spice-parent-12.pom
2026-09-23 13:11:12,301 [Worker-54: Creating maven-archetype-webapp] INFO  o.e.m.c.i.e.AbstractTransferListenerAdapter - Downloading https://repo.maven.apache.org/maven2/org/sonatype/forge/forge-parent/4/forge-parent-4.pom
2026-09-23 13:11:12,316 [Worker-54: Creating maven-archetype-webapp] INFO  o.e.m.c.i.e.AbstractTransferListenerAdapter - Downloaded https://repo.maven.apache.org/maven2/org/sonatype/forge/forge-parent/4/forge-parent-4.pom
2026-09-23 13:11:12,348 [Worker-54: Creating maven-archetype-webapp] INFO  o.e.m.c.i.e.AbstractTransferListenerAdapter - Downloading https://repo.maven.apache.org/maven2/org/sonatype/plexus/plexus-cipher/1.4/plexus-cipher-1.4.pom
2026-09-23 13:11:12,364 [Worker-54: Creating maven-archetype-webapp] INFO  o.e.m.c.i.e.AbstractTransferListenerAdapter - Downloaded https://repo.maven.apache.org/maven2/org/sonatype/plexus/plexus-cipher/1.4/plexus-cipher-1.4.pom
2026-09-23 13:11:12,392 [Worker-54: Creating maven-archetype-webapp] INFO  o.e.m.c.i.e.AbstractTransferListenerAdapter - Downloading https://repo.maven.apache.org/maven2/org/apache/maven/maven-repository-metadata/3.0/maven-repository-metadata-3.0.pom
2026-09-23 13:11:12,408 [Worker-54: Creating maven-archetype-webapp] INFO  o.e.m.c.i.e.AbstractTransferListenerAdapter - Downloaded https://repo.maven.apache.org/maven2/org/apache/maven/maven-repository-metadata/3.0/maven-repository-metadata-3.0.pom
2026-09-23 13:11:12,442 [Worker-54: Creating maven-archetype-webapp] INFO  o.e.m.c.i.e.AbstractTransferListenerAdapter - Downloading https://repo.maven.apache.org/maven2/org/apache/maven/maven-artifact/3.0/maven-artifact-3.0.pom
2026-09-23 13:11:12,458 [Worker-54: Creating maven-archetype-webapp] INFO  o.e.m.c.i.e.AbstractTransferListenerAdapter - Downloaded https://repo.maven.apache.org/maven2/org/apache/maven/maven-artifact/3.0/maven-artifact-3.0.pom
2026-09-23 13:11:12,494 [Worker-54: Creating maven-archetype-webapp] INFO  o.e.m.c.i.e.AbstractTransferListenerAdapter - Downloading https://repo.maven.apache.org/maven2/org/apache/maven/maven-plugin-api/3.0/maven-plugin-api-3.0.pom
2026-09-23 13:11:12,509 [Worker-54: Creating maven-archetype-webapp] INFO  o.e.m.c.i.e.AbstractTransferListenerAdapter - Downloaded https://repo.maven.apache.org/maven2/org/apache/maven/maven-plugin-api/3.0/maven-plugin-api-3.0.pom
2026-09-23 13:11:12,543 [Worker-54: Creating maven-archetype-webapp] INFO  o.e.m.c.i.e.AbstractTransferListenerAdapter - Downloading https://repo.maven.apache.org/maven2/org/sonatype/sisu/sisu-inject-plexus/1.4.2/sisu-inject-plexus-1.4.2.pom
2026-09-23 13:11:12,557 [Worker-54: Creating maven-archetype-webapp] INFO  o.e.m.c.i.e.AbstractTransferListenerAdapter - Downloaded https://repo.maven.apache.org/maven2/org/sonatype/sisu/sisu-inject-plexus/1.4.2/sisu-inject-plexus-1.4.2.pom
2026-09-23 13:11:12,590 [Worker-54: Creating maven-archetype-webapp] INFO  o.e.m.c.i.e.AbstractTransferListenerAdapter - Downloading https://repo.maven.apache.org/maven2/org/sonatype/sisu/inject/guice-plexus/1.4.2/guice-plexus-1.4.2.pom
2026-09-23 13:11:12,606 [Worker-54: Creating maven-archetype-webapp] INFO  o.e.m.c.i.e.AbstractTransferListenerAdapter - Downloaded https://repo.maven.apache.org/maven2/org/sonatype/sisu/inject/guice-plexus/1.4.2/guice-plexus-1.4.2.pom
2026-09-23 13:11:12,639 [Worker-54: Creating maven-archetype-webapp] INFO  o.e.m.c.i.e.AbstractTransferListenerAdapter - Downloading https://repo.maven.apache.org/maven2/org/sonatype/sisu/inject/guice-bean/1.4.2/guice-bean-1.4.2.pom
2026-09-23 13:11:12,654 [Worker-54: Creating maven-archetype-webapp] INFO  o.e.m.c.i.e.AbstractTransferListenerAdapter - Downloaded https://repo.maven.apache.org/maven2/org/sonatype/sisu/inject/guice-bean/1.4.2/guice-bean-1.4.2.pom
2026-09-23 13:11:12,692 [Worker-54: Creating maven-archetype-webapp] INFO  o.e.m.c.i.e.AbstractTransferListenerAdapter - Downloading https://repo.maven.apache.org/maven2/org/sonatype/sisu/sisu-inject/1.4.2/sisu-inject-1.4.2.pom
2026-09-23 13:11:12,707 [Worker-54: Creating maven-archetype-webapp] INFO  o.e.m.c.i.e.AbstractTransferListenerAdapter - Downloaded https://repo.maven.apache.org/maven2/org/sonatype/sisu/sisu-inject/1.4.2/sisu-inject-1.4.2.pom
2026-09-23 13:11:12,744 [Worker-54: Creating maven-archetype-webapp] INFO  o.e.m.c.i.e.AbstractTransferListenerAdapter - Downloading https://repo.maven.apache.org/maven2/org/sonatype/sisu/sisu-parent/1.4.2/sisu-parent-1.4.2.pom
2026-09-23 13:11:12,759 [Worker-54: Creating maven-archetype-webapp] INFO  o.e.m.c.i.e.AbstractTransferListenerAdapter - Downloaded https://repo.maven.apache.org/maven2/org/sonatype/sisu/sisu-parent/1.4.2/sisu-parent-1.4.2.pom
2026-09-23 13:11:12,789 [Worker-54: Creating maven-archetype-webapp] INFO  o.e.m.c.i.e.AbstractTransferListenerAdapter - Downloading https://repo.maven.apache.org/maven2/org/sonatype/forge/forge-parent/6/forge-parent-6.pom
2026-09-23 13:11:12,805 [Worker-54: Creating maven-archetype-webapp] INFO  o.e.m.c.i.e.AbstractTransferListenerAdapter - Downloaded https://repo.maven.apache.org/maven2/org/sonatype/forge/forge-parent/6/forge-parent-6.pom
2026-09-23 13:11:12,835 [Worker-54: Creating maven-archetype-webapp] INFO  o.e.m.c.i.e.AbstractTransferListenerAdapter - Downloading https://repo.maven.apache.org/maven2/org/codehaus/plexus/plexus-component-annotations/1.5.4/plexus-component-annotations-1.5.4.pom
2026-09-23 13:11:12,849 [Worker-54: Creating maven-archetype-webapp] INFO  o.e.m.c.i.e.AbstractTransferListenerAdapter - Downloaded https://repo.maven.apache.org/maven2/org/codehaus/plexus/plexus-component-annotations/1.5.4/plexus-component-annotations-1.5.4.pom
2026-09-23 13:11:12,882 [Worker-54: Creating maven-archetype-webapp] INFO  o.e.m.c.i.e.AbstractTransferListenerAdapter - Downloading https://repo.maven.apache.org/maven2/org/codehaus/plexus/plexus-containers/1.5.4/plexus-containers-1.5.4.pom
2026-09-23 13:11:12,897 [Worker-54: Creating maven-archetype-webapp] INFO  o.e.m.c.i.e.AbstractTransferListenerAdapter - Downloaded https://repo.maven.apache.org/maven2/org/codehaus/plexus/plexus-containers/1.5.4/plexus-containers-1.5.4.pom
2026-09-23 13:11:12,929 [Worker-54: Creating maven-archetype-webapp] INFO  o.e.m.c.i.e.AbstractTransferListenerAdapter - Downloading https://repo.maven.apache.org/maven2/org/codehaus/plexus/plexus/2.0.5/plexus-2.0.5.pom
2026-09-23 13:11:12,946 [Worker-54: Creating maven-archetype-webapp] INFO  o.e.m.c.i.e.AbstractTransferListenerAdapter - Downloaded https://repo.maven.apache.org/maven2/org/codehaus/plexus/plexus/2.0.5/plexus-2.0.5.pom
2026-09-23 13:11:12,981 [Worker-54: Creating maven-archetype-webapp] INFO  o.e.m.c.i.e.AbstractTransferListenerAdapter - Downloading https://repo.maven.apache.org/maven2/org/codehaus/plexus/plexus-classworlds/2.2.3/plexus-classworlds-2.2.3.pom
2026-09-23 13:11:12,997 [Worker-54: Creating maven-archetype-webapp] INFO  o.e.m.c.i.e.AbstractTransferListenerAdapter - Downloaded https://repo.maven.apache.org/maven2/org/codehaus/plexus/plexus-classworlds/2.2.3/plexus-classworlds-2.2.3.pom
2026-09-23 13:11:13,029 [Worker-54: Creating maven-archetype-webapp] INFO  o.e.m.c.i.e.AbstractTransferListenerAdapter - Downloading https://repo.maven.apache.org/maven2/org/codehaus/plexus/plexus/2.0.6/plexus-2.0.6.pom
2026-09-23 13:11:13,046 [Worker-54: Creating maven-archetype-webapp] INFO  o.e.m.c.i.e.AbstractTransferListenerAdapter - Downloaded https://repo.maven.apache.org/maven2/org/codehaus/plexus/plexus/2.0.6/plexus-2.0.6.pom
2026-09-23 13:11:13,077 [Worker-54: Creating maven-archetype-webapp] INFO  o.e.m.c.i.e.AbstractTransferListenerAdapter - Downloading https://repo.maven.apache.org/maven2/org/sonatype/sisu/sisu-inject-bean/1.4.2/sisu-inject-bean-1.4.2.pom
2026-09-23 13:11:13,093 [Worker-54: Creating maven-archetype-webapp] INFO  o.e.m.c.i.e.AbstractTransferListenerAdapter - Downloaded https://repo.maven.apache.org/maven2/org/sonatype/sisu/sisu-inject-bean/1.4.2/sisu-inject-bean-1.4.2.pom
2026-09-23 13:11:13,125 [Worker-54: Creating maven-archetype-webapp] INFO  o.e.m.c.i.e.AbstractTransferListenerAdapter - Downloading https://repo.maven.apache.org/maven2/org/sonatype/sisu/sisu-guice/2.1.7/sisu-guice-2.1.7.pom
2026-09-23 13:11:13,151 [Worker-54: Creating maven-archetype-webapp] INFO  o.e.m.c.i.e.AbstractTransferListenerAdapter - Downloaded https://repo.maven.apache.org/maven2/org/sonatype/sisu/sisu-guice/2.1.7/sisu-guice-2.1.7.pom
2026-09-23 13:11:13,193 [Worker-54: Creating maven-archetype-webapp] INFO  o.e.m.c.i.e.AbstractTransferListenerAdapter - Downloading https://repo.maven.apache.org/maven2/org/apache/maven/maven-model-builder/3.0/maven-model-builder-3.0.pom
2026-09-23 13:11:13,210 [Worker-54: Creating maven-archetype-webapp] INFO  o.e.m.c.i.e.AbstractTransferListenerAdapter - Downloaded https://repo.maven.apache.org/maven2/org/apache/maven/maven-model-builder/3.0/maven-model-builder-3.0.pom
2026-09-23 13:11:13,248 [Worker-54: Creating maven-archetype-webapp] INFO  o.e.m.c.i.e.AbstractTransferListenerAdapter - Downloading https://repo.maven.apache.org/maven2/org/apache/maven/maven-aether-provider/3.0/maven-aether-provider-3.0.pom
2026-09-23 13:11:13,265 [Worker-54: Creating maven-archetype-webapp] INFO  o.e.m.c.i.e.AbstractTransferListenerAdapter - Downloaded https://repo.maven.apache.org/maven2/org/apache/maven/maven-aether-provider/3.0/maven-aether-provider-3.0.pom
2026-09-23 13:11:13,300 [Worker-54: Creating maven-archetype-webapp] INFO  o.e.m.c.i.e.AbstractTransferListenerAdapter - Downloading https://repo.maven.apache.org/maven2/org/sonatype/aether/aether-api/1.7/aether-api-1.7.pom
2026-09-23 13:11:13,315 [Worker-54: Creating maven-archetype-webapp] INFO  o.e.m.c.i.e.AbstractTransferListenerAdapter - Downloaded https://repo.maven.apache.org/maven2/org/sonatype/aether/aether-api/1.7/aether-api-1.7.pom
2026-09-23 13:11:13,354 [Worker-54: Creating maven-archetype-webapp] INFO  o.e.m.c.i.e.AbstractTransferListenerAdapter - Downloading https://repo.maven.apache.org/maven2/org/sonatype/aether/aether-parent/1.7/aether-parent-1.7.pom
2026-09-23 13:11:13,371 [Worker-54: Creating maven-archetype-webapp] INFO  o.e.m.c.i.e.AbstractTransferListenerAdapter - Downloaded https://repo.maven.apache.org/maven2/org/sonatype/aether/aether-parent/1.7/aether-parent-1.7.pom
2026-09-23 13:11:13,402 [Worker-54: Creating maven-archetype-webapp] INFO  o.e.m.c.i.e.AbstractTransferListenerAdapter - Downloading https://repo.maven.apache.org/maven2/org/sonatype/aether/aether-util/1.7/aether-util-1.7.pom
2026-09-23 13:11:13,417 [Worker-54: Creating maven-archetype-webapp] INFO  o.e.m.c.i.e.AbstractTransferListenerAdapter - Downloaded https://repo.maven.apache.org/maven2/org/sonatype/aether/aether-util/1.7/aether-util-1.7.pom
2026-09-23 13:11:13,450 [Worker-54: Creating maven-archetype-webapp] INFO  o.e.m.c.i.e.AbstractTransferListenerAdapter - Downloading https://repo.maven.apache.org/maven2/org/sonatype/aether/aether-impl/1.7/aether-impl-1.7.pom
2026-09-23 13:11:13,465 [Worker-54: Creating maven-archetype-webapp] INFO  o.e.m.c.i.e.AbstractTransferListenerAdapter - Downloaded https://repo.maven.apache.org/maven2/org/sonatype/aether/aether-impl/1.7/aether-impl-1.7.pom
2026-09-23 13:11:13,497 [Worker-54: Creating maven-archetype-webapp] INFO  o.e.m.c.i.e.AbstractTransferListenerAdapter - Downloading https://repo.maven.apache.org/maven2/org/sonatype/aether/aether-spi/1.7/aether-spi-1.7.pom
2026-09-23 13:11:13,513 [Worker-54: Creating maven-archetype-webapp] INFO  o.e.m.c.i.e.AbstractTransferListenerAdapter - Downloaded https://repo.maven.apache.org/maven2/org/sonatype/aether/aether-spi/1.7/aether-spi-1.7.pom
2026-09-23 13:11:13,561 [Worker-54: Creating maven-archetype-webapp] INFO  o.e.m.c.i.e.AbstractTransferListenerAdapter - Downloading https://repo.maven.apache.org/maven2/org/apache/maven/maven-archiver/3.6.0/maven-archiver-3.6.0.jar
2026-09-23 13:11:13,676 [Worker-54: Creating maven-archetype-webapp] INFO  o.e.m.c.i.e.AbstractTransferListenerAdapter - Downloaded https://repo.maven.apache.org/maven2/org/apache/maven/maven-archiver/3.6.0/maven-archiver-3.6.0.jar
2026-09-23 13:11:13,699 [BasicRepositoryConnector-repo.maven.apache.org-1-0] INFO  o.e.m.c.i.e.AbstractTransferListenerAdapter - Downloading https://repo.maven.apache.org/maven2/org/codehaus/plexus/plexus-io/3.4.0/plexus-io-3.4.0.jar
2026-09-23 13:11:13,699 [BasicRepositoryConnector-repo.maven.apache.org-1-1] INFO  o.e.m.c.i.e.AbstractTransferListenerAdapter - Downloading https://repo.maven.apache.org/maven2/commons-io/commons-io/2.13.0/commons-io-2.13.0.jar
2026-09-23 13:11:13,700 [BasicRepositoryConnector-repo.maven.apache.org-1-3] INFO  o.e.m.c.i.e.AbstractTransferListenerAdapter - Downloading https://repo.maven.apache.org/maven2/org/apache/commons/commons-compress/1.23.0/commons-compress-1.23.0.jar
2026-09-23 13:11:13,708 [BasicRepositoryConnector-repo.maven.apache.org-1-2] INFO  o.e.m.c.i.e.AbstractTransferListenerAdapter - Downloading https://repo.maven.apache.org/maven2/org/codehaus/plexus/plexus-archiver/4.7.1/plexus-archiver-4.7.1.jar
2026-09-23 13:11:13,720 [BasicRepositoryConnector-repo.maven.apache.org-1-4] INFO  o.e.m.c.i.e.AbstractTransferListenerAdapter - Downloading https://repo.maven.apache.org/maven2/org/iq80/snappy/snappy/0.4/snappy-0.4.jar
2026-09-23 13:11:13,726 [BasicRepositoryConnector-repo.maven.apache.org-1-1] INFO  o.e.m.c.i.e.AbstractTransferListenerAdapter - Downloaded https://repo.maven.apache.org/maven2/commons-io/commons-io/2.13.0/commons-io-2.13.0.jar
2026-09-23 13:11:13,729 [BasicRepositoryConnector-repo.maven.apache.org-1-0] INFO  o.e.m.c.i.e.AbstractTransferListenerAdapter - Downloaded https://repo.maven.apache.org/maven2/org/codehaus/plexus/plexus-io/3.4.0/plexus-io-3.4.0.jar
2026-09-23 13:11:13,729 [BasicRepositoryConnector-repo.maven.apache.org-1-2] INFO  o.e.m.c.i.e.AbstractTransferListenerAdapter - Downloaded https://repo.maven.apache.org/maven2/org/codehaus/plexus/plexus-archiver/4.7.1/plexus-archiver-4.7.1.jar
2026-09-23 13:11:13,738 [BasicRepositoryConnector-repo.maven.apache.org-1-4] INFO  o.e.m.c.i.e.AbstractTransferListenerAdapter - Downloaded https://repo.maven.apache.org/maven2/org/iq80/snappy/snappy/0.4/snappy-0.4.jar
2026-09-23 13:11:13,740 [BasicRepositoryConnector-repo.maven.apache.org-1-3] INFO  o.e.m.c.i.e.AbstractTransferListenerAdapter - Downloaded https://repo.maven.apache.org/maven2/org/apache/commons/commons-compress/1.23.0/commons-compress-1.23.0.jar
2026-09-23 13:11:13,754 [BasicRepositoryConnector-repo.maven.apache.org-1-2] INFO  o.e.m.c.i.e.AbstractTransferListenerAdapter - Downloading https://repo.maven.apache.org/maven2/com/github/luben/zstd-jni/1.5.5-2/zstd-jni-1.5.5-2.jar
2026-09-23 13:11:13,756 [BasicRepositoryConnector-repo.maven.apache.org-1-0] INFO  o.e.m.c.i.e.AbstractTransferListenerAdapter - Downloading https://repo.maven.apache.org/maven2/org/codehaus/plexus/plexus-interpolation/1.26/plexus-interpolation-1.26.jar
2026-09-23 13:11:13,767 [BasicRepositoryConnector-repo.maven.apache.org-1-4] INFO  o.e.m.c.i.e.AbstractTransferListenerAdapter - Downloading https://repo.maven.apache.org/maven2/org/codehaus/plexus/plexus-utils/3.5.1/plexus-utils-3.5.1.jar
2026-09-23 13:11:13,767 [BasicRepositoryConnector-repo.maven.apache.org-1-1] INFO  o.e.m.c.i.e.AbstractTransferListenerAdapter - Downloading https://repo.maven.apache.org/maven2/org/tukaani/xz/1.9/xz-1.9.jar
2026-09-23 13:11:13,774 [BasicRepositoryConnector-repo.maven.apache.org-1-3] INFO  o.e.m.c.i.e.AbstractTransferListenerAdapter - Downloading https://repo.maven.apache.org/maven2/org/apache/maven/shared/maven-filtering/3.3.1/maven-filtering-3.3.1.jar
2026-09-23 13:11:13,774 [BasicRepositoryConnector-repo.maven.apache.org-1-0] INFO  o.e.m.c.i.e.AbstractTransferListenerAdapter - Downloaded https://repo.maven.apache.org/maven2/org/codehaus/plexus/plexus-interpolation/1.26/plexus-interpolation-1.26.jar
2026-09-23 13:11:13,788 [BasicRepositoryConnector-repo.maven.apache.org-1-1] INFO  o.e.m.c.i.e.AbstractTransferListenerAdapter - Downloaded https://repo.maven.apache.org/maven2/org/tukaani/xz/1.9/xz-1.9.jar
2026-09-23 13:11:13,790 [BasicRepositoryConnector-repo.maven.apache.org-1-3] INFO  o.e.m.c.i.e.AbstractTransferListenerAdapter - Downloaded https://repo.maven.apache.org/maven2/org/apache/maven/shared/maven-filtering/3.3.1/maven-filtering-3.3.1.jar
2026-09-23 13:11:13,804 [BasicRepositoryConnector-repo.maven.apache.org-1-0] INFO  o.e.m.c.i.e.AbstractTransferListenerAdapter - Downloading https://repo.maven.apache.org/maven2/org/apache/maven/maven-core/3.0/maven-core-3.0.jar
2026-09-23 13:11:13,815 [BasicRepositoryConnector-repo.maven.apache.org-1-3] INFO  o.e.m.c.i.e.AbstractTransferListenerAdapter - Downloading https://repo.maven.apache.org/maven2/org/apache/maven/maven-settings-builder/3.0/maven-settings-builder-3.0.jar
2026-09-23 13:11:13,817 [BasicRepositoryConnector-repo.maven.apache.org-1-4] INFO  o.e.m.c.i.e.AbstractTransferListenerAdapter - Downloaded https://repo.maven.apache.org/maven2/org/codehaus/plexus/plexus-utils/3.5.1/plexus-utils-3.5.1.jar
2026-09-23 13:11:13,835 [BasicRepositoryConnector-repo.maven.apache.org-1-0] INFO  o.e.m.c.i.e.AbstractTransferListenerAdapter - Downloaded https://repo.maven.apache.org/maven2/org/apache/maven/maven-core/3.0/maven-core-3.0.jar
2026-09-23 13:11:13,835 [BasicRepositoryConnector-repo.maven.apache.org-1-1] INFO  o.e.m.c.i.e.AbstractTransferListenerAdapter - Downloading https://repo.maven.apache.org/maven2/org/apache/maven/maven-model/3.0/maven-model-3.0.jar
2026-09-23 13:11:13,839 [BasicRepositoryConnector-repo.maven.apache.org-1-4] INFO  o.e.m.c.i.e.AbstractTransferListenerAdapter - Downloading https://repo.maven.apache.org/maven2/org/apache/maven/maven-repository-metadata/3.0/maven-repository-metadata-3.0.jar
2026-09-23 13:11:13,846 [BasicRepositoryConnector-repo.maven.apache.org-1-2] INFO  o.e.m.c.i.e.AbstractTransferListenerAdapter - Downloaded https://repo.maven.apache.org/maven2/com/github/luben/zstd-jni/1.5.5-2/zstd-jni-1.5.5-2.jar
2026-09-23 13:11:13,858 [BasicRepositoryConnector-repo.maven.apache.org-1-0] INFO  o.e.m.c.i.e.AbstractTransferListenerAdapter - Downloading https://repo.maven.apache.org/maven2/org/apache/maven/maven-artifact/3.0/maven-artifact-3.0.jar
2026-09-23 13:11:13,858 [BasicRepositoryConnector-repo.maven.apache.org-1-1] INFO  o.e.m.c.i.e.AbstractTransferListenerAdapter - Downloaded https://repo.maven.apache.org/maven2/org/apache/maven/maven-model/3.0/maven-model-3.0.jar
2026-09-23 13:11:13,869 [BasicRepositoryConnector-repo.maven.apache.org-1-2] INFO  o.e.m.c.i.e.AbstractTransferListenerAdapter - Downloading https://repo.maven.apache.org/maven2/org/apache/maven/maven-plugin-api/3.0/maven-plugin-api-3.0.jar
2026-09-23 13:11:13,878 [BasicRepositoryConnector-repo.maven.apache.org-1-0] INFO  o.e.m.c.i.e.AbstractTransferListenerAdapter - Downloaded https://repo.maven.apache.org/maven2/org/apache/maven/maven-artifact/3.0/maven-artifact-3.0.jar
2026-09-23 13:11:13,883 [BasicRepositoryConnector-repo.maven.apache.org-1-1] INFO  o.e.m.c.i.e.AbstractTransferListenerAdapter - Downloading https://repo.maven.apache.org/maven2/org/apache/maven/maven-model-builder/3.0/maven-model-builder-3.0.jar
2026-09-23 13:11:13,901 [BasicRepositoryConnector-repo.maven.apache.org-1-1] INFO  o.e.m.c.i.e.AbstractTransferListenerAdapter - Downloaded https://repo.maven.apache.org/maven2/org/apache/maven/maven-model-builder/3.0/maven-model-builder-3.0.jar
2026-09-23 13:11:13,903 [BasicRepositoryConnector-repo.maven.apache.org-1-0] INFO  o.e.m.c.i.e.AbstractTransferListenerAdapter - Downloading https://repo.maven.apache.org/maven2/org/apache/maven/maven-aether-provider/3.0/maven-aether-provider-3.0.jar
2026-09-23 13:11:13,920 [BasicRepositoryConnector-repo.maven.apache.org-1-0] INFO  o.e.m.c.i.e.AbstractTransferListenerAdapter - Downloaded https://repo.maven.apache.org/maven2/org/apache/maven/maven-aether-provider/3.0/maven-aether-provider-3.0.jar
2026-09-23 13:11:13,927 [BasicRepositoryConnector-repo.maven.apache.org-1-1] INFO  o.e.m.c.i.e.AbstractTransferListenerAdapter - Downloading https://repo.maven.apache.org/maven2/org/sonatype/aether/aether-impl/1.7/aether-impl-1.7.jar
2026-09-23 13:11:13,941 [BasicRepositoryConnector-repo.maven.apache.org-1-0] INFO  o.e.m.c.i.e.AbstractTransferListenerAdapter - Downloading https://repo.maven.apache.org/maven2/org/sonatype/aether/aether-spi/1.7/aether-spi-1.7.jar
2026-09-23 13:11:13,945 [BasicRepositoryConnector-repo.maven.apache.org-1-1] INFO  o.e.m.c.i.e.AbstractTransferListenerAdapter - Downloaded https://repo.maven.apache.org/maven2/org/sonatype/aether/aether-impl/1.7/aether-impl-1.7.jar
2026-09-23 13:11:13,969 [BasicRepositoryConnector-repo.maven.apache.org-1-1] INFO  o.e.m.c.i.e.AbstractTransferListenerAdapter - Downloading https://repo.maven.apache.org/maven2/org/sonatype/aether/aether-api/1.7/aether-api-1.7.jar
2026-09-23 13:11:13,986 [BasicRepositoryConnector-repo.maven.apache.org-1-4] INFO  o.e.m.c.i.e.AbstractTransferListenerAdapter - Downloaded https://repo.maven.apache.org/maven2/org/apache/maven/maven-repository-metadata/3.0/maven-repository-metadata-3.0.jar
2026-09-23 13:11:13,989 [BasicRepositoryConnector-repo.maven.apache.org-1-1] INFO  o.e.m.c.i.e.AbstractTransferListenerAdapter - Downloaded https://repo.maven.apache.org/maven2/org/sonatype/aether/aether-api/1.7/aether-api-1.7.jar
2026-09-23 13:11:14,010 [BasicRepositoryConnector-repo.maven.apache.org-1-4] INFO  o.e.m.c.i.e.AbstractTransferListenerAdapter - Downloading https://repo.maven.apache.org/maven2/org/sonatype/aether/aether-util/1.7/aether-util-1.7.jar
2026-09-23 13:11:14,013 [BasicRepositoryConnector-repo.maven.apache.org-1-1] INFO  o.e.m.c.i.e.AbstractTransferListenerAdapter - Downloading https://repo.maven.apache.org/maven2/org/sonatype/sisu/sisu-inject-plexus/1.4.2/sisu-inject-plexus-1.4.2.jar
2026-09-23 13:11:14,033 [BasicRepositoryConnector-repo.maven.apache.org-1-1] INFO  o.e.m.c.i.e.AbstractTransferListenerAdapter - Downloaded https://repo.maven.apache.org/maven2/org/sonatype/sisu/sisu-inject-plexus/1.4.2/sisu-inject-plexus-1.4.2.jar
2026-09-23 13:11:14,035 [BasicRepositoryConnector-repo.maven.apache.org-1-4] INFO  o.e.m.c.i.e.AbstractTransferListenerAdapter - Downloaded https://repo.maven.apache.org/maven2/org/sonatype/aether/aether-util/1.7/aether-util-1.7.jar
2026-09-23 13:11:14,058 [BasicRepositoryConnector-repo.maven.apache.org-1-1] INFO  o.e.m.c.i.e.AbstractTransferListenerAdapter - Downloading https://repo.maven.apache.org/maven2/org/sonatype/sisu/sisu-inject-bean/1.4.2/sisu-inject-bean-1.4.2.jar
2026-09-23 13:11:14,060 [BasicRepositoryConnector-repo.maven.apache.org-1-4] INFO  o.e.m.c.i.e.AbstractTransferListenerAdapter - Downloading https://repo.maven.apache.org/maven2/org/sonatype/sisu/sisu-guice/2.1.7/sisu-guice-2.1.7-noaop.jar
2026-09-23 13:11:14,079 [BasicRepositoryConnector-repo.maven.apache.org-1-1] INFO  o.e.m.c.i.e.AbstractTransferListenerAdapter - Downloaded https://repo.maven.apache.org/maven2/org/sonatype/sisu/sisu-inject-bean/1.4.2/sisu-inject-bean-1.4.2.jar
2026-09-23 13:11:14,081 [BasicRepositoryConnector-repo.maven.apache.org-1-4] INFO  o.e.m.c.i.e.AbstractTransferListenerAdapter - Downloaded https://repo.maven.apache.org/maven2/org/sonatype/sisu/sisu-guice/2.1.7/sisu-guice-2.1.7-noaop.jar
2026-09-23 13:11:14,087 [BasicRepositoryConnector-repo.maven.apache.org-1-0] INFO  o.e.m.c.i.e.AbstractTransferListenerAdapter - Downloaded https://repo.maven.apache.org/maven2/org/sonatype/aether/aether-spi/1.7/aether-spi-1.7.jar
2026-09-23 13:11:14,101 [BasicRepositoryConnector-repo.maven.apache.org-1-1] INFO  o.e.m.c.i.e.AbstractTransferListenerAdapter - Downloading https://repo.maven.apache.org/maven2/org/codehaus/plexus/plexus-classworlds/2.2.3/plexus-classworlds-2.2.3.jar
2026-09-23 13:11:14,107 [BasicRepositoryConnector-repo.maven.apache.org-1-4] INFO  o.e.m.c.i.e.AbstractTransferListenerAdapter - Downloading https://repo.maven.apache.org/maven2/org/codehaus/plexus/plexus-component-annotations/1.5.5/plexus-component-annotations-1.5.5.jar
2026-09-23 13:11:14,117 [BasicRepositoryConnector-repo.maven.apache.org-1-3] INFO  o.e.m.c.i.e.AbstractTransferListenerAdapter - Downloaded https://repo.maven.apache.org/maven2/org/apache/maven/maven-settings-builder/3.0/maven-settings-builder-3.0.jar
2026-09-23 13:11:14,139 [BasicRepositoryConnector-repo.maven.apache.org-1-4] INFO  o.e.m.c.i.e.AbstractTransferListenerAdapter - Downloaded https://repo.maven.apache.org/maven2/org/codehaus/plexus/plexus-component-annotations/1.5.5/plexus-component-annotations-1.5.5.jar
2026-09-23 13:11:14,142 [BasicRepositoryConnector-repo.maven.apache.org-1-0] INFO  o.e.m.c.i.e.AbstractTransferListenerAdapter - Downloading https://repo.maven.apache.org/maven2/org/sonatype/plexus/plexus-sec-dispatcher/1.3/plexus-sec-dispatcher-1.3.jar
2026-09-23 13:11:14,142 [BasicRepositoryConnector-repo.maven.apache.org-1-3] INFO  o.e.m.c.i.e.AbstractTransferListenerAdapter - Downloading https://repo.maven.apache.org/maven2/org/sonatype/plexus/plexus-cipher/1.4/plexus-cipher-1.4.jar
2026-09-23 13:11:14,151 [BasicRepositoryConnector-repo.maven.apache.org-1-2] INFO  o.e.m.c.i.e.AbstractTransferListenerAdapter - Downloaded https://repo.maven.apache.org/maven2/org/apache/maven/maven-plugin-api/3.0/maven-plugin-api-3.0.jar
2026-09-23 13:11:14,228 [BasicRepositoryConnector-repo.maven.apache.org-1-3] INFO  o.e.m.c.i.e.AbstractTransferListenerAdapter - Downloaded https://repo.maven.apache.org/maven2/org/sonatype/plexus/plexus-cipher/1.4/plexus-cipher-1.4.jar
2026-09-23 13:11:14,285 [BasicRepositoryConnector-repo.maven.apache.org-1-0] INFO  o.e.m.c.i.e.AbstractTransferListenerAdapter - Downloaded https://repo.maven.apache.org/maven2/org/sonatype/plexus/plexus-sec-dispatcher/1.3/plexus-sec-dispatcher-1.3.jar
2026-09-23 13:11:14,385 [BasicRepositoryConnector-repo.maven.apache.org-1-1] INFO  o.e.m.c.i.e.AbstractTransferListenerAdapter - Downloaded https://repo.maven.apache.org/maven2/org/codehaus/plexus/plexus-classworlds/2.2.3/plexus-classworlds-2.2.3.jar
2026-09-23 13:11:14,778 [Worker-54: Creating maven-archetype-webapp] INFO  o.e.m.c.i.e.AbstractTransferListenerAdapter - Downloading https://repo.maven.apache.org/maven2/org/apache/commons/commons-lang3/3.12.0/commons-lang3-3.12.0.pom
2026-09-23 13:11:14,797 [Worker-54: Creating maven-archetype-webapp] INFO  o.e.m.c.i.e.AbstractTransferListenerAdapter - Downloaded https://repo.maven.apache.org/maven2/org/apache/commons/commons-lang3/3.12.0/commons-lang3-3.12.0.pom
2026-09-23 13:11:14,849 [Worker-54: Creating maven-archetype-webapp] INFO  o.e.m.c.i.e.AbstractTransferListenerAdapter - Downloading https://repo.maven.apache.org/maven2/org/junit/junit-bom/5.7.1/junit-bom-5.7.1.pom
2026-09-23 13:11:14,865 [Worker-54: Creating maven-archetype-webapp] INFO  o.e.m.c.i.e.AbstractTransferListenerAdapter - Downloaded https://repo.maven.apache.org/maven2/org/junit/junit-bom/5.7.1/junit-bom-5.7.1.pom
2026-09-23 13:11:14,911 [Worker-54: Creating maven-archetype-webapp] INFO  o.e.m.c.i.e.AbstractTransferListenerAdapter - Downloading https://repo.maven.apache.org/maven2/org/apache/commons/commons-lang3/3.12.0/commons-lang3-3.12.0.jar
2026-09-23 13:11:14,941 [Worker-54: Creating maven-archetype-webapp] INFO  o.e.m.c.i.e.AbstractTransferListenerAdapter - Downloaded https://repo.maven.apache.org/maven2/org/apache/commons/commons-lang3/3.12.0/commons-lang3-3.12.0.jar
2026-09-23 13:11:14,965 [Worker-54: Creating maven-archetype-webapp] INFO  o.e.m.j.i.AbstractJavaProjectConfigurator - Adding source folder /webapp-example/src/main/java
2026-09-23 13:11:14,966 [Worker-54: Creating maven-archetype-webapp] INFO  o.e.m.j.i.AbstractJavaProjectConfigurator - Adding resource folder /webapp-example/src/main/resources
2026-09-23 13:11:14,967 [Worker-54: Creating maven-archetype-webapp] INFO  o.e.m.j.i.AbstractJavaProjectConfigurator - Adding source folder /webapp-example/src/test/java
2026-09-23 13:11:14,967 [Worker-54: Creating maven-archetype-webapp] INFO  o.e.m.j.i.AbstractJavaProjectConfigurator - Adding resource folder /webapp-example/src/test/resources
2026-09-23 13:11:15,170 [Worker-54: Creating maven-archetype-webapp] WARN  o.apache.maven.project.MavenProject - Plugin is modifying compileSourceRoots through clear(), which will not work in Maven 4.0.0. Use MavenProject.addCompileSourceRoot()/removeCompileSourceRoot() methods instead. If using a plugin, please upgrade to the latest version or report the issue to the plugin maintainer. To disable these warnings, set -Dmaven.project.sourceRoots.warningsDisabled=true on the command line, in the .mvn/maven.config file, or in project POM properties.
2026-09-23 13:11:15,171 [Worker-54: Creating maven-archetype-webapp] WARN  o.apache.maven.project.MavenProject - Plugin is modifying compileSourceRoots through add(), which will not work in Maven 4.0.0. Use MavenProject.addCompileSourceRoot()/removeCompileSourceRoot() methods instead. If using a plugin, please upgrade to the latest version or report the issue to the plugin maintainer. To disable these warnings, set -Dmaven.project.sourceRoots.warningsDisabled=true on the command line, in the .mvn/maven.config file, or in project POM properties.
2026-09-23 13:11:15,172 [Worker-54: Creating maven-archetype-webapp] WARN  o.apache.maven.project.MavenProject - Plugin is modifying testCompileSourceRoots through clear(), which will not work in Maven 4.0.0. Use MavenProject.addTestCompileSourceRoot()/removeTestCompileSourceRoot() methods instead. If using a plugin, please upgrade to the latest version or report the issue to the plugin maintainer. To disable these warnings, set -Dmaven.project.sourceRoots.warningsDisabled=true on the command line, in the .mvn/maven.config file, or in project POM properties.
2026-09-23 13:11:15,172 [Worker-54: Creating maven-archetype-webapp] WARN  o.apache.maven.project.MavenProject - Plugin is modifying testCompileSourceRoots through add(), which will not work in Maven 4.0.0. Use MavenProject.addTestCompileSourceRoot()/removeTestCompileSourceRoot() methods instead. If using a plugin, please upgrade to the latest version or report the issue to the plugin maintainer. To disable these warnings, set -Dmaven.project.sourceRoots.warningsDisabled=true on the command line, in the .mvn/maven.config file, or in project POM properties.
2026-09-23 13:11:15,179 [Worker-54: Creating maven-archetype-webapp] INFO  o.e.m.c.i.p.ProjectConfigurationManager - Imported and configured 1 project(s) in 8 sec
2026-09-23 13:11:15,413 [Worker-75: Building] INFO  o.a.m.s.f.DefaultMavenResourcesFiltering - skip non existing resourceDirectory D:\2DAM\acceso_datos\proyectos\webapp-example\src\main\resources
2026-09-23 13:11:15,418 [Worker-75: Building] INFO  o.a.m.s.f.DefaultMavenResourcesFiltering - skip non existing resourceDirectory D:\2DAM\acceso_datos\proyectos\webapp-example\src\test\resources
2026-09-23 13:11:15,699 [Worker-75: Building] WARN  o.apache.maven.project.MavenProject - Plugin is modifying compileSourceRoots through clear(), which will not work in Maven 4.0.0. Use MavenProject.addCompileSourceRoot()/removeCompileSourceRoot() methods instead. If using a plugin, please upgrade to the latest version or report the issue to the plugin maintainer. To disable these warnings, set -Dmaven.project.sourceRoots.warningsDisabled=true on the command line, in the .mvn/maven.config file, or in project POM properties.
2026-09-23 13:11:15,700 [Worker-75: Building] WARN  o.apache.maven.project.MavenProject - Plugin is modifying compileSourceRoots through add(), which will not work in Maven 4.0.0. Use MavenProject.addCompileSourceRoot()/removeCompileSourceRoot() methods instead. If using a plugin, please upgrade to the latest version or report the issue to the plugin maintainer. To disable these warnings, set -Dmaven.project.sourceRoots.warningsDisabled=true on the command line, in the .mvn/maven.config file, or in project POM properties.
2026-09-23 13:11:15,701 [Worker-75: Building] WARN  o.apache.maven.project.MavenProject - Plugin is modifying testCompileSourceRoots through clear(), which will not work in Maven 4.0.0. Use MavenProject.addTestCompileSourceRoot()/removeTestCompileSourceRoot() methods instead. If using a plugin, please upgrade to the latest version or report the issue to the plugin maintainer. To disable these warnings, set -Dmaven.project.sourceRoots.warningsDisabled=true on the command line, in the .mvn/maven.config file, or in project POM properties.
2026-09-23 13:11:15,701 [Worker-75: Building] WARN  o.apache.maven.project.MavenProject - Plugin is modifying testCompileSourceRoots through add(), which will not work in Maven 4.0.0. Use MavenProject.addTestCompileSourceRoot()/removeTestCompileSourceRoot() methods instead. If using a plugin, please upgrade to the latest version or report the issue to the plugin maintainer. To disable these warnings, set -Dmaven.project.sourceRoots.warningsDisabled=true on the command line, in the .mvn/maven.config file, or in project POM properties.
2026-09-23 13:11:15,761 [Worker-77: Download sources and javadoc] INFO  o.e.m.c.i.e.AbstractTransferListenerAdapter - Downloading https://repo.maven.apache.org/maven2/junit/junit/4.13.1/junit-4.13.1-sources.jar
2026-09-23 13:11:15,791 [Worker-77: Download sources and javadoc] INFO  o.e.m.c.i.e.AbstractTransferListenerAdapter - Downloaded https://repo.maven.apache.org/maven2/junit/junit/4.13.1/junit-4.13.1-sources.jar
2026-09-23 13:11:15,800 [Worker-77: Download sources and javadoc] INFO  o.e.m.j.internal.DownloadSourcesJob - Downloaded sources for junit:junit:4.13.1
2026-09-23 13:11:16,964 [Worker-54: Building] INFO  o.a.m.s.f.DefaultMavenResourcesFiltering - skip non existing resourceDirectory D:\2DAM\acceso_datos\proyectos\webapp-example\src\main\resources
2026-09-23 13:11:16,966 [Worker-54: Building] INFO  o.a.m.s.f.DefaultMavenResourcesFiltering - skip non existing resourceDirectory D:\2DAM\acceso_datos\proyectos\webapp-example\src\test\resources
2026-09-23 13:11:16,966 [Worker-54: Building] WARN  o.apache.maven.project.MavenProject - Plugin is modifying compileSourceRoots through clear(), which will not work in Maven 4.0.0. Use MavenProject.addCompileSourceRoot()/removeCompileSourceRoot() methods instead. If using a plugin, please upgrade to the latest version or report the issue to the plugin maintainer. To disable these warnings, set -Dmaven.project.sourceRoots.warningsDisabled=true on the command line, in the .mvn/maven.config file, or in project POM properties.
2026-09-23 13:11:16,966 [Worker-54: Building] WARN  o.apache.maven.project.MavenProject - Plugin is modifying compileSourceRoots through add(), which will not work in Maven 4.0.0. Use MavenProject.addCompileSourceRoot()/removeCompileSourceRoot() methods instead. If using a plugin, please upgrade to the latest version or report the issue to the plugin maintainer. To disable these warnings, set -Dmaven.project.sourceRoots.warningsDisabled=true on the command line, in the .mvn/maven.config file, or in project POM properties.
2026-09-23 13:11:16,966 [Worker-54: Building] WARN  o.apache.maven.project.MavenProject - Plugin is modifying testCompileSourceRoots through clear(), which will not work in Maven 4.0.0. Use MavenProject.addTestCompileSourceRoot()/removeTestCompileSourceRoot() methods instead. If using a plugin, please upgrade to the latest version or report the issue to the plugin maintainer. To disable these warnings, set -Dmaven.project.sourceRoots.warningsDisabled=true on the command line, in the .mvn/maven.config file, or in project POM properties.
2026-09-23 13:11:16,966 [Worker-54: Building] WARN  o.apache.maven.project.MavenProject - Plugin is modifying testCompileSourceRoots through add(), which will not work in Maven 4.0.0. Use MavenProject.addTestCompileSourceRoot()/removeTestCompileSourceRoot() methods instead. If using a plugin, please upgrade to the latest version or report the issue to the plugin maintainer. To disable these warnings, set -Dmaven.project.sourceRoots.warningsDisabled=true on the command line, in the .mvn/maven.config file, or in project POM properties.
2026-09-23 13:15:12,713 [Worker-54: Building Project webapp-example] INFO  o.a.m.s.f.DefaultMavenResourcesFiltering - skip non existing resourceDirectory D:\2DAM\acceso_datos\proyectos\webapp-example\src\main\resources
2026-09-23 13:15:12,715 [Worker-54: Building Project webapp-example] INFO  o.a.m.s.f.DefaultMavenResourcesFiltering - skip non existing resourceDirectory D:\2DAM\acceso_datos\proyectos\webapp-example\src\test\resources
2026-09-23 13:15:12,721 [Worker-54: Building Project webapp-example] WARN  o.apache.maven.project.MavenProject - Plugin is modifying compileSourceRoots through clear(), which will not work in Maven 4.0.0. Use MavenProject.addCompileSourceRoot()/removeCompileSourceRoot() methods instead. If using a plugin, please upgrade to the latest version or report the issue to the plugin maintainer. To disable these warnings, set -Dmaven.project.sourceRoots.warningsDisabled=true on the command line, in the .mvn/maven.config file, or in project POM properties.
2026-09-23 13:15:12,722 [Worker-54: Building Project webapp-example] WARN  o.apache.maven.project.MavenProject - Plugin is modifying compileSourceRoots through add(), which will not work in Maven 4.0.0. Use MavenProject.addCompileSourceRoot()/removeCompileSourceRoot() methods instead. If using a plugin, please upgrade to the latest version or report the issue to the plugin maintainer. To disable these warnings, set -Dmaven.project.sourceRoots.warningsDisabled=true on the command line, in the .mvn/maven.config file, or in project POM properties.
2026-09-23 13:15:12,722 [Worker-54: Building Project webapp-example] WARN  o.apache.maven.project.MavenProject - Plugin is modifying testCompileSourceRoots through clear(), which will not work in Maven 4.0.0. Use MavenProject.addTestCompileSourceRoot()/removeTestCompileSourceRoot() methods instead. If using a plugin, please upgrade to the latest version or report the issue to the plugin maintainer. To disable these warnings, set -Dmaven.project.sourceRoots.warningsDisabled=true on the command line, in the .mvn/maven.config file, or in project POM properties.
2026-09-23 13:15:12,723 [Worker-54: Building Project webapp-example] WARN  o.apache.maven.project.MavenProject - Plugin is modifying testCompileSourceRoots through add(), which will not work in Maven 4.0.0. Use MavenProject.addTestCompileSourceRoot()/removeTestCompileSourceRoot() methods instead. If using a plugin, please upgrade to the latest version or report the issue to the plugin maintainer. To disable these warnings, set -Dmaven.project.sourceRoots.warningsDisabled=true on the command line, in the .mvn/maven.config file, or in project POM properties.
2026-09-23 13:15:51,684 [Worker-54: Building] INFO  o.a.m.s.f.DefaultMavenResourcesFiltering - skip non existing resourceDirectory D:\2DAM\acceso_datos\proyectos\webapp-example\src\main\resources
2026-09-23 13:15:51,686 [Worker-54: Building] INFO  o.a.m.s.f.DefaultMavenResourcesFiltering - skip non existing resourceDirectory D:\2DAM\acceso_datos\proyectos\webapp-example\src\test\resources
2026-09-23 13:15:51,686 [Worker-54: Building] WARN  o.apache.maven.project.MavenProject - Plugin is modifying compileSourceRoots through clear(), which will not work in Maven 4.0.0. Use MavenProject.addCompileSourceRoot()/removeCompileSourceRoot() methods instead. If using a plugin, please upgrade to the latest version or report the issue to the plugin maintainer. To disable these warnings, set -Dmaven.project.sourceRoots.warningsDisabled=true on the command line, in the .mvn/maven.config file, or in project POM properties.
2026-09-23 13:15:51,686 [Worker-54: Building] WARN  o.apache.maven.project.MavenProject - Plugin is modifying compileSourceRoots through add(), which will not work in Maven 4.0.0. Use MavenProject.addCompileSourceRoot()/removeCompileSourceRoot() methods instead. If using a plugin, please upgrade to the latest version or report the issue to the plugin maintainer. To disable these warnings, set -Dmaven.project.sourceRoots.warningsDisabled=true on the command line, in the .mvn/maven.config file, or in project POM properties.
2026-09-23 13:15:51,687 [Worker-54: Building] WARN  o.apache.maven.project.MavenProject - Plugin is modifying testCompileSourceRoots through clear(), which will not work in Maven 4.0.0. Use MavenProject.addTestCompileSourceRoot()/removeTestCompileSourceRoot() methods instead. If using a plugin, please upgrade to the latest version or report the issue to the plugin maintainer. To disable these warnings, set -Dmaven.project.sourceRoots.warningsDisabled=true on the command line, in the .mvn/maven.config file, or in project POM properties.
2026-09-23 13:15:51,687 [Worker-54: Building] WARN  o.apache.maven.project.MavenProject - Plugin is modifying testCompileSourceRoots through add(), which will not work in Maven 4.0.0. Use MavenProject.addTestCompileSourceRoot()/removeTestCompileSourceRoot() methods instead. If using a plugin, please upgrade to the latest version or report the issue to the plugin maintainer. To disable these warnings, set -Dmaven.project.sourceRoots.warningsDisabled=true on the command line, in the .mvn/maven.config file, or in project POM properties.
2026-09-23 13:16:54,568 [Worker-79: Building] INFO  o.a.m.s.f.DefaultMavenResourcesFiltering - Copying 0 resource from src\main\resources to target\classes
2026-09-23 13:16:54,570 [Worker-79: Building] INFO  o.a.m.s.f.DefaultMavenResourcesFiltering - Copying 0 resource from src\test\resources to target\test-classes
2026-09-23 13:16:54,570 [Worker-79: Building] WARN  o.apache.maven.project.MavenProject - Plugin is modifying compileSourceRoots through clear(), which will not work in Maven 4.0.0. Use MavenProject.addCompileSourceRoot()/removeCompileSourceRoot() methods instead. If using a plugin, please upgrade to the latest version or report the issue to the plugin maintainer. To disable these warnings, set -Dmaven.project.sourceRoots.warningsDisabled=true on the command line, in the .mvn/maven.config file, or in project POM properties.
2026-09-23 13:16:54,570 [Worker-79: Building] WARN  o.apache.maven.project.MavenProject - Plugin is modifying compileSourceRoots through add(), which will not work in Maven 4.0.0. Use MavenProject.addCompileSourceRoot()/removeCompileSourceRoot() methods instead. If using a plugin, please upgrade to the latest version or report the issue to the plugin maintainer. To disable these warnings, set -Dmaven.project.sourceRoots.warningsDisabled=true on the command line, in the .mvn/maven.config file, or in project POM properties.
2026-09-23 13:16:54,570 [Worker-79: Building] WARN  o.apache.maven.project.MavenProject - Plugin is modifying testCompileSourceRoots through clear(), which will not work in Maven 4.0.0. Use MavenProject.addTestCompileSourceRoot()/removeTestCompileSourceRoot() methods instead. If using a plugin, please upgrade to the latest version or report the issue to the plugin maintainer. To disable these warnings, set -Dmaven.project.sourceRoots.warningsDisabled=true on the command line, in the .mvn/maven.config file, or in project POM properties.
2026-09-23 13:16:54,571 [Worker-79: Building] WARN  o.apache.maven.project.MavenProject - Plugin is modifying testCompileSourceRoots through add(), which will not work in Maven 4.0.0. Use MavenProject.addTestCompileSourceRoot()/removeTestCompileSourceRoot() methods instead. If using a plugin, please upgrade to the latest version or report the issue to the plugin maintainer. To disable these warnings, set -Dmaven.project.sourceRoots.warningsDisabled=true on the command line, in the .mvn/maven.config file, or in project POM properties.
2026-09-23 13:17:13,654 [Worker-72: Building] INFO  o.a.m.s.f.DefaultMavenResourcesFiltering - Copying 0 resource from src\main\resources to target\classes
2026-09-23 13:17:13,655 [Worker-72: Building] INFO  o.a.m.s.f.DefaultMavenResourcesFiltering - Copying 0 resource from src\test\resources to target\test-classes
2026-09-23 13:17:13,655 [Worker-72: Building] WARN  o.apache.maven.project.MavenProject - Plugin is modifying compileSourceRoots through clear(), which will not work in Maven 4.0.0. Use MavenProject.addCompileSourceRoot()/removeCompileSourceRoot() methods instead. If using a plugin, please upgrade to the latest version or report the issue to the plugin maintainer. To disable these warnings, set -Dmaven.project.sourceRoots.warningsDisabled=true on the command line, in the .mvn/maven.config file, or in project POM properties.
2026-09-23 13:17:13,656 [Worker-72: Building] WARN  o.apache.maven.project.MavenProject - Plugin is modifying compileSourceRoots through add(), which will not work in Maven 4.0.0. Use MavenProject.addCompileSourceRoot()/removeCompileSourceRoot() methods instead. If using a plugin, please upgrade to the latest version or report the issue to the plugin maintainer. To disable these warnings, set -Dmaven.project.sourceRoots.warningsDisabled=true on the command line, in the .mvn/maven.config file, or in project POM properties.
2026-09-23 13:17:13,656 [Worker-72: Building] WARN  o.apache.maven.project.MavenProject - Plugin is modifying testCompileSourceRoots through clear(), which will not work in Maven 4.0.0. Use MavenProject.addTestCompileSourceRoot()/removeTestCompileSourceRoot() methods instead. If using a plugin, please upgrade to the latest version or report the issue to the plugin maintainer. To disable these warnings, set -Dmaven.project.sourceRoots.warningsDisabled=true on the command line, in the .mvn/maven.config file, or in project POM properties.
2026-09-23 13:17:13,656 [Worker-72: Building] WARN  o.apache.maven.project.MavenProject - Plugin is modifying testCompileSourceRoots through add(), which will not work in Maven 4.0.0. Use MavenProject.addTestCompileSourceRoot()/removeTestCompileSourceRoot() methods instead. If using a plugin, please upgrade to the latest version or report the issue to the plugin maintainer. To disable these warnings, set -Dmaven.project.sourceRoots.warningsDisabled=true on the command line, in the .mvn/maven.config file, or in project POM properties.
2026-09-23 13:17:22,733 [Worker-81: Building] INFO  o.e.m.c.i.l.LifecycleMappingFactory - Using org.maven.ide.eclipse.wtp.WarLifecycleMapping lifecycle mapping for MavenProject: gregoriofer.local:webapp-example:0.0.1-SNAPSHOT @ D:\2DAM\acceso_datos\proyectos\webapp-example\pom.xml.
2026-09-23 13:17:22,823 [Worker-81: Building] INFO  o.a.m.s.f.DefaultMavenResourcesFiltering - Copying 0 resource from src\main\resources to target\classes
2026-09-23 13:17:22,825 [Worker-81: Building] INFO  o.a.m.s.f.DefaultMavenResourcesFiltering - Copying 0 resource from src\test\resources to target\test-classes
2026-09-23 13:17:22,826 [Worker-81: Building] INFO  o.e.m.w.i.f.ResourceFilteringBuildParticipant - Changed resources require a complete clean of filtered resources of webapp-example
2026-09-23 13:17:22,826 [Worker-81: Building] INFO  o.e.m.w.i.f.ResourceFilteringBuildParticipant - Executing resource filtering for webapp-example
2026-09-23 13:17:22,832 [Worker-81: Building] WARN  o.apache.maven.project.MavenProject - Plugin is modifying compileSourceRoots through clear(), which will not work in Maven 4.0.0. Use MavenProject.addCompileSourceRoot()/removeCompileSourceRoot() methods instead. If using a plugin, please upgrade to the latest version or report the issue to the plugin maintainer. To disable these warnings, set -Dmaven.project.sourceRoots.warningsDisabled=true on the command line, in the .mvn/maven.config file, or in project POM properties.
2026-09-23 13:17:22,832 [Worker-81: Building] WARN  o.apache.maven.project.MavenProject - Plugin is modifying compileSourceRoots through add(), which will not work in Maven 4.0.0. Use MavenProject.addCompileSourceRoot()/removeCompileSourceRoot() methods instead. If using a plugin, please upgrade to the latest version or report the issue to the plugin maintainer. To disable these warnings, set -Dmaven.project.sourceRoots.warningsDisabled=true on the command line, in the .mvn/maven.config file, or in project POM properties.
2026-09-23 13:17:22,833 [Worker-81: Building] WARN  o.apache.maven.project.MavenProject - Plugin is modifying testCompileSourceRoots through clear(), which will not work in Maven 4.0.0. Use MavenProject.addTestCompileSourceRoot()/removeTestCompileSourceRoot() methods instead. If using a plugin, please upgrade to the latest version or report the issue to the plugin maintainer. To disable these warnings, set -Dmaven.project.sourceRoots.warningsDisabled=true on the command line, in the .mvn/maven.config file, or in project POM properties.
2026-09-23 13:17:22,833 [Worker-81: Building] WARN  o.apache.maven.project.MavenProject - Plugin is modifying testCompileSourceRoots through add(), which will not work in Maven 4.0.0. Use MavenProject.addTestCompileSourceRoot()/removeTestCompileSourceRoot() methods instead. If using a plugin, please upgrade to the latest version or report the issue to the plugin maintainer. To disable these warnings, set -Dmaven.project.sourceRoots.warningsDisabled=true on the command line, in the .mvn/maven.config file, or in project POM properties.
2026-09-23 13:17:44,093 [Worker-54: Building] INFO  o.a.m.s.f.DefaultMavenResourcesFiltering - Copying 0 resource from src\main\resources to target\classes
2026-09-23 13:17:44,095 [Worker-54: Building] INFO  o.a.m.s.f.DefaultMavenResourcesFiltering - Copying 0 resource from src\test\resources to target\test-classes
2026-09-23 13:17:44,095 [Worker-54: Building] WARN  o.apache.maven.project.MavenProject - Plugin is modifying compileSourceRoots through clear(), which will not work in Maven 4.0.0. Use MavenProject.addCompileSourceRoot()/removeCompileSourceRoot() methods instead. If using a plugin, please upgrade to the latest version or report the issue to the plugin maintainer. To disable these warnings, set -Dmaven.project.sourceRoots.warningsDisabled=true on the command line, in the .mvn/maven.config file, or in project POM properties.
2026-09-23 13:17:44,095 [Worker-54: Building] WARN  o.apache.maven.project.MavenProject - Plugin is modifying compileSourceRoots through add(), which will not work in Maven 4.0.0. Use MavenProject.addCompileSourceRoot()/removeCompileSourceRoot() methods instead. If using a plugin, please upgrade to the latest version or report the issue to the plugin maintainer. To disable these warnings, set -Dmaven.project.sourceRoots.warningsDisabled=true on the command line, in the .mvn/maven.config file, or in project POM properties.
2026-09-23 13:17:44,095 [Worker-54: Building] WARN  o.apache.maven.project.MavenProject - Plugin is modifying testCompileSourceRoots through clear(), which will not work in Maven 4.0.0. Use MavenProject.addTestCompileSourceRoot()/removeTestCompileSourceRoot() methods instead. If using a plugin, please upgrade to the latest version or report the issue to the plugin maintainer. To disable these warnings, set -Dmaven.project.sourceRoots.warningsDisabled=true on the command line, in the .mvn/maven.config file, or in project POM properties.
2026-09-23 13:17:44,095 [Worker-54: Building] WARN  o.apache.maven.project.MavenProject - Plugin is modifying testCompileSourceRoots through add(), which will not work in Maven 4.0.0. Use MavenProject.addTestCompileSourceRoot()/removeTestCompileSourceRoot() methods instead. If using a plugin, please upgrade to the latest version or report the issue to the plugin maintainer. To disable these warnings, set -Dmaven.project.sourceRoots.warningsDisabled=true on the command line, in the .mvn/maven.config file, or in project POM properties.
2026-09-23 13:17:55,298 [Worker-54: Launching Executing clean in D__2DAM_acceso_datos_proyectos_webapp-example] INFO  o.eclipse.m2e.core.internal.Bundles - getClasspathEntries(Bundle=org.eclipse.m2e.maven.runtime_3.9.1601.20260722-2149 [647])
2026-09-23 13:17:55,299 [Worker-54: Launching Executing clean in D__2DAM_acceso_datos_proyectos_webapp-example] INFO  o.eclipse.m2e.core.internal.Bundles - 	Entry: C:\eclipse-acceso-datos\eclipse-jee\eclipse\plugins\org.eclipse.m2e.maven.runtime_3.9.1601.20260722-2149
2026-09-23 13:17:55,299 [Worker-54: Launching Executing clean in D__2DAM_acceso_datos_proyectos_webapp-example] INFO  o.eclipse.m2e.core.internal.Bundles - 	Entry: C:\eclipse-acceso-datos\eclipse-jee\eclipse\plugins\org.eclipse.m2e.maven.runtime_3.9.1601.20260722-2149\jars\aopalliance-1.0.jar
2026-09-23 13:17:55,299 [Worker-54: Launching Executing clean in D__2DAM_acceso_datos_proyectos_webapp-example] INFO  o.eclipse.m2e.core.internal.Bundles - 	Entry: C:\eclipse-acceso-datos\eclipse-jee\eclipse\plugins\org.eclipse.m2e.maven.runtime_3.9.1601.20260722-2149\jars\asm-9.9.1.jar
2026-09-23 13:17:55,299 [Worker-54: Launching Executing clean in D__2DAM_acceso_datos_proyectos_webapp-example] INFO  o.eclipse.m2e.core.internal.Bundles - 	Entry: C:\eclipse-acceso-datos\eclipse-jee\eclipse\plugins\org.eclipse.m2e.maven.runtime_3.9.1601.20260722-2149\jars\error_prone_annotations-2.41.0.jar
2026-09-23 13:17:55,299 [Worker-54: Launching Executing clean in D__2DAM_acceso_datos_proyectos_webapp-example] INFO  o.eclipse.m2e.core.internal.Bundles - 	Entry: C:\eclipse-acceso-datos\eclipse-jee\eclipse\plugins\org.eclipse.m2e.maven.runtime_3.9.1601.20260722-2149\jars\gson-2.13.2.jar
2026-09-23 13:17:55,299 [Worker-54: Launching Executing clean in D__2DAM_acceso_datos_proyectos_webapp-example] INFO  o.eclipse.m2e.core.internal.Bundles - 	Entry: C:\eclipse-acceso-datos\eclipse-jee\eclipse\plugins\org.eclipse.m2e.maven.runtime_3.9.1601.20260722-2149\jars\guice-5.1.0-classes.jar
2026-09-23 13:17:55,299 [Worker-54: Launching Executing clean in D__2DAM_acceso_datos_proyectos_webapp-example] INFO  o.eclipse.m2e.core.internal.Bundles - 	Entry: C:\eclipse-acceso-datos\eclipse-jee\eclipse\plugins\org.eclipse.m2e.maven.runtime_3.9.1601.20260722-2149\jars\httpclient-4.5.14.jar
2026-09-23 13:17:55,299 [Worker-54: Launching Executing clean in D__2DAM_acceso_datos_proyectos_webapp-example] INFO  o.eclipse.m2e.core.internal.Bundles - 	Entry: C:\eclipse-acceso-datos\eclipse-jee\eclipse\plugins\org.eclipse.m2e.maven.runtime_3.9.1601.20260722-2149\jars\httpcore-4.4.16.jar
2026-09-23 13:17:55,299 [Worker-54: Launching Executing clean in D__2DAM_acceso_datos_proyectos_webapp-example] INFO  o.eclipse.m2e.core.internal.Bundles - 	Entry: C:\eclipse-acceso-datos\eclipse-jee\eclipse\plugins\org.eclipse.m2e.maven.runtime_3.9.1601.20260722-2149\jars\jansi-2.4.3.jar
2026-09-23 13:17:55,299 [Worker-54: Launching Executing clean in D__2DAM_acceso_datos_proyectos_webapp-example] INFO  o.eclipse.m2e.core.internal.Bundles - 	Entry: C:\eclipse-acceso-datos\eclipse-jee\eclipse\plugins\org.eclipse.m2e.maven.runtime_3.9.1601.20260722-2149\jars\jcl-over-slf4j-2.0.18.jar
2026-09-23 13:17:55,299 [Worker-54: Launching Executing clean in D__2DAM_acceso_datos_proyectos_webapp-example] INFO  o.eclipse.m2e.core.internal.Bundles - 	Entry: C:\eclipse-acceso-datos\eclipse-jee\eclipse\plugins\org.eclipse.m2e.maven.runtime_3.9.1601.20260722-2149\jars\maven-artifact-3.9.16.jar
2026-09-23 13:17:55,300 [Worker-54: Launching Executing clean in D__2DAM_acceso_datos_proyectos_webapp-example] INFO  o.eclipse.m2e.core.internal.Bundles - 	Entry: C:\eclipse-acceso-datos\eclipse-jee\eclipse\plugins\org.eclipse.m2e.maven.runtime_3.9.1601.20260722-2149\jars\maven-builder-support-3.9.16.jar
2026-09-23 13:17:55,300 [Worker-54: Launching Executing clean in D__2DAM_acceso_datos_proyectos_webapp-example] INFO  o.eclipse.m2e.core.internal.Bundles - 	Entry: C:\eclipse-acceso-datos\eclipse-jee\eclipse\plugins\org.eclipse.m2e.maven.runtime_3.9.1601.20260722-2149\jars\maven-compat-3.9.16.jar
2026-09-23 13:17:55,300 [Worker-54: Launching Executing clean in D__2DAM_acceso_datos_proyectos_webapp-example] INFO  o.eclipse.m2e.core.internal.Bundles - 	Entry: C:\eclipse-acceso-datos\eclipse-jee\eclipse\plugins\org.eclipse.m2e.maven.runtime_3.9.1601.20260722-2149\jars\maven-core-3.9.16.jar
2026-09-23 13:17:55,300 [Worker-54: Launching Executing clean in D__2DAM_acceso_datos_proyectos_webapp-example] INFO  o.eclipse.m2e.core.internal.Bundles - 	Entry: C:\eclipse-acceso-datos\eclipse-jee\eclipse\plugins\org.eclipse.m2e.maven.runtime_3.9.1601.20260722-2149\jars\maven-embedder-3.9.16.jar
2026-09-23 13:17:55,300 [Worker-54: Launching Executing clean in D__2DAM_acceso_datos_proyectos_webapp-example] INFO  o.eclipse.m2e.core.internal.Bundles - 	Entry: C:\eclipse-acceso-datos\eclipse-jee\eclipse\plugins\org.eclipse.m2e.maven.runtime_3.9.1601.20260722-2149\jars\maven-model-3.9.16.jar
2026-09-23 13:17:55,300 [Worker-54: Launching Executing clean in D__2DAM_acceso_datos_proyectos_webapp-example] INFO  o.eclipse.m2e.core.internal.Bundles - 	Entry: C:\eclipse-acceso-datos\eclipse-jee\eclipse\plugins\org.eclipse.m2e.maven.runtime_3.9.1601.20260722-2149\jars\maven-model-builder-3.9.16.jar
2026-09-23 13:17:55,300 [Worker-54: Launching Executing clean in D__2DAM_acceso_datos_proyectos_webapp-example] INFO  o.eclipse.m2e.core.internal.Bundles - 	Entry: C:\eclipse-acceso-datos\eclipse-jee\eclipse\plugins\org.eclipse.m2e.maven.runtime_3.9.1601.20260722-2149\jars\maven-plugin-api-3.9.16.jar
2026-09-23 13:17:55,300 [Worker-54: Launching Executing clean in D__2DAM_acceso_datos_proyectos_webapp-example] INFO  o.eclipse.m2e.core.internal.Bundles - 	Entry: C:\eclipse-acceso-datos\eclipse-jee\eclipse\plugins\org.eclipse.m2e.maven.runtime_3.9.1601.20260722-2149\jars\maven-repository-metadata-3.9.16.jar
2026-09-23 13:17:55,300 [Worker-54: Launching Executing clean in D__2DAM_acceso_datos_proyectos_webapp-example] INFO  o.eclipse.m2e.core.internal.Bundles - 	Entry: C:\eclipse-acceso-datos\eclipse-jee\eclipse\plugins\org.eclipse.m2e.maven.runtime_3.9.1601.20260722-2149\jars\maven-resolver-api-1.9.27.jar
2026-09-23 13:17:55,300 [Worker-54: Launching Executing clean in D__2DAM_acceso_datos_proyectos_webapp-example] INFO  o.eclipse.m2e.core.internal.Bundles - 	Entry: C:\eclipse-acceso-datos\eclipse-jee\eclipse\plugins\org.eclipse.m2e.maven.runtime_3.9.1601.20260722-2149\jars\maven-resolver-connector-basic-1.9.27.jar
2026-09-23 13:17:55,300 [Worker-54: Launching Executing clean in D__2DAM_acceso_datos_proyectos_webapp-example] INFO  o.eclipse.m2e.core.internal.Bundles - 	Entry: C:\eclipse-acceso-datos\eclipse-jee\eclipse\plugins\org.eclipse.m2e.maven.runtime_3.9.1601.20260722-2149\jars\maven-resolver-impl-1.9.27.jar
2026-09-23 13:17:55,300 [Worker-54: Launching Executing clean in D__2DAM_acceso_datos_proyectos_webapp-example] INFO  o.eclipse.m2e.core.internal.Bundles - 	Entry: C:\eclipse-acceso-datos\eclipse-jee\eclipse\plugins\org.eclipse.m2e.maven.runtime_3.9.1601.20260722-2149\jars\maven-resolver-named-locks-1.9.27.jar
2026-09-23 13:17:55,300 [Worker-54: Launching Executing clean in D__2DAM_acceso_datos_proyectos_webapp-example] INFO  o.eclipse.m2e.core.internal.Bundles - 	Entry: C:\eclipse-acceso-datos\eclipse-jee\eclipse\plugins\org.eclipse.m2e.maven.runtime_3.9.1601.20260722-2149\jars\maven-resolver-provider-3.9.16.jar
2026-09-23 13:17:55,301 [Worker-54: Launching Executing clean in D__2DAM_acceso_datos_proyectos_webapp-example] INFO  o.eclipse.m2e.core.internal.Bundles - 	Entry: C:\eclipse-acceso-datos\eclipse-jee\eclipse\plugins\org.eclipse.m2e.maven.runtime_3.9.1601.20260722-2149\jars\maven-resolver-spi-1.9.27.jar
2026-09-23 13:17:55,301 [Worker-54: Launching Executing clean in D__2DAM_acceso_datos_proyectos_webapp-example] INFO  o.eclipse.m2e.core.internal.Bundles - 	Entry: C:\eclipse-acceso-datos\eclipse-jee\eclipse\plugins\org.eclipse.m2e.maven.runtime_3.9.1601.20260722-2149\jars\maven-resolver-transport-file-1.9.27.jar
2026-09-23 13:17:55,301 [Worker-54: Launching Executing clean in D__2DAM_acceso_datos_proyectos_webapp-example] INFO  o.eclipse.m2e.core.internal.Bundles - 	Entry: C:\eclipse-acceso-datos\eclipse-jee\eclipse\plugins\org.eclipse.m2e.maven.runtime_3.9.1601.20260722-2149\jars\maven-resolver-transport-http-1.9.27.jar
2026-09-23 13:17:55,301 [Worker-54: Launching Executing clean in D__2DAM_acceso_datos_proyectos_webapp-example] INFO  o.eclipse.m2e.core.internal.Bundles - 	Entry: C:\eclipse-acceso-datos\eclipse-jee\eclipse\plugins\org.eclipse.m2e.maven.runtime_3.9.1601.20260722-2149\jars\maven-resolver-transport-wagon-1.9.27.jar
2026-09-23 13:17:55,301 [Worker-54: Launching Executing clean in D__2DAM_acceso_datos_proyectos_webapp-example] INFO  o.eclipse.m2e.core.internal.Bundles - 	Entry: C:\eclipse-acceso-datos\eclipse-jee\eclipse\plugins\org.eclipse.m2e.maven.runtime_3.9.1601.20260722-2149\jars\maven-resolver-util-1.9.27.jar
2026-09-23 13:17:55,301 [Worker-54: Launching Executing clean in D__2DAM_acceso_datos_proyectos_webapp-example] INFO  o.eclipse.m2e.core.internal.Bundles - 	Entry: C:\eclipse-acceso-datos\eclipse-jee\eclipse\plugins\org.eclipse.m2e.maven.runtime_3.9.1601.20260722-2149\jars\maven-settings-3.9.16.jar
2026-09-23 13:17:55,301 [Worker-54: Launching Executing clean in D__2DAM_acceso_datos_proyectos_webapp-example] INFO  o.eclipse.m2e.core.internal.Bundles - 	Entry: C:\eclipse-acceso-datos\eclipse-jee\eclipse\plugins\org.eclipse.m2e.maven.runtime_3.9.1601.20260722-2149\jars\maven-settings-builder-3.9.16.jar
2026-09-23 13:17:55,301 [Worker-54: Launching Executing clean in D__2DAM_acceso_datos_proyectos_webapp-example] INFO  o.eclipse.m2e.core.internal.Bundles - 	Entry: C:\eclipse-acceso-datos\eclipse-jee\eclipse\plugins\org.eclipse.m2e.maven.runtime_3.9.1601.20260722-2149\jars\maven-shared-utils-3.4.2.jar
2026-09-23 13:17:55,301 [Worker-54: Launching Executing clean in D__2DAM_acceso_datos_proyectos_webapp-example] INFO  o.eclipse.m2e.core.internal.Bundles - 	Entry: C:\eclipse-acceso-datos\eclipse-jee\eclipse\plugins\org.eclipse.m2e.maven.runtime_3.9.1601.20260722-2149\jars\org.eclipse.sisu.inject-1.0.0.jar
2026-09-23 13:17:55,301 [Worker-54: Launching Executing clean in D__2DAM_acceso_datos_proyectos_webapp-example] INFO  o.eclipse.m2e.core.internal.Bundles - 	Entry: C:\eclipse-acceso-datos\eclipse-jee\eclipse\plugins\org.eclipse.m2e.maven.runtime_3.9.1601.20260722-2149\jars\org.eclipse.sisu.plexus-1.0.0.jar
2026-09-23 13:17:55,301 [Worker-54: Launching Executing clean in D__2DAM_acceso_datos_proyectos_webapp-example] INFO  o.eclipse.m2e.core.internal.Bundles - 	Entry: C:\eclipse-acceso-datos\eclipse-jee\eclipse\plugins\org.eclipse.m2e.maven.runtime_3.9.1601.20260722-2149\jars\plexus-build-api-0.0.7.jar
2026-09-23 13:17:55,301 [Worker-54: Launching Executing clean in D__2DAM_acceso_datos_proyectos_webapp-example] INFO  o.eclipse.m2e.core.internal.Bundles - 	Entry: C:\eclipse-acceso-datos\eclipse-jee\eclipse\plugins\org.eclipse.m2e.maven.runtime_3.9.1601.20260722-2149\jars\plexus-build-api-1.2.0.jar
2026-09-23 13:17:55,301 [Worker-54: Launching Executing clean in D__2DAM_acceso_datos_proyectos_webapp-example] INFO  o.eclipse.m2e.core.internal.Bundles - 	Entry: C:\eclipse-acceso-datos\eclipse-jee\eclipse\plugins\org.eclipse.m2e.maven.runtime_3.9.1601.20260722-2149\jars\plexus-cipher-2.0.jar
2026-09-23 13:17:55,302 [Worker-54: Launching Executing clean in D__2DAM_acceso_datos_proyectos_webapp-example] INFO  o.eclipse.m2e.core.internal.Bundles - 	Entry: C:\eclipse-acceso-datos\eclipse-jee\eclipse\plugins\org.eclipse.m2e.maven.runtime_3.9.1601.20260722-2149\jars\plexus-classworlds-2.11.0.jar
2026-09-23 13:17:55,302 [Worker-54: Launching Executing clean in D__2DAM_acceso_datos_proyectos_webapp-example] INFO  o.eclipse.m2e.core.internal.Bundles - 	Entry: C:\eclipse-acceso-datos\eclipse-jee\eclipse\plugins\org.eclipse.m2e.maven.runtime_3.9.1601.20260722-2149\jars\plexus-component-annotations-2.2.0.jar
2026-09-23 13:17:55,302 [Worker-54: Launching Executing clean in D__2DAM_acceso_datos_proyectos_webapp-example] INFO  o.eclipse.m2e.core.internal.Bundles - 	Entry: C:\eclipse-acceso-datos\eclipse-jee\eclipse\plugins\org.eclipse.m2e.maven.runtime_3.9.1601.20260722-2149\jars\plexus-interpolation-1.29.jar
2026-09-23 13:17:55,302 [Worker-54: Launching Executing clean in D__2DAM_acceso_datos_proyectos_webapp-example] INFO  o.eclipse.m2e.core.internal.Bundles - 	Entry: C:\eclipse-acceso-datos\eclipse-jee\eclipse\plugins\org.eclipse.m2e.maven.runtime_3.9.1601.20260722-2149\jars\plexus-sec-dispatcher-2.0.jar
2026-09-23 13:17:55,302 [Worker-54: Launching Executing clean in D__2DAM_acceso_datos_proyectos_webapp-example] INFO  o.eclipse.m2e.core.internal.Bundles - 	Entry: C:\eclipse-acceso-datos\eclipse-jee\eclipse\plugins\org.eclipse.m2e.maven.runtime_3.9.1601.20260722-2149\jars\plexus-utils-3.6.1.jar
2026-09-23 13:17:55,302 [Worker-54: Launching Executing clean in D__2DAM_acceso_datos_proyectos_webapp-example] INFO  o.eclipse.m2e.core.internal.Bundles - 	Entry: C:\eclipse-acceso-datos\eclipse-jee\eclipse\plugins\org.eclipse.m2e.maven.runtime_3.9.1601.20260722-2149\jars\wagon-file-3.5.3.jar
2026-09-23 13:17:55,302 [Worker-54: Launching Executing clean in D__2DAM_acceso_datos_proyectos_webapp-example] INFO  o.eclipse.m2e.core.internal.Bundles - 	Entry: C:\eclipse-acceso-datos\eclipse-jee\eclipse\plugins\org.eclipse.m2e.maven.runtime_3.9.1601.20260722-2149\jars\wagon-http-3.5.3.jar
2026-09-23 13:17:55,302 [Worker-54: Launching Executing clean in D__2DAM_acceso_datos_proyectos_webapp-example] INFO  o.eclipse.m2e.core.internal.Bundles - 	Entry: C:\eclipse-acceso-datos\eclipse-jee\eclipse\plugins\org.eclipse.m2e.maven.runtime_3.9.1601.20260722-2149\jars\wagon-http-shared-3.5.3.jar
2026-09-23 13:17:55,302 [Worker-54: Launching Executing clean in D__2DAM_acceso_datos_proyectos_webapp-example] INFO  o.eclipse.m2e.core.internal.Bundles - 	Entry: C:\eclipse-acceso-datos\eclipse-jee\eclipse\plugins\org.eclipse.m2e.maven.runtime_3.9.1601.20260722-2149\jars\wagon-provider-api-3.5.3.jar
2026-09-23 13:17:55,302 [Worker-54: Launching Executing clean in D__2DAM_acceso_datos_proyectos_webapp-example] INFO  o.eclipse.m2e.core.internal.Bundles - getClasspathEntries(Bundle=com.google.guava_33.7.1.jre [19])
2026-09-23 13:17:55,303 [Worker-54: Launching Executing clean in D__2DAM_acceso_datos_proyectos_webapp-example] INFO  o.eclipse.m2e.core.internal.Bundles - 	Entry: C:\eclipse-acceso-datos\eclipse-jee\eclipse\plugins\com.google.guava_33.7.1.jre.jar
2026-09-23 13:17:55,303 [Worker-54: Launching Executing clean in D__2DAM_acceso_datos_proyectos_webapp-example] INFO  o.eclipse.m2e.core.internal.Bundles - getClasspathEntries(Bundle=slf4j.api_2.0.18 [1015])
2026-09-23 13:17:55,303 [Worker-54: Launching Executing clean in D__2DAM_acceso_datos_proyectos_webapp-example] INFO  o.eclipse.m2e.core.internal.Bundles - 	Entry: C:\eclipse-acceso-datos\eclipse-jee\eclipse\plugins\slf4j.api_2.0.18.jar
2026-09-23 13:17:55,303 [Worker-54: Launching Executing clean in D__2DAM_acceso_datos_proyectos_webapp-example] INFO  o.eclipse.m2e.core.internal.Bundles - getClasspathEntries(Bundle=jakarta.inject.jakarta.inject-api_1.0.5 [36])
2026-09-23 13:17:55,303 [Worker-54: Launching Executing clean in D__2DAM_acceso_datos_proyectos_webapp-example] INFO  o.eclipse.m2e.core.internal.Bundles - 	Entry: C:\eclipse-acceso-datos\eclipse-jee\eclipse\plugins\jakarta.inject.jakarta.inject-api_1.0.5.jar
2026-09-23 13:17:55,303 [Worker-54: Launching Executing clean in D__2DAM_acceso_datos_proyectos_webapp-example] INFO  o.eclipse.m2e.core.internal.Bundles - getClasspathEntries(Bundle=jakarta.annotation-api_1.3.5 [32])
2026-09-23 13:17:55,304 [Worker-54: Launching Executing clean in D__2DAM_acceso_datos_proyectos_webapp-example] INFO  o.eclipse.m2e.core.internal.Bundles - 	Entry: C:\eclipse-acceso-datos\eclipse-jee\eclipse\plugins\jakarta.annotation-api_1.3.5.jar
2026-09-23 13:17:55,304 [Worker-54: Launching Executing clean in D__2DAM_acceso_datos_proyectos_webapp-example] INFO  o.eclipse.m2e.core.internal.Bundles - getClasspathEntries(Bundle=org.apache.commons.cli_1.11.0 [84])
2026-09-23 13:17:55,304 [Worker-54: Launching Executing clean in D__2DAM_acceso_datos_proyectos_webapp-example] INFO  o.eclipse.m2e.core.internal.Bundles - 	Entry: C:\eclipse-acceso-datos\eclipse-jee\eclipse\plugins\org.apache.commons.cli_1.11.0.jar
2026-09-23 13:17:55,304 [Worker-54: Launching Executing clean in D__2DAM_acceso_datos_proyectos_webapp-example] INFO  o.eclipse.m2e.core.internal.Bundles - getClasspathEntries(Bundle=org.apache.commons.commons-codec_1.22.1 [86])
2026-09-23 13:17:55,304 [Worker-54: Launching Executing clean in D__2DAM_acceso_datos_proyectos_webapp-example] INFO  o.eclipse.m2e.core.internal.Bundles - 	Entry: C:\eclipse-acceso-datos\eclipse-jee\eclipse\plugins\org.apache.commons.commons-codec_1.22.1.jar
2026-09-23 13:17:55,304 [Worker-54: Launching Executing clean in D__2DAM_acceso_datos_proyectos_webapp-example] INFO  o.eclipse.m2e.core.internal.Bundles - getClasspathEntries(Bundle=com.google.guava.failureaccess_1.0.3 [20])
2026-09-23 13:17:55,304 [Worker-54: Launching Executing clean in D__2DAM_acceso_datos_proyectos_webapp-example] INFO  o.eclipse.m2e.core.internal.Bundles - 	Entry: C:\eclipse-acceso-datos\eclipse-jee\eclipse\plugins\com.google.guava.failureaccess_1.0.3.jar
2026-09-23 13:17:55,305 [Worker-54: Launching Executing clean in D__2DAM_acceso_datos_proyectos_webapp-example] INFO  o.e.m.i.launch.MavenLaunchDelegate - Run build in "D:\2DAM\acceso_datos\proyectos\webapp-example":
2026-09-23 13:17:55,305 [Worker-54: Launching Executing clean in D__2DAM_acceso_datos_proyectos_webapp-example] INFO  o.e.m.i.launch.MavenLaunchDelegate -  mvn  -B -Dstyle.color=always clean
2026-09-23 13:18:06,624 [Worker-79: Launching Executing install in D__2DAM_acceso_datos_proyectos_webapp-example] INFO  o.eclipse.m2e.core.internal.Bundles - getClasspathEntries(Bundle=org.eclipse.m2e.maven.runtime_3.9.1601.20260722-2149 [647])
2026-09-23 13:18:06,624 [Worker-79: Launching Executing install in D__2DAM_acceso_datos_proyectos_webapp-example] INFO  o.eclipse.m2e.core.internal.Bundles - 	Entry: C:\eclipse-acceso-datos\eclipse-jee\eclipse\plugins\org.eclipse.m2e.maven.runtime_3.9.1601.20260722-2149
2026-09-23 13:18:06,624 [Worker-79: Launching Executing install in D__2DAM_acceso_datos_proyectos_webapp-example] INFO  o.eclipse.m2e.core.internal.Bundles - 	Entry: C:\eclipse-acceso-datos\eclipse-jee\eclipse\plugins\org.eclipse.m2e.maven.runtime_3.9.1601.20260722-2149\jars\aopalliance-1.0.jar
2026-09-23 13:18:06,624 [Worker-79: Launching Executing install in D__2DAM_acceso_datos_proyectos_webapp-example] INFO  o.eclipse.m2e.core.internal.Bundles - 	Entry: C:\eclipse-acceso-datos\eclipse-jee\eclipse\plugins\org.eclipse.m2e.maven.runtime_3.9.1601.20260722-2149\jars\asm-9.9.1.jar
2026-09-23 13:18:06,625 [Worker-79: Launching Executing install in D__2DAM_acceso_datos_proyectos_webapp-example] INFO  o.eclipse.m2e.core.internal.Bundles - 	Entry: C:\eclipse-acceso-datos\eclipse-jee\eclipse\plugins\org.eclipse.m2e.maven.runtime_3.9.1601.20260722-2149\jars\error_prone_annotations-2.41.0.jar
2026-09-23 13:18:06,625 [Worker-79: Launching Executing install in D__2DAM_acceso_datos_proyectos_webapp-example] INFO  o.eclipse.m2e.core.internal.Bundles - 	Entry: C:\eclipse-acceso-datos\eclipse-jee\eclipse\plugins\org.eclipse.m2e.maven.runtime_3.9.1601.20260722-2149\jars\gson-2.13.2.jar
2026-09-23 13:18:06,625 [Worker-79: Launching Executing install in D__2DAM_acceso_datos_proyectos_webapp-example] INFO  o.eclipse.m2e.core.internal.Bundles - 	Entry: C:\eclipse-acceso-datos\eclipse-jee\eclipse\plugins\org.eclipse.m2e.maven.runtime_3.9.1601.20260722-2149\jars\guice-5.1.0-classes.jar
2026-09-23 13:18:06,625 [Worker-79: Launching Executing install in D__2DAM_acceso_datos_proyectos_webapp-example] INFO  o.eclipse.m2e.core.internal.Bundles - 	Entry: C:\eclipse-acceso-datos\eclipse-jee\eclipse\plugins\org.eclipse.m2e.maven.runtime_3.9.1601.20260722-2149\jars\httpclient-4.5.14.jar
2026-09-23 13:18:06,625 [Worker-79: Launching Executing install in D__2DAM_acceso_datos_proyectos_webapp-example] INFO  o.eclipse.m2e.core.internal.Bundles - 	Entry: C:\eclipse-acceso-datos\eclipse-jee\eclipse\plugins\org.eclipse.m2e.maven.runtime_3.9.1601.20260722-2149\jars\httpcore-4.4.16.jar
2026-09-23 13:18:06,625 [Worker-79: Launching Executing install in D__2DAM_acceso_datos_proyectos_webapp-example] INFO  o.eclipse.m2e.core.internal.Bundles - 	Entry: C:\eclipse-acceso-datos\eclipse-jee\eclipse\plugins\org.eclipse.m2e.maven.runtime_3.9.1601.20260722-2149\jars\jansi-2.4.3.jar
2026-09-23 13:18:06,625 [Worker-79: Launching Executing install in D__2DAM_acceso_datos_proyectos_webapp-example] INFO  o.eclipse.m2e.core.internal.Bundles - 	Entry: C:\eclipse-acceso-datos\eclipse-jee\eclipse\plugins\org.eclipse.m2e.maven.runtime_3.9.1601.20260722-2149\jars\jcl-over-slf4j-2.0.18.jar
2026-09-23 13:18:06,625 [Worker-79: Launching Executing install in D__2DAM_acceso_datos_proyectos_webapp-example] INFO  o.eclipse.m2e.core.internal.Bundles - 	Entry: C:\eclipse-acceso-datos\eclipse-jee\eclipse\plugins\org.eclipse.m2e.maven.runtime_3.9.1601.20260722-2149\jars\maven-artifact-3.9.16.jar
2026-09-23 13:18:06,625 [Worker-79: Launching Executing install in D__2DAM_acceso_datos_proyectos_webapp-example] INFO  o.eclipse.m2e.core.internal.Bundles - 	Entry: C:\eclipse-acceso-datos\eclipse-jee\eclipse\plugins\org.eclipse.m2e.maven.runtime_3.9.1601.20260722-2149\jars\maven-builder-support-3.9.16.jar
2026-09-23 13:18:06,625 [Worker-79: Launching Executing install in D__2DAM_acceso_datos_proyectos_webapp-example] INFO  o.eclipse.m2e.core.internal.Bundles - 	Entry: C:\eclipse-acceso-datos\eclipse-jee\eclipse\plugins\org.eclipse.m2e.maven.runtime_3.9.1601.20260722-2149\jars\maven-compat-3.9.16.jar
2026-09-23 13:18:06,625 [Worker-79: Launching Executing install in D__2DAM_acceso_datos_proyectos_webapp-example] INFO  o.eclipse.m2e.core.internal.Bundles - 	Entry: C:\eclipse-acceso-datos\eclipse-jee\eclipse\plugins\org.eclipse.m2e.maven.runtime_3.9.1601.20260722-2149\jars\maven-core-3.9.16.jar
2026-09-23 13:18:06,626 [Worker-79: Launching Executing install in D__2DAM_acceso_datos_proyectos_webapp-example] INFO  o.eclipse.m2e.core.internal.Bundles - 	Entry: C:\eclipse-acceso-datos\eclipse-jee\eclipse\plugins\org.eclipse.m2e.maven.runtime_3.9.1601.20260722-2149\jars\maven-embedder-3.9.16.jar
2026-09-23 13:18:06,626 [Worker-79: Launching Executing install in D__2DAM_acceso_datos_proyectos_webapp-example] INFO  o.eclipse.m2e.core.internal.Bundles - 	Entry: C:\eclipse-acceso-datos\eclipse-jee\eclipse\plugins\org.eclipse.m2e.maven.runtime_3.9.1601.20260722-2149\jars\maven-model-3.9.16.jar
2026-09-23 13:18:06,626 [Worker-79: Launching Executing install in D__2DAM_acceso_datos_proyectos_webapp-example] INFO  o.eclipse.m2e.core.internal.Bundles - 	Entry: C:\eclipse-acceso-datos\eclipse-jee\eclipse\plugins\org.eclipse.m2e.maven.runtime_3.9.1601.20260722-2149\jars\maven-model-builder-3.9.16.jar
2026-09-23 13:18:06,626 [Worker-79: Launching Executing install in D__2DAM_acceso_datos_proyectos_webapp-example] INFO  o.eclipse.m2e.core.internal.Bundles - 	Entry: C:\eclipse-acceso-datos\eclipse-jee\eclipse\plugins\org.eclipse.m2e.maven.runtime_3.9.1601.20260722-2149\jars\maven-plugin-api-3.9.16.jar
2026-09-23 13:18:06,626 [Worker-79: Launching Executing install in D__2DAM_acceso_datos_proyectos_webapp-example] INFO  o.eclipse.m2e.core.internal.Bundles - 	Entry: C:\eclipse-acceso-datos\eclipse-jee\eclipse\plugins\org.eclipse.m2e.maven.runtime_3.9.1601.20260722-2149\jars\maven-repository-metadata-3.9.16.jar
2026-09-23 13:18:06,626 [Worker-79: Launching Executing install in D__2DAM_acceso_datos_proyectos_webapp-example] INFO  o.eclipse.m2e.core.internal.Bundles - 	Entry: C:\eclipse-acceso-datos\eclipse-jee\eclipse\plugins\org.eclipse.m2e.maven.runtime_3.9.1601.20260722-2149\jars\maven-resolver-api-1.9.27.jar
2026-09-23 13:18:06,626 [Worker-79: Launching Executing install in D__2DAM_acceso_datos_proyectos_webapp-example] INFO  o.eclipse.m2e.core.internal.Bundles - 	Entry: C:\eclipse-acceso-datos\eclipse-jee\eclipse\plugins\org.eclipse.m2e.maven.runtime_3.9.1601.20260722-2149\jars\maven-resolver-connector-basic-1.9.27.jar
2026-09-23 13:18:06,626 [Worker-79: Launching Executing install in D__2DAM_acceso_datos_proyectos_webapp-example] INFO  o.eclipse.m2e.core.internal.Bundles - 	Entry: C:\eclipse-acceso-datos\eclipse-jee\eclipse\plugins\org.eclipse.m2e.maven.runtime_3.9.1601.20260722-2149\jars\maven-resolver-impl-1.9.27.jar
2026-09-23 13:18:06,626 [Worker-79: Launching Executing install in D__2DAM_acceso_datos_proyectos_webapp-example] INFO  o.eclipse.m2e.core.internal.Bundles - 	Entry: C:\eclipse-acceso-datos\eclipse-jee\eclipse\plugins\org.eclipse.m2e.maven.runtime_3.9.1601.20260722-2149\jars\maven-resolver-named-locks-1.9.27.jar
2026-09-23 13:18:06,626 [Worker-79: Launching Executing install in D__2DAM_acceso_datos_proyectos_webapp-example] INFO  o.eclipse.m2e.core.internal.Bundles - 	Entry: C:\eclipse-acceso-datos\eclipse-jee\eclipse\plugins\org.eclipse.m2e.maven.runtime_3.9.1601.20260722-2149\jars\maven-resolver-provider-3.9.16.jar
2026-09-23 13:18:06,626 [Worker-79: Launching Executing install in D__2DAM_acceso_datos_proyectos_webapp-example] INFO  o.eclipse.m2e.core.internal.Bundles - 	Entry: C:\eclipse-acceso-datos\eclipse-jee\eclipse\plugins\org.eclipse.m2e.maven.runtime_3.9.1601.20260722-2149\jars\maven-resolver-spi-1.9.27.jar
2026-09-23 13:18:06,626 [Worker-79: Launching Executing install in D__2DAM_acceso_datos_proyectos_webapp-example] INFO  o.eclipse.m2e.core.internal.Bundles - 	Entry: C:\eclipse-acceso-datos\eclipse-jee\eclipse\plugins\org.eclipse.m2e.maven.runtime_3.9.1601.20260722-2149\jars\maven-resolver-transport-file-1.9.27.jar
2026-09-23 13:18:06,626 [Worker-79: Launching Executing install in D__2DAM_acceso_datos_proyectos_webapp-example] INFO  o.eclipse.m2e.core.internal.Bundles - 	Entry: C:\eclipse-acceso-datos\eclipse-jee\eclipse\plugins\org.eclipse.m2e.maven.runtime_3.9.1601.20260722-2149\jars\maven-resolver-transport-http-1.9.27.jar
2026-09-23 13:18:06,627 [Worker-79: Launching Executing install in D__2DAM_acceso_datos_proyectos_webapp-example] INFO  o.eclipse.m2e.core.internal.Bundles - 	Entry: C:\eclipse-acceso-datos\eclipse-jee\eclipse\plugins\org.eclipse.m2e.maven.runtime_3.9.1601.20260722-2149\jars\maven-resolver-transport-wagon-1.9.27.jar
2026-09-23 13:18:06,627 [Worker-79: Launching Executing install in D__2DAM_acceso_datos_proyectos_webapp-example] INFO  o.eclipse.m2e.core.internal.Bundles - 	Entry: C:\eclipse-acceso-datos\eclipse-jee\eclipse\plugins\org.eclipse.m2e.maven.runtime_3.9.1601.20260722-2149\jars\maven-resolver-util-1.9.27.jar
2026-09-23 13:18:06,627 [Worker-79: Launching Executing install in D__2DAM_acceso_datos_proyectos_webapp-example] INFO  o.eclipse.m2e.core.internal.Bundles - 	Entry: C:\eclipse-acceso-datos\eclipse-jee\eclipse\plugins\org.eclipse.m2e.maven.runtime_3.9.1601.20260722-2149\jars\maven-settings-3.9.16.jar
2026-09-23 13:18:06,627 [Worker-79: Launching Executing install in D__2DAM_acceso_datos_proyectos_webapp-example] INFO  o.eclipse.m2e.core.internal.Bundles - 	Entry: C:\eclipse-acceso-datos\eclipse-jee\eclipse\plugins\org.eclipse.m2e.maven.runtime_3.9.1601.20260722-2149\jars\maven-settings-builder-3.9.16.jar
2026-09-23 13:18:06,627 [Worker-79: Launching Executing install in D__2DAM_acceso_datos_proyectos_webapp-example] INFO  o.eclipse.m2e.core.internal.Bundles - 	Entry: C:\eclipse-acceso-datos\eclipse-jee\eclipse\plugins\org.eclipse.m2e.maven.runtime_3.9.1601.20260722-2149\jars\maven-shared-utils-3.4.2.jar
2026-09-23 13:18:06,627 [Worker-79: Launching Executing install in D__2DAM_acceso_datos_proyectos_webapp-example] INFO  o.eclipse.m2e.core.internal.Bundles - 	Entry: C:\eclipse-acceso-datos\eclipse-jee\eclipse\plugins\org.eclipse.m2e.maven.runtime_3.9.1601.20260722-2149\jars\org.eclipse.sisu.inject-1.0.0.jar
2026-09-23 13:18:06,627 [Worker-79: Launching Executing install in D__2DAM_acceso_datos_proyectos_webapp-example] INFO  o.eclipse.m2e.core.internal.Bundles - 	Entry: C:\eclipse-acceso-datos\eclipse-jee\eclipse\plugins\org.eclipse.m2e.maven.runtime_3.9.1601.20260722-2149\jars\org.eclipse.sisu.plexus-1.0.0.jar
2026-09-23 13:18:06,627 [Worker-79: Launching Executing install in D__2DAM_acceso_datos_proyectos_webapp-example] INFO  o.eclipse.m2e.core.internal.Bundles - 	Entry: C:\eclipse-acceso-datos\eclipse-jee\eclipse\plugins\org.eclipse.m2e.maven.runtime_3.9.1601.20260722-2149\jars\plexus-build-api-0.0.7.jar
2026-09-23 13:18:06,627 [Worker-79: Launching Executing install in D__2DAM_acceso_datos_proyectos_webapp-example] INFO  o.eclipse.m2e.core.internal.Bundles - 	Entry: C:\eclipse-acceso-datos\eclipse-jee\eclipse\plugins\org.eclipse.m2e.maven.runtime_3.9.1601.20260722-2149\jars\plexus-build-api-1.2.0.jar
2026-09-23 13:18:06,627 [Worker-79: Launching Executing install in D__2DAM_acceso_datos_proyectos_webapp-example] INFO  o.eclipse.m2e.core.internal.Bundles - 	Entry: C:\eclipse-acceso-datos\eclipse-jee\eclipse\plugins\org.eclipse.m2e.maven.runtime_3.9.1601.20260722-2149\jars\plexus-cipher-2.0.jar
2026-09-23 13:18:06,627 [Worker-79: Launching Executing install in D__2DAM_acceso_datos_proyectos_webapp-example] INFO  o.eclipse.m2e.core.internal.Bundles - 	Entry: C:\eclipse-acceso-datos\eclipse-jee\eclipse\plugins\org.eclipse.m2e.maven.runtime_3.9.1601.20260722-2149\jars\plexus-classworlds-2.11.0.jar
2026-09-23 13:18:06,627 [Worker-79: Launching Executing install in D__2DAM_acceso_datos_proyectos_webapp-example] INFO  o.eclipse.m2e.core.internal.Bundles - 	Entry: C:\eclipse-acceso-datos\eclipse-jee\eclipse\plugins\org.eclipse.m2e.maven.runtime_3.9.1601.20260722-2149\jars\plexus-component-annotations-2.2.0.jar
2026-09-23 13:18:06,628 [Worker-79: Launching Executing install in D__2DAM_acceso_datos_proyectos_webapp-example] INFO  o.eclipse.m2e.core.internal.Bundles - 	Entry: C:\eclipse-acceso-datos\eclipse-jee\eclipse\plugins\org.eclipse.m2e.maven.runtime_3.9.1601.20260722-2149\jars\plexus-interpolation-1.29.jar
2026-09-23 13:18:06,628 [Worker-79: Launching Executing install in D__2DAM_acceso_datos_proyectos_webapp-example] INFO  o.eclipse.m2e.core.internal.Bundles - 	Entry: C:\eclipse-acceso-datos\eclipse-jee\eclipse\plugins\org.eclipse.m2e.maven.runtime_3.9.1601.20260722-2149\jars\plexus-sec-dispatcher-2.0.jar
2026-09-23 13:18:06,628 [Worker-79: Launching Executing install in D__2DAM_acceso_datos_proyectos_webapp-example] INFO  o.eclipse.m2e.core.internal.Bundles - 	Entry: C:\eclipse-acceso-datos\eclipse-jee\eclipse\plugins\org.eclipse.m2e.maven.runtime_3.9.1601.20260722-2149\jars\plexus-utils-3.6.1.jar
2026-09-23 13:18:06,628 [Worker-79: Launching Executing install in D__2DAM_acceso_datos_proyectos_webapp-example] INFO  o.eclipse.m2e.core.internal.Bundles - 	Entry: C:\eclipse-acceso-datos\eclipse-jee\eclipse\plugins\org.eclipse.m2e.maven.runtime_3.9.1601.20260722-2149\jars\wagon-file-3.5.3.jar
2026-09-23 13:18:06,628 [Worker-79: Launching Executing install in D__2DAM_acceso_datos_proyectos_webapp-example] INFO  o.eclipse.m2e.core.internal.Bundles - 	Entry: C:\eclipse-acceso-datos\eclipse-jee\eclipse\plugins\org.eclipse.m2e.maven.runtime_3.9.1601.20260722-2149\jars\wagon-http-3.5.3.jar
2026-09-23 13:18:06,628 [Worker-79: Launching Executing install in D__2DAM_acceso_datos_proyectos_webapp-example] INFO  o.eclipse.m2e.core.internal.Bundles - 	Entry: C:\eclipse-acceso-datos\eclipse-jee\eclipse\plugins\org.eclipse.m2e.maven.runtime_3.9.1601.20260722-2149\jars\wagon-http-shared-3.5.3.jar
2026-09-23 13:18:06,628 [Worker-79: Launching Executing install in D__2DAM_acceso_datos_proyectos_webapp-example] INFO  o.eclipse.m2e.core.internal.Bundles - 	Entry: C:\eclipse-acceso-datos\eclipse-jee\eclipse\plugins\org.eclipse.m2e.maven.runtime_3.9.1601.20260722-2149\jars\wagon-provider-api-3.5.3.jar
2026-09-23 13:18:06,628 [Worker-79: Launching Executing install in D__2DAM_acceso_datos_proyectos_webapp-example] INFO  o.eclipse.m2e.core.internal.Bundles - getClasspathEntries(Bundle=com.google.guava_33.7.1.jre [19])
2026-09-23 13:18:06,629 [Worker-79: Launching Executing install in D__2DAM_acceso_datos_proyectos_webapp-example] INFO  o.eclipse.m2e.core.internal.Bundles - 	Entry: C:\eclipse-acceso-datos\eclipse-jee\eclipse\plugins\com.google.guava_33.7.1.jre.jar
2026-09-23 13:18:06,629 [Worker-79: Launching Executing install in D__2DAM_acceso_datos_proyectos_webapp-example] INFO  o.eclipse.m2e.core.internal.Bundles - getClasspathEntries(Bundle=slf4j.api_2.0.18 [1015])
2026-09-23 13:18:06,629 [Worker-79: Launching Executing install in D__2DAM_acceso_datos_proyectos_webapp-example] INFO  o.eclipse.m2e.core.internal.Bundles - 	Entry: C:\eclipse-acceso-datos\eclipse-jee\eclipse\plugins\slf4j.api_2.0.18.jar
2026-09-23 13:18:06,629 [Worker-79: Launching Executing install in D__2DAM_acceso_datos_proyectos_webapp-example] INFO  o.eclipse.m2e.core.internal.Bundles - getClasspathEntries(Bundle=jakarta.inject.jakarta.inject-api_1.0.5 [36])
2026-09-23 13:18:06,629 [Worker-79: Launching Executing install in D__2DAM_acceso_datos_proyectos_webapp-example] INFO  o.eclipse.m2e.core.internal.Bundles - 	Entry: C:\eclipse-acceso-datos\eclipse-jee\eclipse\plugins\jakarta.inject.jakarta.inject-api_1.0.5.jar
2026-09-23 13:18:06,629 [Worker-79: Launching Executing install in D__2DAM_acceso_datos_proyectos_webapp-example] INFO  o.eclipse.m2e.core.internal.Bundles - getClasspathEntries(Bundle=jakarta.annotation-api_1.3.5 [32])
2026-09-23 13:18:06,629 [Worker-79: Launching Executing install in D__2DAM_acceso_datos_proyectos_webapp-example] INFO  o.eclipse.m2e.core.internal.Bundles - 	Entry: C:\eclipse-acceso-datos\eclipse-jee\eclipse\plugins\jakarta.annotation-api_1.3.5.jar
2026-09-23 13:18:06,629 [Worker-79: Launching Executing install in D__2DAM_acceso_datos_proyectos_webapp-example] INFO  o.eclipse.m2e.core.internal.Bundles - getClasspathEntries(Bundle=org.apache.commons.cli_1.11.0 [84])
2026-09-23 13:18:06,630 [Worker-79: Launching Executing install in D__2DAM_acceso_datos_proyectos_webapp-example] INFO  o.eclipse.m2e.core.internal.Bundles - 	Entry: C:\eclipse-acceso-datos\eclipse-jee\eclipse\plugins\org.apache.commons.cli_1.11.0.jar
2026-09-23 13:18:06,630 [Worker-79: Launching Executing install in D__2DAM_acceso_datos_proyectos_webapp-example] INFO  o.eclipse.m2e.core.internal.Bundles - getClasspathEntries(Bundle=org.apache.commons.commons-codec_1.22.1 [86])
2026-09-23 13:18:06,630 [Worker-79: Launching Executing install in D__2DAM_acceso_datos_proyectos_webapp-example] INFO  o.eclipse.m2e.core.internal.Bundles - 	Entry: C:\eclipse-acceso-datos\eclipse-jee\eclipse\plugins\org.apache.commons.commons-codec_1.22.1.jar
2026-09-23 13:18:06,630 [Worker-79: Launching Executing install in D__2DAM_acceso_datos_proyectos_webapp-example] INFO  o.eclipse.m2e.core.internal.Bundles - getClasspathEntries(Bundle=com.google.guava.failureaccess_1.0.3 [20])
2026-09-23 13:18:06,630 [Worker-79: Launching Executing install in D__2DAM_acceso_datos_proyectos_webapp-example] INFO  o.eclipse.m2e.core.internal.Bundles - 	Entry: C:\eclipse-acceso-datos\eclipse-jee\eclipse\plugins\com.google.guava.failureaccess_1.0.3.jar
2026-09-23 13:18:06,631 [Worker-79: Launching Executing install in D__2DAM_acceso_datos_proyectos_webapp-example] INFO  o.e.m.i.launch.MavenLaunchDelegate - Run build in "D:\2DAM\acceso_datos\proyectos\webapp-example":
2026-09-23 13:18:06,631 [Worker-79: Launching Executing install in D__2DAM_acceso_datos_proyectos_webapp-example] INFO  o.e.m.i.launch.MavenLaunchDelegate -  mvn  -B -Dstyle.color=always install
2026-09-23 13:19:20,489 [Worker-72: Building] INFO  o.a.m.s.f.DefaultMavenResourcesFiltering - Copying 0 resource from src\main\resources to target\classes
2026-09-23 13:19:20,490 [Worker-72: Building] INFO  o.a.m.s.f.DefaultMavenResourcesFiltering - Copying 0 resource from src\test\resources to target\test-classes
2026-09-23 13:19:20,490 [Worker-72: Building] INFO  o.e.m.w.i.f.ResourceFilteringBuildParticipant - Changed resources require a complete clean of filtered resources of webapp-example
2026-09-23 13:19:20,490 [Worker-72: Building] INFO  o.e.m.w.i.f.ResourceFilteringBuildParticipant - Executing resource filtering for webapp-example
2026-09-23 13:19:20,496 [Worker-72: Building] WARN  o.apache.maven.project.MavenProject - Plugin is modifying compileSourceRoots through clear(), which will not work in Maven 4.0.0. Use MavenProject.addCompileSourceRoot()/removeCompileSourceRoot() methods instead. If using a plugin, please upgrade to the latest version or report the issue to the plugin maintainer. To disable these warnings, set -Dmaven.project.sourceRoots.warningsDisabled=true on the command line, in the .mvn/maven.config file, or in project POM properties.
2026-09-23 13:19:20,497 [Worker-72: Building] WARN  o.apache.maven.project.MavenProject - Plugin is modifying compileSourceRoots through add(), which will not work in Maven 4.0.0. Use MavenProject.addCompileSourceRoot()/removeCompileSourceRoot() methods instead. If using a plugin, please upgrade to the latest version or report the issue to the plugin maintainer. To disable these warnings, set -Dmaven.project.sourceRoots.warningsDisabled=true on the command line, in the .mvn/maven.config file, or in project POM properties.
2026-09-23 13:19:20,497 [Worker-72: Building] WARN  o.apache.maven.project.MavenProject - Plugin is modifying testCompileSourceRoots through clear(), which will not work in Maven 4.0.0. Use MavenProject.addTestCompileSourceRoot()/removeTestCompileSourceRoot() methods instead. If using a plugin, please upgrade to the latest version or report the issue to the plugin maintainer. To disable these warnings, set -Dmaven.project.sourceRoots.warningsDisabled=true on the command line, in the .mvn/maven.config file, or in project POM properties.
2026-09-23 13:19:20,497 [Worker-72: Building] WARN  o.apache.maven.project.MavenProject - Plugin is modifying testCompileSourceRoots through add(), which will not work in Maven 4.0.0. Use MavenProject.addTestCompileSourceRoot()/removeTestCompileSourceRoot() methods instead. If using a plugin, please upgrade to the latest version or report the issue to the plugin maintainer. To disable these warnings, set -Dmaven.project.sourceRoots.warningsDisabled=true on the command line, in the .mvn/maven.config file, or in project POM properties.
2026-09-23 13:19:33,914 [Worker-75: Launching Executing clean in D__2DAM_acceso_datos_proyectos_webapp-example] INFO  o.eclipse.m2e.core.internal.Bundles - getClasspathEntries(Bundle=org.eclipse.m2e.maven.runtime_3.9.1601.20260722-2149 [647])
2026-09-23 13:19:33,915 [Worker-75: Launching Executing clean in D__2DAM_acceso_datos_proyectos_webapp-example] INFO  o.eclipse.m2e.core.internal.Bundles - 	Entry: C:\eclipse-acceso-datos\eclipse-jee\eclipse\plugins\org.eclipse.m2e.maven.runtime_3.9.1601.20260722-2149
2026-09-23 13:19:33,915 [Worker-75: Launching Executing clean in D__2DAM_acceso_datos_proyectos_webapp-example] INFO  o.eclipse.m2e.core.internal.Bundles - 	Entry: C:\eclipse-acceso-datos\eclipse-jee\eclipse\plugins\org.eclipse.m2e.maven.runtime_3.9.1601.20260722-2149\jars\aopalliance-1.0.jar
2026-09-23 13:19:33,915 [Worker-75: Launching Executing clean in D__2DAM_acceso_datos_proyectos_webapp-example] INFO  o.eclipse.m2e.core.internal.Bundles - 	Entry: C:\eclipse-acceso-datos\eclipse-jee\eclipse\plugins\org.eclipse.m2e.maven.runtime_3.9.1601.20260722-2149\jars\asm-9.9.1.jar
2026-09-23 13:19:33,915 [Worker-75: Launching Executing clean in D__2DAM_acceso_datos_proyectos_webapp-example] INFO  o.eclipse.m2e.core.internal.Bundles - 	Entry: C:\eclipse-acceso-datos\eclipse-jee\eclipse\plugins\org.eclipse.m2e.maven.runtime_3.9.1601.20260722-2149\jars\error_prone_annotations-2.41.0.jar
2026-09-23 13:19:33,915 [Worker-75: Launching Executing clean in D__2DAM_acceso_datos_proyectos_webapp-example] INFO  o.eclipse.m2e.core.internal.Bundles - 	Entry: C:\eclipse-acceso-datos\eclipse-jee\eclipse\plugins\org.eclipse.m2e.maven.runtime_3.9.1601.20260722-2149\jars\gson-2.13.2.jar
2026-09-23 13:19:33,915 [Worker-75: Launching Executing clean in D__2DAM_acceso_datos_proyectos_webapp-example] INFO  o.eclipse.m2e.core.internal.Bundles - 	Entry: C:\eclipse-acceso-datos\eclipse-jee\eclipse\plugins\org.eclipse.m2e.maven.runtime_3.9.1601.20260722-2149\jars\guice-5.1.0-classes.jar
2026-09-23 13:19:33,915 [Worker-75: Launching Executing clean in D__2DAM_acceso_datos_proyectos_webapp-example] INFO  o.eclipse.m2e.core.internal.Bundles - 	Entry: C:\eclipse-acceso-datos\eclipse-jee\eclipse\plugins\org.eclipse.m2e.maven.runtime_3.9.1601.20260722-2149\jars\httpclient-4.5.14.jar
2026-09-23 13:19:33,915 [Worker-75: Launching Executing clean in D__2DAM_acceso_datos_proyectos_webapp-example] INFO  o.eclipse.m2e.core.internal.Bundles - 	Entry: C:\eclipse-acceso-datos\eclipse-jee\eclipse\plugins\org.eclipse.m2e.maven.runtime_3.9.1601.20260722-2149\jars\httpcore-4.4.16.jar
2026-09-23 13:19:33,915 [Worker-75: Launching Executing clean in D__2DAM_acceso_datos_proyectos_webapp-example] INFO  o.eclipse.m2e.core.internal.Bundles - 	Entry: C:\eclipse-acceso-datos\eclipse-jee\eclipse\plugins\org.eclipse.m2e.maven.runtime_3.9.1601.20260722-2149\jars\jansi-2.4.3.jar
2026-09-23 13:19:33,915 [Worker-75: Launching Executing clean in D__2DAM_acceso_datos_proyectos_webapp-example] INFO  o.eclipse.m2e.core.internal.Bundles - 	Entry: C:\eclipse-acceso-datos\eclipse-jee\eclipse\plugins\org.eclipse.m2e.maven.runtime_3.9.1601.20260722-2149\jars\jcl-over-slf4j-2.0.18.jar
2026-09-23 13:19:33,915 [Worker-75: Launching Executing clean in D__2DAM_acceso_datos_proyectos_webapp-example] INFO  o.eclipse.m2e.core.internal.Bundles - 	Entry: C:\eclipse-acceso-datos\eclipse-jee\eclipse\plugins\org.eclipse.m2e.maven.runtime_3.9.1601.20260722-2149\jars\maven-artifact-3.9.16.jar
2026-09-23 13:19:33,916 [Worker-75: Launching Executing clean in D__2DAM_acceso_datos_proyectos_webapp-example] INFO  o.eclipse.m2e.core.internal.Bundles - 	Entry: C:\eclipse-acceso-datos\eclipse-jee\eclipse\plugins\org.eclipse.m2e.maven.runtime_3.9.1601.20260722-2149\jars\maven-builder-support-3.9.16.jar
2026-09-23 13:19:33,916 [Worker-75: Launching Executing clean in D__2DAM_acceso_datos_proyectos_webapp-example] INFO  o.eclipse.m2e.core.internal.Bundles - 	Entry: C:\eclipse-acceso-datos\eclipse-jee\eclipse\plugins\org.eclipse.m2e.maven.runtime_3.9.1601.20260722-2149\jars\maven-compat-3.9.16.jar
2026-09-23 13:19:33,916 [Worker-75: Launching Executing clean in D__2DAM_acceso_datos_proyectos_webapp-example] INFO  o.eclipse.m2e.core.internal.Bundles - 	Entry: C:\eclipse-acceso-datos\eclipse-jee\eclipse\plugins\org.eclipse.m2e.maven.runtime_3.9.1601.20260722-2149\jars\maven-core-3.9.16.jar
2026-09-23 13:19:33,916 [Worker-75: Launching Executing clean in D__2DAM_acceso_datos_proyectos_webapp-example] INFO  o.eclipse.m2e.core.internal.Bundles - 	Entry: C:\eclipse-acceso-datos\eclipse-jee\eclipse\plugins\org.eclipse.m2e.maven.runtime_3.9.1601.20260722-2149\jars\maven-embedder-3.9.16.jar
2026-09-23 13:19:33,916 [Worker-75: Launching Executing clean in D__2DAM_acceso_datos_proyectos_webapp-example] INFO  o.eclipse.m2e.core.internal.Bundles - 	Entry: C:\eclipse-acceso-datos\eclipse-jee\eclipse\plugins\org.eclipse.m2e.maven.runtime_3.9.1601.20260722-2149\jars\maven-model-3.9.16.jar
2026-09-23 13:19:33,916 [Worker-75: Launching Executing clean in D__2DAM_acceso_datos_proyectos_webapp-example] INFO  o.eclipse.m2e.core.internal.Bundles - 	Entry: C:\eclipse-acceso-datos\eclipse-jee\eclipse\plugins\org.eclipse.m2e.maven.runtime_3.9.1601.20260722-2149\jars\maven-model-builder-3.9.16.jar
2026-09-23 13:19:33,916 [Worker-75: Launching Executing clean in D__2DAM_acceso_datos_proyectos_webapp-example] INFO  o.eclipse.m2e.core.internal.Bundles - 	Entry: C:\eclipse-acceso-datos\eclipse-jee\eclipse\plugins\org.eclipse.m2e.maven.runtime_3.9.1601.20260722-2149\jars\maven-plugin-api-3.9.16.jar
2026-09-23 13:19:33,916 [Worker-75: Launching Executing clean in D__2DAM_acceso_datos_proyectos_webapp-example] INFO  o.eclipse.m2e.core.internal.Bundles - 	Entry: C:\eclipse-acceso-datos\eclipse-jee\eclipse\plugins\org.eclipse.m2e.maven.runtime_3.9.1601.20260722-2149\jars\maven-repository-metadata-3.9.16.jar
2026-09-23 13:19:33,916 [Worker-75: Launching Executing clean in D__2DAM_acceso_datos_proyectos_webapp-example] INFO  o.eclipse.m2e.core.internal.Bundles - 	Entry: C:\eclipse-acceso-datos\eclipse-jee\eclipse\plugins\org.eclipse.m2e.maven.runtime_3.9.1601.20260722-2149\jars\maven-resolver-api-1.9.27.jar
2026-09-23 13:19:33,916 [Worker-75: Launching Executing clean in D__2DAM_acceso_datos_proyectos_webapp-example] INFO  o.eclipse.m2e.core.internal.Bundles - 	Entry: C:\eclipse-acceso-datos\eclipse-jee\eclipse\plugins\org.eclipse.m2e.maven.runtime_3.9.1601.20260722-2149\jars\maven-resolver-connector-basic-1.9.27.jar
2026-09-23 13:19:33,916 [Worker-75: Launching Executing clean in D__2DAM_acceso_datos_proyectos_webapp-example] INFO  o.eclipse.m2e.core.internal.Bundles - 	Entry: C:\eclipse-acceso-datos\eclipse-jee\eclipse\plugins\org.eclipse.m2e.maven.runtime_3.9.1601.20260722-2149\jars\maven-resolver-impl-1.9.27.jar
2026-09-23 13:19:33,916 [Worker-75: Launching Executing clean in D__2DAM_acceso_datos_proyectos_webapp-example] INFO  o.eclipse.m2e.core.internal.Bundles - 	Entry: C:\eclipse-acceso-datos\eclipse-jee\eclipse\plugins\org.eclipse.m2e.maven.runtime_3.9.1601.20260722-2149\jars\maven-resolver-named-locks-1.9.27.jar
2026-09-23 13:19:33,916 [Worker-75: Launching Executing clean in D__2DAM_acceso_datos_proyectos_webapp-example] INFO  o.eclipse.m2e.core.internal.Bundles - 	Entry: C:\eclipse-acceso-datos\eclipse-jee\eclipse\plugins\org.eclipse.m2e.maven.runtime_3.9.1601.20260722-2149\jars\maven-resolver-provider-3.9.16.jar
2026-09-23 13:19:33,917 [Worker-75: Launching Executing clean in D__2DAM_acceso_datos_proyectos_webapp-example] INFO  o.eclipse.m2e.core.internal.Bundles - 	Entry: C:\eclipse-acceso-datos\eclipse-jee\eclipse\plugins\org.eclipse.m2e.maven.runtime_3.9.1601.20260722-2149\jars\maven-resolver-spi-1.9.27.jar
2026-09-23 13:19:33,917 [Worker-75: Launching Executing clean in D__2DAM_acceso_datos_proyectos_webapp-example] INFO  o.eclipse.m2e.core.internal.Bundles - 	Entry: C:\eclipse-acceso-datos\eclipse-jee\eclipse\plugins\org.eclipse.m2e.maven.runtime_3.9.1601.20260722-2149\jars\maven-resolver-transport-file-1.9.27.jar
2026-09-23 13:19:33,917 [Worker-75: Launching Executing clean in D__2DAM_acceso_datos_proyectos_webapp-example] INFO  o.eclipse.m2e.core.internal.Bundles - 	Entry: C:\eclipse-acceso-datos\eclipse-jee\eclipse\plugins\org.eclipse.m2e.maven.runtime_3.9.1601.20260722-2149\jars\maven-resolver-transport-http-1.9.27.jar
2026-09-23 13:19:33,917 [Worker-75: Launching Executing clean in D__2DAM_acceso_datos_proyectos_webapp-example] INFO  o.eclipse.m2e.core.internal.Bundles - 	Entry: C:\eclipse-acceso-datos\eclipse-jee\eclipse\plugins\org.eclipse.m2e.maven.runtime_3.9.1601.20260722-2149\jars\maven-resolver-transport-wagon-1.9.27.jar
2026-09-23 13:19:33,917 [Worker-75: Launching Executing clean in D__2DAM_acceso_datos_proyectos_webapp-example] INFO  o.eclipse.m2e.core.internal.Bundles - 	Entry: C:\eclipse-acceso-datos\eclipse-jee\eclipse\plugins\org.eclipse.m2e.maven.runtime_3.9.1601.20260722-2149\jars\maven-resolver-util-1.9.27.jar
2026-09-23 13:19:33,917 [Worker-75: Launching Executing clean in D__2DAM_acceso_datos_proyectos_webapp-example] INFO  o.eclipse.m2e.core.internal.Bundles - 	Entry: C:\eclipse-acceso-datos\eclipse-jee\eclipse\plugins\org.eclipse.m2e.maven.runtime_3.9.1601.20260722-2149\jars\maven-settings-3.9.16.jar
2026-09-23 13:19:33,917 [Worker-75: Launching Executing clean in D__2DAM_acceso_datos_proyectos_webapp-example] INFO  o.eclipse.m2e.core.internal.Bundles - 	Entry: C:\eclipse-acceso-datos\eclipse-jee\eclipse\plugins\org.eclipse.m2e.maven.runtime_3.9.1601.20260722-2149\jars\maven-settings-builder-3.9.16.jar
2026-09-23 13:19:33,917 [Worker-75: Launching Executing clean in D__2DAM_acceso_datos_proyectos_webapp-example] INFO  o.eclipse.m2e.core.internal.Bundles - 	Entry: C:\eclipse-acceso-datos\eclipse-jee\eclipse\plugins\org.eclipse.m2e.maven.runtime_3.9.1601.20260722-2149\jars\maven-shared-utils-3.4.2.jar
2026-09-23 13:19:33,917 [Worker-75: Launching Executing clean in D__2DAM_acceso_datos_proyectos_webapp-example] INFO  o.eclipse.m2e.core.internal.Bundles - 	Entry: C:\eclipse-acceso-datos\eclipse-jee\eclipse\plugins\org.eclipse.m2e.maven.runtime_3.9.1601.20260722-2149\jars\org.eclipse.sisu.inject-1.0.0.jar
2026-09-23 13:19:33,917 [Worker-75: Launching Executing clean in D__2DAM_acceso_datos_proyectos_webapp-example] INFO  o.eclipse.m2e.core.internal.Bundles - 	Entry: C:\eclipse-acceso-datos\eclipse-jee\eclipse\plugins\org.eclipse.m2e.maven.runtime_3.9.1601.20260722-2149\jars\org.eclipse.sisu.plexus-1.0.0.jar
2026-09-23 13:19:33,917 [Worker-75: Launching Executing clean in D__2DAM_acceso_datos_proyectos_webapp-example] INFO  o.eclipse.m2e.core.internal.Bundles - 	Entry: C:\eclipse-acceso-datos\eclipse-jee\eclipse\plugins\org.eclipse.m2e.maven.runtime_3.9.1601.20260722-2149\jars\plexus-build-api-0.0.7.jar
2026-09-23 13:19:33,918 [Worker-75: Launching Executing clean in D__2DAM_acceso_datos_proyectos_webapp-example] INFO  o.eclipse.m2e.core.internal.Bundles - 	Entry: C:\eclipse-acceso-datos\eclipse-jee\eclipse\plugins\org.eclipse.m2e.maven.runtime_3.9.1601.20260722-2149\jars\plexus-build-api-1.2.0.jar
2026-09-23 13:19:33,918 [Worker-75: Launching Executing clean in D__2DAM_acceso_datos_proyectos_webapp-example] INFO  o.eclipse.m2e.core.internal.Bundles - 	Entry: C:\eclipse-acceso-datos\eclipse-jee\eclipse\plugins\org.eclipse.m2e.maven.runtime_3.9.1601.20260722-2149\jars\plexus-cipher-2.0.jar
2026-09-23 13:19:33,918 [Worker-75: Launching Executing clean in D__2DAM_acceso_datos_proyectos_webapp-example] INFO  o.eclipse.m2e.core.internal.Bundles - 	Entry: C:\eclipse-acceso-datos\eclipse-jee\eclipse\plugins\org.eclipse.m2e.maven.runtime_3.9.1601.20260722-2149\jars\plexus-classworlds-2.11.0.jar
2026-09-23 13:19:33,918 [Worker-75: Launching Executing clean in D__2DAM_acceso_datos_proyectos_webapp-example] INFO  o.eclipse.m2e.core.internal.Bundles - 	Entry: C:\eclipse-acceso-datos\eclipse-jee\eclipse\plugins\org.eclipse.m2e.maven.runtime_3.9.1601.20260722-2149\jars\plexus-component-annotations-2.2.0.jar
2026-09-23 13:19:33,918 [Worker-75: Launching Executing clean in D__2DAM_acceso_datos_proyectos_webapp-example] INFO  o.eclipse.m2e.core.internal.Bundles - 	Entry: C:\eclipse-acceso-datos\eclipse-jee\eclipse\plugins\org.eclipse.m2e.maven.runtime_3.9.1601.20260722-2149\jars\plexus-interpolation-1.29.jar
2026-09-23 13:19:33,918 [Worker-75: Launching Executing clean in D__2DAM_acceso_datos_proyectos_webapp-example] INFO  o.eclipse.m2e.core.internal.Bundles - 	Entry: C:\eclipse-acceso-datos\eclipse-jee\eclipse\plugins\org.eclipse.m2e.maven.runtime_3.9.1601.20260722-2149\jars\plexus-sec-dispatcher-2.0.jar
2026-09-23 13:19:33,918 [Worker-75: Launching Executing clean in D__2DAM_acceso_datos_proyectos_webapp-example] INFO  o.eclipse.m2e.core.internal.Bundles - 	Entry: C:\eclipse-acceso-datos\eclipse-jee\eclipse\plugins\org.eclipse.m2e.maven.runtime_3.9.1601.20260722-2149\jars\plexus-utils-3.6.1.jar
2026-09-23 13:19:33,918 [Worker-75: Launching Executing clean in D__2DAM_acceso_datos_proyectos_webapp-example] INFO  o.eclipse.m2e.core.internal.Bundles - 	Entry: C:\eclipse-acceso-datos\eclipse-jee\eclipse\plugins\org.eclipse.m2e.maven.runtime_3.9.1601.20260722-2149\jars\wagon-file-3.5.3.jar
2026-09-23 13:19:33,918 [Worker-75: Launching Executing clean in D__2DAM_acceso_datos_proyectos_webapp-example] INFO  o.eclipse.m2e.core.internal.Bundles - 	Entry: C:\eclipse-acceso-datos\eclipse-jee\eclipse\plugins\org.eclipse.m2e.maven.runtime_3.9.1601.20260722-2149\jars\wagon-http-3.5.3.jar
2026-09-23 13:19:33,918 [Worker-75: Launching Executing clean in D__2DAM_acceso_datos_proyectos_webapp-example] INFO  o.eclipse.m2e.core.internal.Bundles - 	Entry: C:\eclipse-acceso-datos\eclipse-jee\eclipse\plugins\org.eclipse.m2e.maven.runtime_3.9.1601.20260722-2149\jars\wagon-http-shared-3.5.3.jar
2026-09-23 13:19:33,918 [Worker-75: Launching Executing clean in D__2DAM_acceso_datos_proyectos_webapp-example] INFO  o.eclipse.m2e.core.internal.Bundles - 	Entry: C:\eclipse-acceso-datos\eclipse-jee\eclipse\plugins\org.eclipse.m2e.maven.runtime_3.9.1601.20260722-2149\jars\wagon-provider-api-3.5.3.jar
2026-09-23 13:19:33,918 [Worker-75: Launching Executing clean in D__2DAM_acceso_datos_proyectos_webapp-example] INFO  o.eclipse.m2e.core.internal.Bundles - getClasspathEntries(Bundle=com.google.guava_33.7.1.jre [19])
2026-09-23 13:19:33,919 [Worker-75: Launching Executing clean in D__2DAM_acceso_datos_proyectos_webapp-example] INFO  o.eclipse.m2e.core.internal.Bundles - 	Entry: C:\eclipse-acceso-datos\eclipse-jee\eclipse\plugins\com.google.guava_33.7.1.jre.jar
2026-09-23 13:19:33,919 [Worker-75: Launching Executing clean in D__2DAM_acceso_datos_proyectos_webapp-example] INFO  o.eclipse.m2e.core.internal.Bundles - getClasspathEntries(Bundle=slf4j.api_2.0.18 [1015])
2026-09-23 13:19:33,919 [Worker-75: Launching Executing clean in D__2DAM_acceso_datos_proyectos_webapp-example] INFO  o.eclipse.m2e.core.internal.Bundles - 	Entry: C:\eclipse-acceso-datos\eclipse-jee\eclipse\plugins\slf4j.api_2.0.18.jar
2026-09-23 13:19:33,919 [Worker-75: Launching Executing clean in D__2DAM_acceso_datos_proyectos_webapp-example] INFO  o.eclipse.m2e.core.internal.Bundles - getClasspathEntries(Bundle=jakarta.inject.jakarta.inject-api_1.0.5 [36])
2026-09-23 13:19:33,920 [Worker-75: Launching Executing clean in D__2DAM_acceso_datos_proyectos_webapp-example] INFO  o.eclipse.m2e.core.internal.Bundles - 	Entry: C:\eclipse-acceso-datos\eclipse-jee\eclipse\plugins\jakarta.inject.jakarta.inject-api_1.0.5.jar
2026-09-23 13:19:33,920 [Worker-75: Launching Executing clean in D__2DAM_acceso_datos_proyectos_webapp-example] INFO  o.eclipse.m2e.core.internal.Bundles - getClasspathEntries(Bundle=jakarta.annotation-api_1.3.5 [32])
2026-09-23 13:19:33,920 [Worker-75: Launching Executing clean in D__2DAM_acceso_datos_proyectos_webapp-example] INFO  o.eclipse.m2e.core.internal.Bundles - 	Entry: C:\eclipse-acceso-datos\eclipse-jee\eclipse\plugins\jakarta.annotation-api_1.3.5.jar
2026-09-23 13:19:33,920 [Worker-75: Launching Executing clean in D__2DAM_acceso_datos_proyectos_webapp-example] INFO  o.eclipse.m2e.core.internal.Bundles - getClasspathEntries(Bundle=org.apache.commons.cli_1.11.0 [84])
2026-09-23 13:19:33,920 [Worker-75: Launching Executing clean in D__2DAM_acceso_datos_proyectos_webapp-example] INFO  o.eclipse.m2e.core.internal.Bundles - 	Entry: C:\eclipse-acceso-datos\eclipse-jee\eclipse\plugins\org.apache.commons.cli_1.11.0.jar
2026-09-23 13:19:33,920 [Worker-75: Launching Executing clean in D__2DAM_acceso_datos_proyectos_webapp-example] INFO  o.eclipse.m2e.core.internal.Bundles - getClasspathEntries(Bundle=org.apache.commons.commons-codec_1.22.1 [86])
2026-09-23 13:19:33,920 [Worker-75: Launching Executing clean in D__2DAM_acceso_datos_proyectos_webapp-example] INFO  o.eclipse.m2e.core.internal.Bundles - 	Entry: C:\eclipse-acceso-datos\eclipse-jee\eclipse\plugins\org.apache.commons.commons-codec_1.22.1.jar
2026-09-23 13:19:33,921 [Worker-75: Launching Executing clean in D__2DAM_acceso_datos_proyectos_webapp-example] INFO  o.eclipse.m2e.core.internal.Bundles - getClasspathEntries(Bundle=com.google.guava.failureaccess_1.0.3 [20])
2026-09-23 13:19:33,921 [Worker-75: Launching Executing clean in D__2DAM_acceso_datos_proyectos_webapp-example] INFO  o.eclipse.m2e.core.internal.Bundles - 	Entry: C:\eclipse-acceso-datos\eclipse-jee\eclipse\plugins\com.google.guava.failureaccess_1.0.3.jar
2026-09-23 13:19:33,922 [Worker-75: Launching Executing clean in D__2DAM_acceso_datos_proyectos_webapp-example] INFO  o.e.m.i.launch.MavenLaunchDelegate - Run build in "D:\2DAM\acceso_datos\proyectos\webapp-example":
2026-09-23 13:19:33,922 [Worker-75: Launching Executing clean in D__2DAM_acceso_datos_proyectos_webapp-example] INFO  o.e.m.i.launch.MavenLaunchDelegate -  mvn  -B -Dstyle.color=always clean
2026-09-23 13:19:41,755 [Worker-79: Launching Executing install in D__2DAM_acceso_datos_proyectos_webapp-example] INFO  o.eclipse.m2e.core.internal.Bundles - getClasspathEntries(Bundle=org.eclipse.m2e.maven.runtime_3.9.1601.20260722-2149 [647])
2026-09-23 13:19:41,756 [Worker-79: Launching Executing install in D__2DAM_acceso_datos_proyectos_webapp-example] INFO  o.eclipse.m2e.core.internal.Bundles - 	Entry: C:\eclipse-acceso-datos\eclipse-jee\eclipse\plugins\org.eclipse.m2e.maven.runtime_3.9.1601.20260722-2149
2026-09-23 13:19:41,756 [Worker-79: Launching Executing install in D__2DAM_acceso_datos_proyectos_webapp-example] INFO  o.eclipse.m2e.core.internal.Bundles - 	Entry: C:\eclipse-acceso-datos\eclipse-jee\eclipse\plugins\org.eclipse.m2e.maven.runtime_3.9.1601.20260722-2149\jars\aopalliance-1.0.jar
2026-09-23 13:19:41,756 [Worker-79: Launching Executing install in D__2DAM_acceso_datos_proyectos_webapp-example] INFO  o.eclipse.m2e.core.internal.Bundles - 	Entry: C:\eclipse-acceso-datos\eclipse-jee\eclipse\plugins\org.eclipse.m2e.maven.runtime_3.9.1601.20260722-2149\jars\asm-9.9.1.jar
2026-09-23 13:19:41,756 [Worker-79: Launching Executing install in D__2DAM_acceso_datos_proyectos_webapp-example] INFO  o.eclipse.m2e.core.internal.Bundles - 	Entry: C:\eclipse-acceso-datos\eclipse-jee\eclipse\plugins\org.eclipse.m2e.maven.runtime_3.9.1601.20260722-2149\jars\error_prone_annotations-2.41.0.jar
2026-09-23 13:19:41,756 [Worker-79: Launching Executing install in D__2DAM_acceso_datos_proyectos_webapp-example] INFO  o.eclipse.m2e.core.internal.Bundles - 	Entry: C:\eclipse-acceso-datos\eclipse-jee\eclipse\plugins\org.eclipse.m2e.maven.runtime_3.9.1601.20260722-2149\jars\gson-2.13.2.jar
2026-09-23 13:19:41,756 [Worker-79: Launching Executing install in D__2DAM_acceso_datos_proyectos_webapp-example] INFO  o.eclipse.m2e.core.internal.Bundles - 	Entry: C:\eclipse-acceso-datos\eclipse-jee\eclipse\plugins\org.eclipse.m2e.maven.runtime_3.9.1601.20260722-2149\jars\guice-5.1.0-classes.jar
2026-09-23 13:19:41,756 [Worker-79: Launching Executing install in D__2DAM_acceso_datos_proyectos_webapp-example] INFO  o.eclipse.m2e.core.internal.Bundles - 	Entry: C:\eclipse-acceso-datos\eclipse-jee\eclipse\plugins\org.eclipse.m2e.maven.runtime_3.9.1601.20260722-2149\jars\httpclient-4.5.14.jar
2026-09-23 13:19:41,756 [Worker-79: Launching Executing install in D__2DAM_acceso_datos_proyectos_webapp-example] INFO  o.eclipse.m2e.core.internal.Bundles - 	Entry: C:\eclipse-acceso-datos\eclipse-jee\eclipse\plugins\org.eclipse.m2e.maven.runtime_3.9.1601.20260722-2149\jars\httpcore-4.4.16.jar
2026-09-23 13:19:41,756 [Worker-79: Launching Executing install in D__2DAM_acceso_datos_proyectos_webapp-example] INFO  o.eclipse.m2e.core.internal.Bundles - 	Entry: C:\eclipse-acceso-datos\eclipse-jee\eclipse\plugins\org.eclipse.m2e.maven.runtime_3.9.1601.20260722-2149\jars\jansi-2.4.3.jar
2026-09-23 13:19:41,756 [Worker-79: Launching Executing install in D__2DAM_acceso_datos_proyectos_webapp-example] INFO  o.eclipse.m2e.core.internal.Bundles - 	Entry: C:\eclipse-acceso-datos\eclipse-jee\eclipse\plugins\org.eclipse.m2e.maven.runtime_3.9.1601.20260722-2149\jars\jcl-over-slf4j-2.0.18.jar
2026-09-23 13:19:41,757 [Worker-79: Launching Executing install in D__2DAM_acceso_datos_proyectos_webapp-example] INFO  o.eclipse.m2e.core.internal.Bundles - 	Entry: C:\eclipse-acceso-datos\eclipse-jee\eclipse\plugins\org.eclipse.m2e.maven.runtime_3.9.1601.20260722-2149\jars\maven-artifact-3.9.16.jar
2026-09-23 13:19:41,757 [Worker-79: Launching Executing install in D__2DAM_acceso_datos_proyectos_webapp-example] INFO  o.eclipse.m2e.core.internal.Bundles - 	Entry: C:\eclipse-acceso-datos\eclipse-jee\eclipse\plugins\org.eclipse.m2e.maven.runtime_3.9.1601.20260722-2149\jars\maven-builder-support-3.9.16.jar
2026-09-23 13:19:41,757 [Worker-79: Launching Executing install in D__2DAM_acceso_datos_proyectos_webapp-example] INFO  o.eclipse.m2e.core.internal.Bundles - 	Entry: C:\eclipse-acceso-datos\eclipse-jee\eclipse\plugins\org.eclipse.m2e.maven.runtime_3.9.1601.20260722-2149\jars\maven-compat-3.9.16.jar
2026-09-23 13:19:41,757 [Worker-79: Launching Executing install in D__2DAM_acceso_datos_proyectos_webapp-example] INFO  o.eclipse.m2e.core.internal.Bundles - 	Entry: C:\eclipse-acceso-datos\eclipse-jee\eclipse\plugins\org.eclipse.m2e.maven.runtime_3.9.1601.20260722-2149\jars\maven-core-3.9.16.jar
2026-09-23 13:19:41,757 [Worker-79: Launching Executing install in D__2DAM_acceso_datos_proyectos_webapp-example] INFO  o.eclipse.m2e.core.internal.Bundles - 	Entry: C:\eclipse-acceso-datos\eclipse-jee\eclipse\plugins\org.eclipse.m2e.maven.runtime_3.9.1601.20260722-2149\jars\maven-embedder-3.9.16.jar
2026-09-23 13:19:41,757 [Worker-79: Launching Executing install in D__2DAM_acceso_datos_proyectos_webapp-example] INFO  o.eclipse.m2e.core.internal.Bundles - 	Entry: C:\eclipse-acceso-datos\eclipse-jee\eclipse\plugins\org.eclipse.m2e.maven.runtime_3.9.1601.20260722-2149\jars\maven-model-3.9.16.jar
2026-09-23 13:19:41,757 [Worker-79: Launching Executing install in D__2DAM_acceso_datos_proyectos_webapp-example] INFO  o.eclipse.m2e.core.internal.Bundles - 	Entry: C:\eclipse-acceso-datos\eclipse-jee\eclipse\plugins\org.eclipse.m2e.maven.runtime_3.9.1601.20260722-2149\jars\maven-model-builder-3.9.16.jar
2026-09-23 13:19:41,757 [Worker-79: Launching Executing install in D__2DAM_acceso_datos_proyectos_webapp-example] INFO  o.eclipse.m2e.core.internal.Bundles - 	Entry: C:\eclipse-acceso-datos\eclipse-jee\eclipse\plugins\org.eclipse.m2e.maven.runtime_3.9.1601.20260722-2149\jars\maven-plugin-api-3.9.16.jar
2026-09-23 13:19:41,757 [Worker-79: Launching Executing install in D__2DAM_acceso_datos_proyectos_webapp-example] INFO  o.eclipse.m2e.core.internal.Bundles - 	Entry: C:\eclipse-acceso-datos\eclipse-jee\eclipse\plugins\org.eclipse.m2e.maven.runtime_3.9.1601.20260722-2149\jars\maven-repository-metadata-3.9.16.jar
2026-09-23 13:19:41,757 [Worker-79: Launching Executing install in D__2DAM_acceso_datos_proyectos_webapp-example] INFO  o.eclipse.m2e.core.internal.Bundles - 	Entry: C:\eclipse-acceso-datos\eclipse-jee\eclipse\plugins\org.eclipse.m2e.maven.runtime_3.9.1601.20260722-2149\jars\maven-resolver-api-1.9.27.jar
2026-09-23 13:19:41,757 [Worker-79: Launching Executing install in D__2DAM_acceso_datos_proyectos_webapp-example] INFO  o.eclipse.m2e.core.internal.Bundles - 	Entry: C:\eclipse-acceso-datos\eclipse-jee\eclipse\plugins\org.eclipse.m2e.maven.runtime_3.9.1601.20260722-2149\jars\maven-resolver-connector-basic-1.9.27.jar
2026-09-23 13:19:41,757 [Worker-79: Launching Executing install in D__2DAM_acceso_datos_proyectos_webapp-example] INFO  o.eclipse.m2e.core.internal.Bundles - 	Entry: C:\eclipse-acceso-datos\eclipse-jee\eclipse\plugins\org.eclipse.m2e.maven.runtime_3.9.1601.20260722-2149\jars\maven-resolver-impl-1.9.27.jar
2026-09-23 13:19:41,758 [Worker-79: Launching Executing install in D__2DAM_acceso_datos_proyectos_webapp-example] INFO  o.eclipse.m2e.core.internal.Bundles - 	Entry: C:\eclipse-acceso-datos\eclipse-jee\eclipse\plugins\org.eclipse.m2e.maven.runtime_3.9.1601.20260722-2149\jars\maven-resolver-named-locks-1.9.27.jar
2026-09-23 13:19:41,758 [Worker-79: Launching Executing install in D__2DAM_acceso_datos_proyectos_webapp-example] INFO  o.eclipse.m2e.core.internal.Bundles - 	Entry: C:\eclipse-acceso-datos\eclipse-jee\eclipse\plugins\org.eclipse.m2e.maven.runtime_3.9.1601.20260722-2149\jars\maven-resolver-provider-3.9.16.jar
2026-09-23 13:19:41,758 [Worker-79: Launching Executing install in D__2DAM_acceso_datos_proyectos_webapp-example] INFO  o.eclipse.m2e.core.internal.Bundles - 	Entry: C:\eclipse-acceso-datos\eclipse-jee\eclipse\plugins\org.eclipse.m2e.maven.runtime_3.9.1601.20260722-2149\jars\maven-resolver-spi-1.9.27.jar
2026-09-23 13:19:41,758 [Worker-79: Launching Executing install in D__2DAM_acceso_datos_proyectos_webapp-example] INFO  o.eclipse.m2e.core.internal.Bundles - 	Entry: C:\eclipse-acceso-datos\eclipse-jee\eclipse\plugins\org.eclipse.m2e.maven.runtime_3.9.1601.20260722-2149\jars\maven-resolver-transport-file-1.9.27.jar
2026-09-23 13:19:41,758 [Worker-79: Launching Executing install in D__2DAM_acceso_datos_proyectos_webapp-example] INFO  o.eclipse.m2e.core.internal.Bundles - 	Entry: C:\eclipse-acceso-datos\eclipse-jee\eclipse\plugins\org.eclipse.m2e.maven.runtime_3.9.1601.20260722-2149\jars\maven-resolver-transport-http-1.9.27.jar
2026-09-23 13:19:41,758 [Worker-79: Launching Executing install in D__2DAM_acceso_datos_proyectos_webapp-example] INFO  o.eclipse.m2e.core.internal.Bundles - 	Entry: C:\eclipse-acceso-datos\eclipse-jee\eclipse\plugins\org.eclipse.m2e.maven.runtime_3.9.1601.20260722-2149\jars\maven-resolver-transport-wagon-1.9.27.jar
2026-09-23 13:19:41,758 [Worker-79: Launching Executing install in D__2DAM_acceso_datos_proyectos_webapp-example] INFO  o.eclipse.m2e.core.internal.Bundles - 	Entry: C:\eclipse-acceso-datos\eclipse-jee\eclipse\plugins\org.eclipse.m2e.maven.runtime_3.9.1601.20260722-2149\jars\maven-resolver-util-1.9.27.jar
2026-09-23 13:19:41,758 [Worker-79: Launching Executing install in D__2DAM_acceso_datos_proyectos_webapp-example] INFO  o.eclipse.m2e.core.internal.Bundles - 	Entry: C:\eclipse-acceso-datos\eclipse-jee\eclipse\plugins\org.eclipse.m2e.maven.runtime_3.9.1601.20260722-2149\jars\maven-settings-3.9.16.jar
2026-09-23 13:19:41,758 [Worker-79: Launching Executing install in D__2DAM_acceso_datos_proyectos_webapp-example] INFO  o.eclipse.m2e.core.internal.Bundles - 	Entry: C:\eclipse-acceso-datos\eclipse-jee\eclipse\plugins\org.eclipse.m2e.maven.runtime_3.9.1601.20260722-2149\jars\maven-settings-builder-3.9.16.jar
2026-09-23 13:19:41,758 [Worker-79: Launching Executing install in D__2DAM_acceso_datos_proyectos_webapp-example] INFO  o.eclipse.m2e.core.internal.Bundles - 	Entry: C:\eclipse-acceso-datos\eclipse-jee\eclipse\plugins\org.eclipse.m2e.maven.runtime_3.9.1601.20260722-2149\jars\maven-shared-utils-3.4.2.jar
2026-09-23 13:19:41,758 [Worker-79: Launching Executing install in D__2DAM_acceso_datos_proyectos_webapp-example] INFO  o.eclipse.m2e.core.internal.Bundles - 	Entry: C:\eclipse-acceso-datos\eclipse-jee\eclipse\plugins\org.eclipse.m2e.maven.runtime_3.9.1601.20260722-2149\jars\org.eclipse.sisu.inject-1.0.0.jar
2026-09-23 13:19:41,758 [Worker-79: Launching Executing install in D__2DAM_acceso_datos_proyectos_webapp-example] INFO  o.eclipse.m2e.core.internal.Bundles - 	Entry: C:\eclipse-acceso-datos\eclipse-jee\eclipse\plugins\org.eclipse.m2e.maven.runtime_3.9.1601.20260722-2149\jars\org.eclipse.sisu.plexus-1.0.0.jar
2026-09-23 13:19:41,758 [Worker-79: Launching Executing install in D__2DAM_acceso_datos_proyectos_webapp-example] INFO  o.eclipse.m2e.core.internal.Bundles - 	Entry: C:\eclipse-acceso-datos\eclipse-jee\eclipse\plugins\org.eclipse.m2e.maven.runtime_3.9.1601.20260722-2149\jars\plexus-build-api-0.0.7.jar
2026-09-23 13:19:41,759 [Worker-79: Launching Executing install in D__2DAM_acceso_datos_proyectos_webapp-example] INFO  o.eclipse.m2e.core.internal.Bundles - 	Entry: C:\eclipse-acceso-datos\eclipse-jee\eclipse\plugins\org.eclipse.m2e.maven.runtime_3.9.1601.20260722-2149\jars\plexus-build-api-1.2.0.jar
2026-09-23 13:19:41,759 [Worker-79: Launching Executing install in D__2DAM_acceso_datos_proyectos_webapp-example] INFO  o.eclipse.m2e.core.internal.Bundles - 	Entry: C:\eclipse-acceso-datos\eclipse-jee\eclipse\plugins\org.eclipse.m2e.maven.runtime_3.9.1601.20260722-2149\jars\plexus-cipher-2.0.jar
2026-09-23 13:19:41,759 [Worker-79: Launching Executing install in D__2DAM_acceso_datos_proyectos_webapp-example] INFO  o.eclipse.m2e.core.internal.Bundles - 	Entry: C:\eclipse-acceso-datos\eclipse-jee\eclipse\plugins\org.eclipse.m2e.maven.runtime_3.9.1601.20260722-2149\jars\plexus-classworlds-2.11.0.jar
2026-09-23 13:19:41,759 [Worker-79: Launching Executing install in D__2DAM_acceso_datos_proyectos_webapp-example] INFO  o.eclipse.m2e.core.internal.Bundles - 	Entry: C:\eclipse-acceso-datos\eclipse-jee\eclipse\plugins\org.eclipse.m2e.maven.runtime_3.9.1601.20260722-2149\jars\plexus-component-annotations-2.2.0.jar
2026-09-23 13:19:41,759 [Worker-79: Launching Executing install in D__2DAM_acceso_datos_proyectos_webapp-example] INFO  o.eclipse.m2e.core.internal.Bundles - 	Entry: C:\eclipse-acceso-datos\eclipse-jee\eclipse\plugins\org.eclipse.m2e.maven.runtime_3.9.1601.20260722-2149\jars\plexus-interpolation-1.29.jar
2026-09-23 13:19:41,759 [Worker-79: Launching Executing install in D__2DAM_acceso_datos_proyectos_webapp-example] INFO  o.eclipse.m2e.core.internal.Bundles - 	Entry: C:\eclipse-acceso-datos\eclipse-jee\eclipse\plugins\org.eclipse.m2e.maven.runtime_3.9.1601.20260722-2149\jars\plexus-sec-dispatcher-2.0.jar
2026-09-23 13:19:41,759 [Worker-79: Launching Executing install in D__2DAM_acceso_datos_proyectos_webapp-example] INFO  o.eclipse.m2e.core.internal.Bundles - 	Entry: C:\eclipse-acceso-datos\eclipse-jee\eclipse\plugins\org.eclipse.m2e.maven.runtime_3.9.1601.20260722-2149\jars\plexus-utils-3.6.1.jar
2026-09-23 13:19:41,759 [Worker-79: Launching Executing install in D__2DAM_acceso_datos_proyectos_webapp-example] INFO  o.eclipse.m2e.core.internal.Bundles - 	Entry: C:\eclipse-acceso-datos\eclipse-jee\eclipse\plugins\org.eclipse.m2e.maven.runtime_3.9.1601.20260722-2149\jars\wagon-file-3.5.3.jar
2026-09-23 13:19:41,759 [Worker-79: Launching Executing install in D__2DAM_acceso_datos_proyectos_webapp-example] INFO  o.eclipse.m2e.core.internal.Bundles - 	Entry: C:\eclipse-acceso-datos\eclipse-jee\eclipse\plugins\org.eclipse.m2e.maven.runtime_3.9.1601.20260722-2149\jars\wagon-http-3.5.3.jar
2026-09-23 13:19:41,759 [Worker-79: Launching Executing install in D__2DAM_acceso_datos_proyectos_webapp-example] INFO  o.eclipse.m2e.core.internal.Bundles - 	Entry: C:\eclipse-acceso-datos\eclipse-jee\eclipse\plugins\org.eclipse.m2e.maven.runtime_3.9.1601.20260722-2149\jars\wagon-http-shared-3.5.3.jar
2026-09-23 13:19:41,759 [Worker-79: Launching Executing install in D__2DAM_acceso_datos_proyectos_webapp-example] INFO  o.eclipse.m2e.core.internal.Bundles - 	Entry: C:\eclipse-acceso-datos\eclipse-jee\eclipse\plugins\org.eclipse.m2e.maven.runtime_3.9.1601.20260722-2149\jars\wagon-provider-api-3.5.3.jar
2026-09-23 13:19:41,760 [Worker-79: Launching Executing install in D__2DAM_acceso_datos_proyectos_webapp-example] INFO  o.eclipse.m2e.core.internal.Bundles - getClasspathEntries(Bundle=com.google.guava_33.7.1.jre [19])
2026-09-23 13:19:41,760 [Worker-79: Launching Executing install in D__2DAM_acceso_datos_proyectos_webapp-example] INFO  o.eclipse.m2e.core.internal.Bundles - 	Entry: C:\eclipse-acceso-datos\eclipse-jee\eclipse\plugins\com.google.guava_33.7.1.jre.jar
2026-09-23 13:19:41,760 [Worker-79: Launching Executing install in D__2DAM_acceso_datos_proyectos_webapp-example] INFO  o.eclipse.m2e.core.internal.Bundles - getClasspathEntries(Bundle=slf4j.api_2.0.18 [1015])
2026-09-23 13:19:41,760 [Worker-79: Launching Executing install in D__2DAM_acceso_datos_proyectos_webapp-example] INFO  o.eclipse.m2e.core.internal.Bundles - 	Entry: C:\eclipse-acceso-datos\eclipse-jee\eclipse\plugins\slf4j.api_2.0.18.jar
2026-09-23 13:19:41,760 [Worker-79: Launching Executing install in D__2DAM_acceso_datos_proyectos_webapp-example] INFO  o.eclipse.m2e.core.internal.Bundles - getClasspathEntries(Bundle=jakarta.inject.jakarta.inject-api_1.0.5 [36])
2026-09-23 13:19:41,760 [Worker-79: Launching Executing install in D__2DAM_acceso_datos_proyectos_webapp-example] INFO  o.eclipse.m2e.core.internal.Bundles - 	Entry: C:\eclipse-acceso-datos\eclipse-jee\eclipse\plugins\jakarta.inject.jakarta.inject-api_1.0.5.jar
2026-09-23 13:19:41,760 [Worker-79: Launching Executing install in D__2DAM_acceso_datos_proyectos_webapp-example] INFO  o.eclipse.m2e.core.internal.Bundles - getClasspathEntries(Bundle=jakarta.annotation-api_1.3.5 [32])
2026-09-23 13:19:41,761 [Worker-79: Launching Executing install in D__2DAM_acceso_datos_proyectos_webapp-example] INFO  o.eclipse.m2e.core.internal.Bundles - 	Entry: C:\eclipse-acceso-datos\eclipse-jee\eclipse\plugins\jakarta.annotation-api_1.3.5.jar
2026-09-23 13:19:41,761 [Worker-79: Launching Executing install in D__2DAM_acceso_datos_proyectos_webapp-example] INFO  o.eclipse.m2e.core.internal.Bundles - getClasspathEntries(Bundle=org.apache.commons.cli_1.11.0 [84])
2026-09-23 13:19:41,761 [Worker-79: Launching Executing install in D__2DAM_acceso_datos_proyectos_webapp-example] INFO  o.eclipse.m2e.core.internal.Bundles - 	Entry: C:\eclipse-acceso-datos\eclipse-jee\eclipse\plugins\org.apache.commons.cli_1.11.0.jar
2026-09-23 13:19:41,761 [Worker-79: Launching Executing install in D__2DAM_acceso_datos_proyectos_webapp-example] INFO  o.eclipse.m2e.core.internal.Bundles - getClasspathEntries(Bundle=org.apache.commons.commons-codec_1.22.1 [86])
2026-09-23 13:19:41,761 [Worker-79: Launching Executing install in D__2DAM_acceso_datos_proyectos_webapp-example] INFO  o.eclipse.m2e.core.internal.Bundles - 	Entry: C:\eclipse-acceso-datos\eclipse-jee\eclipse\plugins\org.apache.commons.commons-codec_1.22.1.jar
2026-09-23 13:19:41,761 [Worker-79: Launching Executing install in D__2DAM_acceso_datos_proyectos_webapp-example] INFO  o.eclipse.m2e.core.internal.Bundles - getClasspathEntries(Bundle=com.google.guava.failureaccess_1.0.3 [20])
2026-09-23 13:19:41,762 [Worker-79: Launching Executing install in D__2DAM_acceso_datos_proyectos_webapp-example] INFO  o.eclipse.m2e.core.internal.Bundles - 	Entry: C:\eclipse-acceso-datos\eclipse-jee\eclipse\plugins\com.google.guava.failureaccess_1.0.3.jar
2026-09-23 13:19:41,762 [Worker-79: Launching Executing install in D__2DAM_acceso_datos_proyectos_webapp-example] INFO  o.e.m.i.launch.MavenLaunchDelegate - Run build in "D:\2DAM\acceso_datos\proyectos\webapp-example":
2026-09-23 13:19:41,762 [Worker-79: Launching Executing install in D__2DAM_acceso_datos_proyectos_webapp-example] INFO  o.e.m.i.launch.MavenLaunchDelegate -  mvn  -B -Dstyle.color=always install
2026-09-23 13:20:50,114 [Worker-73: Launching Executing clean in D__2DAM_acceso_datos_proyectos_webapp-example] INFO  o.eclipse.m2e.core.internal.Bundles - getClasspathEntries(Bundle=org.eclipse.m2e.maven.runtime_3.9.1601.20260722-2149 [647])
2026-09-23 13:20:50,115 [Worker-73: Launching Executing clean in D__2DAM_acceso_datos_proyectos_webapp-example] INFO  o.eclipse.m2e.core.internal.Bundles - 	Entry: C:\eclipse-acceso-datos\eclipse-jee\eclipse\plugins\org.eclipse.m2e.maven.runtime_3.9.1601.20260722-2149
2026-09-23 13:20:50,115 [Worker-73: Launching Executing clean in D__2DAM_acceso_datos_proyectos_webapp-example] INFO  o.eclipse.m2e.core.internal.Bundles - 	Entry: C:\eclipse-acceso-datos\eclipse-jee\eclipse\plugins\org.eclipse.m2e.maven.runtime_3.9.1601.20260722-2149\jars\aopalliance-1.0.jar
2026-09-23 13:20:50,115 [Worker-73: Launching Executing clean in D__2DAM_acceso_datos_proyectos_webapp-example] INFO  o.eclipse.m2e.core.internal.Bundles - 	Entry: C:\eclipse-acceso-datos\eclipse-jee\eclipse\plugins\org.eclipse.m2e.maven.runtime_3.9.1601.20260722-2149\jars\asm-9.9.1.jar
2026-09-23 13:20:50,115 [Worker-73: Launching Executing clean in D__2DAM_acceso_datos_proyectos_webapp-example] INFO  o.eclipse.m2e.core.internal.Bundles - 	Entry: C:\eclipse-acceso-datos\eclipse-jee\eclipse\plugins\org.eclipse.m2e.maven.runtime_3.9.1601.20260722-2149\jars\error_prone_annotations-2.41.0.jar
2026-09-23 13:20:50,115 [Worker-73: Launching Executing clean in D__2DAM_acceso_datos_proyectos_webapp-example] INFO  o.eclipse.m2e.core.internal.Bundles - 	Entry: C:\eclipse-acceso-datos\eclipse-jee\eclipse\plugins\org.eclipse.m2e.maven.runtime_3.9.1601.20260722-2149\jars\gson-2.13.2.jar
2026-09-23 13:20:50,115 [Worker-73: Launching Executing clean in D__2DAM_acceso_datos_proyectos_webapp-example] INFO  o.eclipse.m2e.core.internal.Bundles - 	Entry: C:\eclipse-acceso-datos\eclipse-jee\eclipse\plugins\org.eclipse.m2e.maven.runtime_3.9.1601.20260722-2149\jars\guice-5.1.0-classes.jar
2026-09-23 13:20:50,115 [Worker-73: Launching Executing clean in D__2DAM_acceso_datos_proyectos_webapp-example] INFO  o.eclipse.m2e.core.internal.Bundles - 	Entry: C:\eclipse-acceso-datos\eclipse-jee\eclipse\plugins\org.eclipse.m2e.maven.runtime_3.9.1601.20260722-2149\jars\httpclient-4.5.14.jar
2026-09-23 13:20:50,115 [Worker-73: Launching Executing clean in D__2DAM_acceso_datos_proyectos_webapp-example] INFO  o.eclipse.m2e.core.internal.Bundles - 	Entry: C:\eclipse-acceso-datos\eclipse-jee\eclipse\plugins\org.eclipse.m2e.maven.runtime_3.9.1601.20260722-2149\jars\httpcore-4.4.16.jar
2026-09-23 13:20:50,115 [Worker-73: Launching Executing clean in D__2DAM_acceso_datos_proyectos_webapp-example] INFO  o.eclipse.m2e.core.internal.Bundles - 	Entry: C:\eclipse-acceso-datos\eclipse-jee\eclipse\plugins\org.eclipse.m2e.maven.runtime_3.9.1601.20260722-2149\jars\jansi-2.4.3.jar
2026-09-23 13:20:50,115 [Worker-73: Launching Executing clean in D__2DAM_acceso_datos_proyectos_webapp-example] INFO  o.eclipse.m2e.core.internal.Bundles - 	Entry: C:\eclipse-acceso-datos\eclipse-jee\eclipse\plugins\org.eclipse.m2e.maven.runtime_3.9.1601.20260722-2149\jars\jcl-over-slf4j-2.0.18.jar
2026-09-23 13:20:50,116 [Worker-73: Launching Executing clean in D__2DAM_acceso_datos_proyectos_webapp-example] INFO  o.eclipse.m2e.core.internal.Bundles - 	Entry: C:\eclipse-acceso-datos\eclipse-jee\eclipse\plugins\org.eclipse.m2e.maven.runtime_3.9.1601.20260722-2149\jars\maven-artifact-3.9.16.jar
2026-09-23 13:20:50,116 [Worker-73: Launching Executing clean in D__2DAM_acceso_datos_proyectos_webapp-example] INFO  o.eclipse.m2e.core.internal.Bundles - 	Entry: C:\eclipse-acceso-datos\eclipse-jee\eclipse\plugins\org.eclipse.m2e.maven.runtime_3.9.1601.20260722-2149\jars\maven-builder-support-3.9.16.jar
2026-09-23 13:20:50,116 [Worker-73: Launching Executing clean in D__2DAM_acceso_datos_proyectos_webapp-example] INFO  o.eclipse.m2e.core.internal.Bundles - 	Entry: C:\eclipse-acceso-datos\eclipse-jee\eclipse\plugins\org.eclipse.m2e.maven.runtime_3.9.1601.20260722-2149\jars\maven-compat-3.9.16.jar
2026-09-23 13:20:50,116 [Worker-73: Launching Executing clean in D__2DAM_acceso_datos_proyectos_webapp-example] INFO  o.eclipse.m2e.core.internal.Bundles - 	Entry: C:\eclipse-acceso-datos\eclipse-jee\eclipse\plugins\org.eclipse.m2e.maven.runtime_3.9.1601.20260722-2149\jars\maven-core-3.9.16.jar
2026-09-23 13:20:50,116 [Worker-73: Launching Executing clean in D__2DAM_acceso_datos_proyectos_webapp-example] INFO  o.eclipse.m2e.core.internal.Bundles - 	Entry: C:\eclipse-acceso-datos\eclipse-jee\eclipse\plugins\org.eclipse.m2e.maven.runtime_3.9.1601.20260722-2149\jars\maven-embedder-3.9.16.jar
2026-09-23 13:20:50,116 [Worker-73: Launching Executing clean in D__2DAM_acceso_datos_proyectos_webapp-example] INFO  o.eclipse.m2e.core.internal.Bundles - 	Entry: C:\eclipse-acceso-datos\eclipse-jee\eclipse\plugins\org.eclipse.m2e.maven.runtime_3.9.1601.20260722-2149\jars\maven-model-3.9.16.jar
2026-09-23 13:20:50,116 [Worker-73: Launching Executing clean in D__2DAM_acceso_datos_proyectos_webapp-example] INFO  o.eclipse.m2e.core.internal.Bundles - 	Entry: C:\eclipse-acceso-datos\eclipse-jee\eclipse\plugins\org.eclipse.m2e.maven.runtime_3.9.1601.20260722-2149\jars\maven-model-builder-3.9.16.jar
2026-09-23 13:20:50,116 [Worker-73: Launching Executing clean in D__2DAM_acceso_datos_proyectos_webapp-example] INFO  o.eclipse.m2e.core.internal.Bundles - 	Entry: C:\eclipse-acceso-datos\eclipse-jee\eclipse\plugins\org.eclipse.m2e.maven.runtime_3.9.1601.20260722-2149\jars\maven-plugin-api-3.9.16.jar
2026-09-23 13:20:50,116 [Worker-73: Launching Executing clean in D__2DAM_acceso_datos_proyectos_webapp-example] INFO  o.eclipse.m2e.core.internal.Bundles - 	Entry: C:\eclipse-acceso-datos\eclipse-jee\eclipse\plugins\org.eclipse.m2e.maven.runtime_3.9.1601.20260722-2149\jars\maven-repository-metadata-3.9.16.jar
2026-09-23 13:20:50,116 [Worker-73: Launching Executing clean in D__2DAM_acceso_datos_proyectos_webapp-example] INFO  o.eclipse.m2e.core.internal.Bundles - 	Entry: C:\eclipse-acceso-datos\eclipse-jee\eclipse\plugins\org.eclipse.m2e.maven.runtime_3.9.1601.20260722-2149\jars\maven-resolver-api-1.9.27.jar
2026-09-23 13:20:50,116 [Worker-73: Launching Executing clean in D__2DAM_acceso_datos_proyectos_webapp-example] INFO  o.eclipse.m2e.core.internal.Bundles - 	Entry: C:\eclipse-acceso-datos\eclipse-jee\eclipse\plugins\org.eclipse.m2e.maven.runtime_3.9.1601.20260722-2149\jars\maven-resolver-connector-basic-1.9.27.jar
2026-09-23 13:20:50,116 [Worker-73: Launching Executing clean in D__2DAM_acceso_datos_proyectos_webapp-example] INFO  o.eclipse.m2e.core.internal.Bundles - 	Entry: C:\eclipse-acceso-datos\eclipse-jee\eclipse\plugins\org.eclipse.m2e.maven.runtime_3.9.1601.20260722-2149\jars\maven-resolver-impl-1.9.27.jar
2026-09-23 13:20:50,116 [Worker-73: Launching Executing clean in D__2DAM_acceso_datos_proyectos_webapp-example] INFO  o.eclipse.m2e.core.internal.Bundles - 	Entry: C:\eclipse-acceso-datos\eclipse-jee\eclipse\plugins\org.eclipse.m2e.maven.runtime_3.9.1601.20260722-2149\jars\maven-resolver-named-locks-1.9.27.jar
2026-09-23 13:20:50,117 [Worker-73: Launching Executing clean in D__2DAM_acceso_datos_proyectos_webapp-example] INFO  o.eclipse.m2e.core.internal.Bundles - 	Entry: C:\eclipse-acceso-datos\eclipse-jee\eclipse\plugins\org.eclipse.m2e.maven.runtime_3.9.1601.20260722-2149\jars\maven-resolver-provider-3.9.16.jar
2026-09-23 13:20:50,117 [Worker-73: Launching Executing clean in D__2DAM_acceso_datos_proyectos_webapp-example] INFO  o.eclipse.m2e.core.internal.Bundles - 	Entry: C:\eclipse-acceso-datos\eclipse-jee\eclipse\plugins\org.eclipse.m2e.maven.runtime_3.9.1601.20260722-2149\jars\maven-resolver-spi-1.9.27.jar
2026-09-23 13:20:50,117 [Worker-73: Launching Executing clean in D__2DAM_acceso_datos_proyectos_webapp-example] INFO  o.eclipse.m2e.core.internal.Bundles - 	Entry: C:\eclipse-acceso-datos\eclipse-jee\eclipse\plugins\org.eclipse.m2e.maven.runtime_3.9.1601.20260722-2149\jars\maven-resolver-transport-file-1.9.27.jar
2026-09-23 13:20:50,117 [Worker-73: Launching Executing clean in D__2DAM_acceso_datos_proyectos_webapp-example] INFO  o.eclipse.m2e.core.internal.Bundles - 	Entry: C:\eclipse-acceso-datos\eclipse-jee\eclipse\plugins\org.eclipse.m2e.maven.runtime_3.9.1601.20260722-2149\jars\maven-resolver-transport-http-1.9.27.jar
2026-09-23 13:20:50,117 [Worker-73: Launching Executing clean in D__2DAM_acceso_datos_proyectos_webapp-example] INFO  o.eclipse.m2e.core.internal.Bundles - 	Entry: C:\eclipse-acceso-datos\eclipse-jee\eclipse\plugins\org.eclipse.m2e.maven.runtime_3.9.1601.20260722-2149\jars\maven-resolver-transport-wagon-1.9.27.jar
2026-09-23 13:20:50,117 [Worker-73: Launching Executing clean in D__2DAM_acceso_datos_proyectos_webapp-example] INFO  o.eclipse.m2e.core.internal.Bundles - 	Entry: C:\eclipse-acceso-datos\eclipse-jee\eclipse\plugins\org.eclipse.m2e.maven.runtime_3.9.1601.20260722-2149\jars\maven-resolver-util-1.9.27.jar
2026-09-23 13:20:50,117 [Worker-73: Launching Executing clean in D__2DAM_acceso_datos_proyectos_webapp-example] INFO  o.eclipse.m2e.core.internal.Bundles - 	Entry: C:\eclipse-acceso-datos\eclipse-jee\eclipse\plugins\org.eclipse.m2e.maven.runtime_3.9.1601.20260722-2149\jars\maven-settings-3.9.16.jar
2026-09-23 13:20:50,117 [Worker-73: Launching Executing clean in D__2DAM_acceso_datos_proyectos_webapp-example] INFO  o.eclipse.m2e.core.internal.Bundles - 	Entry: C:\eclipse-acceso-datos\eclipse-jee\eclipse\plugins\org.eclipse.m2e.maven.runtime_3.9.1601.20260722-2149\jars\maven-settings-builder-3.9.16.jar
2026-09-23 13:20:50,117 [Worker-73: Launching Executing clean in D__2DAM_acceso_datos_proyectos_webapp-example] INFO  o.eclipse.m2e.core.internal.Bundles - 	Entry: C:\eclipse-acceso-datos\eclipse-jee\eclipse\plugins\org.eclipse.m2e.maven.runtime_3.9.1601.20260722-2149\jars\maven-shared-utils-3.4.2.jar
2026-09-23 13:20:50,117 [Worker-73: Launching Executing clean in D__2DAM_acceso_datos_proyectos_webapp-example] INFO  o.eclipse.m2e.core.internal.Bundles - 	Entry: C:\eclipse-acceso-datos\eclipse-jee\eclipse\plugins\org.eclipse.m2e.maven.runtime_3.9.1601.20260722-2149\jars\org.eclipse.sisu.inject-1.0.0.jar
2026-09-23 13:20:50,117 [Worker-73: Launching Executing clean in D__2DAM_acceso_datos_proyectos_webapp-example] INFO  o.eclipse.m2e.core.internal.Bundles - 	Entry: C:\eclipse-acceso-datos\eclipse-jee\eclipse\plugins\org.eclipse.m2e.maven.runtime_3.9.1601.20260722-2149\jars\org.eclipse.sisu.plexus-1.0.0.jar
2026-09-23 13:20:50,117 [Worker-73: Launching Executing clean in D__2DAM_acceso_datos_proyectos_webapp-example] INFO  o.eclipse.m2e.core.internal.Bundles - 	Entry: C:\eclipse-acceso-datos\eclipse-jee\eclipse\plugins\org.eclipse.m2e.maven.runtime_3.9.1601.20260722-2149\jars\plexus-build-api-0.0.7.jar
2026-09-23 13:20:50,117 [Worker-73: Launching Executing clean in D__2DAM_acceso_datos_proyectos_webapp-example] INFO  o.eclipse.m2e.core.internal.Bundles - 	Entry: C:\eclipse-acceso-datos\eclipse-jee\eclipse\plugins\org.eclipse.m2e.maven.runtime_3.9.1601.20260722-2149\jars\plexus-build-api-1.2.0.jar
2026-09-23 13:20:50,118 [Worker-73: Launching Executing clean in D__2DAM_acceso_datos_proyectos_webapp-example] INFO  o.eclipse.m2e.core.internal.Bundles - 	Entry: C:\eclipse-acceso-datos\eclipse-jee\eclipse\plugins\org.eclipse.m2e.maven.runtime_3.9.1601.20260722-2149\jars\plexus-cipher-2.0.jar
2026-09-23 13:20:50,118 [Worker-73: Launching Executing clean in D__2DAM_acceso_datos_proyectos_webapp-example] INFO  o.eclipse.m2e.core.internal.Bundles - 	Entry: C:\eclipse-acceso-datos\eclipse-jee\eclipse\plugins\org.eclipse.m2e.maven.runtime_3.9.1601.20260722-2149\jars\plexus-classworlds-2.11.0.jar
2026-09-23 13:20:50,118 [Worker-73: Launching Executing clean in D__2DAM_acceso_datos_proyectos_webapp-example] INFO  o.eclipse.m2e.core.internal.Bundles - 	Entry: C:\eclipse-acceso-datos\eclipse-jee\eclipse\plugins\org.eclipse.m2e.maven.runtime_3.9.1601.20260722-2149\jars\plexus-component-annotations-2.2.0.jar
2026-09-23 13:20:50,118 [Worker-73: Launching Executing clean in D__2DAM_acceso_datos_proyectos_webapp-example] INFO  o.eclipse.m2e.core.internal.Bundles - 	Entry: C:\eclipse-acceso-datos\eclipse-jee\eclipse\plugins\org.eclipse.m2e.maven.runtime_3.9.1601.20260722-2149\jars\plexus-interpolation-1.29.jar
2026-09-23 13:20:50,118 [Worker-73: Launching Executing clean in D__2DAM_acceso_datos_proyectos_webapp-example] INFO  o.eclipse.m2e.core.internal.Bundles - 	Entry: C:\eclipse-acceso-datos\eclipse-jee\eclipse\plugins\org.eclipse.m2e.maven.runtime_3.9.1601.20260722-2149\jars\plexus-sec-dispatcher-2.0.jar
2026-09-23 13:20:50,118 [Worker-73: Launching Executing clean in D__2DAM_acceso_datos_proyectos_webapp-example] INFO  o.eclipse.m2e.core.internal.Bundles - 	Entry: C:\eclipse-acceso-datos\eclipse-jee\eclipse\plugins\org.eclipse.m2e.maven.runtime_3.9.1601.20260722-2149\jars\plexus-utils-3.6.1.jar
2026-09-23 13:20:50,118 [Worker-73: Launching Executing clean in D__2DAM_acceso_datos_proyectos_webapp-example] INFO  o.eclipse.m2e.core.internal.Bundles - 	Entry: C:\eclipse-acceso-datos\eclipse-jee\eclipse\plugins\org.eclipse.m2e.maven.runtime_3.9.1601.20260722-2149\jars\wagon-file-3.5.3.jar
2026-09-23 13:20:50,118 [Worker-73: Launching Executing clean in D__2DAM_acceso_datos_proyectos_webapp-example] INFO  o.eclipse.m2e.core.internal.Bundles - 	Entry: C:\eclipse-acceso-datos\eclipse-jee\eclipse\plugins\org.eclipse.m2e.maven.runtime_3.9.1601.20260722-2149\jars\wagon-http-3.5.3.jar
2026-09-23 13:20:50,118 [Worker-73: Launching Executing clean in D__2DAM_acceso_datos_proyectos_webapp-example] INFO  o.eclipse.m2e.core.internal.Bundles - 	Entry: C:\eclipse-acceso-datos\eclipse-jee\eclipse\plugins\org.eclipse.m2e.maven.runtime_3.9.1601.20260722-2149\jars\wagon-http-shared-3.5.3.jar
2026-09-23 13:20:50,118 [Worker-73: Launching Executing clean in D__2DAM_acceso_datos_proyectos_webapp-example] INFO  o.eclipse.m2e.core.internal.Bundles - 	Entry: C:\eclipse-acceso-datos\eclipse-jee\eclipse\plugins\org.eclipse.m2e.maven.runtime_3.9.1601.20260722-2149\jars\wagon-provider-api-3.5.3.jar
2026-09-23 13:20:50,118 [Worker-73: Launching Executing clean in D__2DAM_acceso_datos_proyectos_webapp-example] INFO  o.eclipse.m2e.core.internal.Bundles - getClasspathEntries(Bundle=com.google.guava_33.7.1.jre [19])
2026-09-23 13:20:50,119 [Worker-73: Launching Executing clean in D__2DAM_acceso_datos_proyectos_webapp-example] INFO  o.eclipse.m2e.core.internal.Bundles - 	Entry: C:\eclipse-acceso-datos\eclipse-jee\eclipse\plugins\com.google.guava_33.7.1.jre.jar
2026-09-23 13:20:50,119 [Worker-73: Launching Executing clean in D__2DAM_acceso_datos_proyectos_webapp-example] INFO  o.eclipse.m2e.core.internal.Bundles - getClasspathEntries(Bundle=slf4j.api_2.0.18 [1015])
2026-09-23 13:20:50,119 [Worker-73: Launching Executing clean in D__2DAM_acceso_datos_proyectos_webapp-example] INFO  o.eclipse.m2e.core.internal.Bundles - 	Entry: C:\eclipse-acceso-datos\eclipse-jee\eclipse\plugins\slf4j.api_2.0.18.jar
2026-09-23 13:20:50,119 [Worker-73: Launching Executing clean in D__2DAM_acceso_datos_proyectos_webapp-example] INFO  o.eclipse.m2e.core.internal.Bundles - getClasspathEntries(Bundle=jakarta.inject.jakarta.inject-api_1.0.5 [36])
2026-09-23 13:20:50,119 [Worker-73: Launching Executing clean in D__2DAM_acceso_datos_proyectos_webapp-example] INFO  o.eclipse.m2e.core.internal.Bundles - 	Entry: C:\eclipse-acceso-datos\eclipse-jee\eclipse\plugins\jakarta.inject.jakarta.inject-api_1.0.5.jar
2026-09-23 13:20:50,119 [Worker-73: Launching Executing clean in D__2DAM_acceso_datos_proyectos_webapp-example] INFO  o.eclipse.m2e.core.internal.Bundles - getClasspathEntries(Bundle=jakarta.annotation-api_1.3.5 [32])
2026-09-23 13:20:50,120 [Worker-73: Launching Executing clean in D__2DAM_acceso_datos_proyectos_webapp-example] INFO  o.eclipse.m2e.core.internal.Bundles - 	Entry: C:\eclipse-acceso-datos\eclipse-jee\eclipse\plugins\jakarta.annotation-api_1.3.5.jar
2026-09-23 13:20:50,120 [Worker-73: Launching Executing clean in D__2DAM_acceso_datos_proyectos_webapp-example] INFO  o.eclipse.m2e.core.internal.Bundles - getClasspathEntries(Bundle=org.apache.commons.cli_1.11.0 [84])
2026-09-23 13:20:50,120 [Worker-73: Launching Executing clean in D__2DAM_acceso_datos_proyectos_webapp-example] INFO  o.eclipse.m2e.core.internal.Bundles - 	Entry: C:\eclipse-acceso-datos\eclipse-jee\eclipse\plugins\org.apache.commons.cli_1.11.0.jar
2026-09-23 13:20:50,120 [Worker-73: Launching Executing clean in D__2DAM_acceso_datos_proyectos_webapp-example] INFO  o.eclipse.m2e.core.internal.Bundles - getClasspathEntries(Bundle=org.apache.commons.commons-codec_1.22.1 [86])
2026-09-23 13:20:50,120 [Worker-73: Launching Executing clean in D__2DAM_acceso_datos_proyectos_webapp-example] INFO  o.eclipse.m2e.core.internal.Bundles - 	Entry: C:\eclipse-acceso-datos\eclipse-jee\eclipse\plugins\org.apache.commons.commons-codec_1.22.1.jar
2026-09-23 13:20:50,120 [Worker-73: Launching Executing clean in D__2DAM_acceso_datos_proyectos_webapp-example] INFO  o.eclipse.m2e.core.internal.Bundles - getClasspathEntries(Bundle=com.google.guava.failureaccess_1.0.3 [20])
2026-09-23 13:20:50,120 [Worker-73: Launching Executing clean in D__2DAM_acceso_datos_proyectos_webapp-example] INFO  o.eclipse.m2e.core.internal.Bundles - 	Entry: C:\eclipse-acceso-datos\eclipse-jee\eclipse\plugins\com.google.guava.failureaccess_1.0.3.jar
2026-09-23 13:20:50,121 [Worker-73: Launching Executing clean in D__2DAM_acceso_datos_proyectos_webapp-example] INFO  o.e.m.i.launch.MavenLaunchDelegate - Run build in "D:\2DAM\acceso_datos\proyectos\webapp-example":
2026-09-23 13:20:50,121 [Worker-73: Launching Executing clean in D__2DAM_acceso_datos_proyectos_webapp-example] INFO  o.e.m.i.launch.MavenLaunchDelegate -  mvn  -B -Dstyle.color=always clean
2026-09-23 13:20:57,083 [Worker-80: Launching Executing install in D__2DAM_acceso_datos_proyectos_webapp-example] INFO  o.eclipse.m2e.core.internal.Bundles - getClasspathEntries(Bundle=org.eclipse.m2e.maven.runtime_3.9.1601.20260722-2149 [647])
2026-09-23 13:20:57,083 [Worker-80: Launching Executing install in D__2DAM_acceso_datos_proyectos_webapp-example] INFO  o.eclipse.m2e.core.internal.Bundles - 	Entry: C:\eclipse-acceso-datos\eclipse-jee\eclipse\plugins\org.eclipse.m2e.maven.runtime_3.9.1601.20260722-2149
2026-09-23 13:20:57,083 [Worker-80: Launching Executing install in D__2DAM_acceso_datos_proyectos_webapp-example] INFO  o.eclipse.m2e.core.internal.Bundles - 	Entry: C:\eclipse-acceso-datos\eclipse-jee\eclipse\plugins\org.eclipse.m2e.maven.runtime_3.9.1601.20260722-2149\jars\aopalliance-1.0.jar
2026-09-23 13:20:57,084 [Worker-80: Launching Executing install in D__2DAM_acceso_datos_proyectos_webapp-example] INFO  o.eclipse.m2e.core.internal.Bundles - 	Entry: C:\eclipse-acceso-datos\eclipse-jee\eclipse\plugins\org.eclipse.m2e.maven.runtime_3.9.1601.20260722-2149\jars\asm-9.9.1.jar
2026-09-23 13:20:57,084 [Worker-80: Launching Executing install in D__2DAM_acceso_datos_proyectos_webapp-example] INFO  o.eclipse.m2e.core.internal.Bundles - 	Entry: C:\eclipse-acceso-datos\eclipse-jee\eclipse\plugins\org.eclipse.m2e.maven.runtime_3.9.1601.20260722-2149\jars\error_prone_annotations-2.41.0.jar
2026-09-23 13:20:57,084 [Worker-80: Launching Executing install in D__2DAM_acceso_datos_proyectos_webapp-example] INFO  o.eclipse.m2e.core.internal.Bundles - 	Entry: C:\eclipse-acceso-datos\eclipse-jee\eclipse\plugins\org.eclipse.m2e.maven.runtime_3.9.1601.20260722-2149\jars\gson-2.13.2.jar
2026-09-23 13:20:57,084 [Worker-80: Launching Executing install in D__2DAM_acceso_datos_proyectos_webapp-example] INFO  o.eclipse.m2e.core.internal.Bundles - 	Entry: C:\eclipse-acceso-datos\eclipse-jee\eclipse\plugins\org.eclipse.m2e.maven.runtime_3.9.1601.20260722-2149\jars\guice-5.1.0-classes.jar
2026-09-23 13:20:57,084 [Worker-80: Launching Executing install in D__2DAM_acceso_datos_proyectos_webapp-example] INFO  o.eclipse.m2e.core.internal.Bundles - 	Entry: C:\eclipse-acceso-datos\eclipse-jee\eclipse\plugins\org.eclipse.m2e.maven.runtime_3.9.1601.20260722-2149\jars\httpclient-4.5.14.jar
2026-09-23 13:20:57,084 [Worker-80: Launching Executing install in D__2DAM_acceso_datos_proyectos_webapp-example] INFO  o.eclipse.m2e.core.internal.Bundles - 	Entry: C:\eclipse-acceso-datos\eclipse-jee\eclipse\plugins\org.eclipse.m2e.maven.runtime_3.9.1601.20260722-2149\jars\httpcore-4.4.16.jar
2026-09-23 13:20:57,084 [Worker-80: Launching Executing install in D__2DAM_acceso_datos_proyectos_webapp-example] INFO  o.eclipse.m2e.core.internal.Bundles - 	Entry: C:\eclipse-acceso-datos\eclipse-jee\eclipse\plugins\org.eclipse.m2e.maven.runtime_3.9.1601.20260722-2149\jars\jansi-2.4.3.jar
2026-09-23 13:20:57,084 [Worker-80: Launching Executing install in D__2DAM_acceso_datos_proyectos_webapp-example] INFO  o.eclipse.m2e.core.internal.Bundles - 	Entry: C:\eclipse-acceso-datos\eclipse-jee\eclipse\plugins\org.eclipse.m2e.maven.runtime_3.9.1601.20260722-2149\jars\jcl-over-slf4j-2.0.18.jar
2026-09-23 13:20:57,084 [Worker-80: Launching Executing install in D__2DAM_acceso_datos_proyectos_webapp-example] INFO  o.eclipse.m2e.core.internal.Bundles - 	Entry: C:\eclipse-acceso-datos\eclipse-jee\eclipse\plugins\org.eclipse.m2e.maven.runtime_3.9.1601.20260722-2149\jars\maven-artifact-3.9.16.jar
2026-09-23 13:20:57,084 [Worker-80: Launching Executing install in D__2DAM_acceso_datos_proyectos_webapp-example] INFO  o.eclipse.m2e.core.internal.Bundles - 	Entry: C:\eclipse-acceso-datos\eclipse-jee\eclipse\plugins\org.eclipse.m2e.maven.runtime_3.9.1601.20260722-2149\jars\maven-builder-support-3.9.16.jar
2026-09-23 13:20:57,084 [Worker-80: Launching Executing install in D__2DAM_acceso_datos_proyectos_webapp-example] INFO  o.eclipse.m2e.core.internal.Bundles - 	Entry: C:\eclipse-acceso-datos\eclipse-jee\eclipse\plugins\org.eclipse.m2e.maven.runtime_3.9.1601.20260722-2149\jars\maven-compat-3.9.16.jar
2026-09-23 13:20:57,084 [Worker-80: Launching Executing install in D__2DAM_acceso_datos_proyectos_webapp-example] INFO  o.eclipse.m2e.core.internal.Bundles - 	Entry: C:\eclipse-acceso-datos\eclipse-jee\eclipse\plugins\org.eclipse.m2e.maven.runtime_3.9.1601.20260722-2149\jars\maven-core-3.9.16.jar
2026-09-23 13:20:57,084 [Worker-80: Launching Executing install in D__2DAM_acceso_datos_proyectos_webapp-example] INFO  o.eclipse.m2e.core.internal.Bundles - 	Entry: C:\eclipse-acceso-datos\eclipse-jee\eclipse\plugins\org.eclipse.m2e.maven.runtime_3.9.1601.20260722-2149\jars\maven-embedder-3.9.16.jar
2026-09-23 13:20:57,085 [Worker-80: Launching Executing install in D__2DAM_acceso_datos_proyectos_webapp-example] INFO  o.eclipse.m2e.core.internal.Bundles - 	Entry: C:\eclipse-acceso-datos\eclipse-jee\eclipse\plugins\org.eclipse.m2e.maven.runtime_3.9.1601.20260722-2149\jars\maven-model-3.9.16.jar
2026-09-23 13:20:57,085 [Worker-80: Launching Executing install in D__2DAM_acceso_datos_proyectos_webapp-example] INFO  o.eclipse.m2e.core.internal.Bundles - 	Entry: C:\eclipse-acceso-datos\eclipse-jee\eclipse\plugins\org.eclipse.m2e.maven.runtime_3.9.1601.20260722-2149\jars\maven-model-builder-3.9.16.jar
2026-09-23 13:20:57,085 [Worker-80: Launching Executing install in D__2DAM_acceso_datos_proyectos_webapp-example] INFO  o.eclipse.m2e.core.internal.Bundles - 	Entry: C:\eclipse-acceso-datos\eclipse-jee\eclipse\plugins\org.eclipse.m2e.maven.runtime_3.9.1601.20260722-2149\jars\maven-plugin-api-3.9.16.jar
2026-09-23 13:20:57,085 [Worker-80: Launching Executing install in D__2DAM_acceso_datos_proyectos_webapp-example] INFO  o.eclipse.m2e.core.internal.Bundles - 	Entry: C:\eclipse-acceso-datos\eclipse-jee\eclipse\plugins\org.eclipse.m2e.maven.runtime_3.9.1601.20260722-2149\jars\maven-repository-metadata-3.9.16.jar
2026-09-23 13:20:57,085 [Worker-80: Launching Executing install in D__2DAM_acceso_datos_proyectos_webapp-example] INFO  o.eclipse.m2e.core.internal.Bundles - 	Entry: C:\eclipse-acceso-datos\eclipse-jee\eclipse\plugins\org.eclipse.m2e.maven.runtime_3.9.1601.20260722-2149\jars\maven-resolver-api-1.9.27.jar
2026-09-23 13:20:57,085 [Worker-80: Launching Executing install in D__2DAM_acceso_datos_proyectos_webapp-example] INFO  o.eclipse.m2e.core.internal.Bundles - 	Entry: C:\eclipse-acceso-datos\eclipse-jee\eclipse\plugins\org.eclipse.m2e.maven.runtime_3.9.1601.20260722-2149\jars\maven-resolver-connector-basic-1.9.27.jar
2026-09-23 13:20:57,085 [Worker-80: Launching Executing install in D__2DAM_acceso_datos_proyectos_webapp-example] INFO  o.eclipse.m2e.core.internal.Bundles - 	Entry: C:\eclipse-acceso-datos\eclipse-jee\eclipse\plugins\org.eclipse.m2e.maven.runtime_3.9.1601.20260722-2149\jars\maven-resolver-impl-1.9.27.jar
2026-09-23 13:20:57,085 [Worker-80: Launching Executing install in D__2DAM_acceso_datos_proyectos_webapp-example] INFO  o.eclipse.m2e.core.internal.Bundles - 	Entry: C:\eclipse-acceso-datos\eclipse-jee\eclipse\plugins\org.eclipse.m2e.maven.runtime_3.9.1601.20260722-2149\jars\maven-resolver-named-locks-1.9.27.jar
2026-09-23 13:20:57,085 [Worker-80: Launching Executing install in D__2DAM_acceso_datos_proyectos_webapp-example] INFO  o.eclipse.m2e.core.internal.Bundles - 	Entry: C:\eclipse-acceso-datos\eclipse-jee\eclipse\plugins\org.eclipse.m2e.maven.runtime_3.9.1601.20260722-2149\jars\maven-resolver-provider-3.9.16.jar
2026-09-23 13:20:57,085 [Worker-80: Launching Executing install in D__2DAM_acceso_datos_proyectos_webapp-example] INFO  o.eclipse.m2e.core.internal.Bundles - 	Entry: C:\eclipse-acceso-datos\eclipse-jee\eclipse\plugins\org.eclipse.m2e.maven.runtime_3.9.1601.20260722-2149\jars\maven-resolver-spi-1.9.27.jar
2026-09-23 13:20:57,085 [Worker-80: Launching Executing install in D__2DAM_acceso_datos_proyectos_webapp-example] INFO  o.eclipse.m2e.core.internal.Bundles - 	Entry: C:\eclipse-acceso-datos\eclipse-jee\eclipse\plugins\org.eclipse.m2e.maven.runtime_3.9.1601.20260722-2149\jars\maven-resolver-transport-file-1.9.27.jar
2026-09-23 13:20:57,085 [Worker-80: Launching Executing install in D__2DAM_acceso_datos_proyectos_webapp-example] INFO  o.eclipse.m2e.core.internal.Bundles - 	Entry: C:\eclipse-acceso-datos\eclipse-jee\eclipse\plugins\org.eclipse.m2e.maven.runtime_3.9.1601.20260722-2149\jars\maven-resolver-transport-http-1.9.27.jar
2026-09-23 13:20:57,085 [Worker-80: Launching Executing install in D__2DAM_acceso_datos_proyectos_webapp-example] INFO  o.eclipse.m2e.core.internal.Bundles - 	Entry: C:\eclipse-acceso-datos\eclipse-jee\eclipse\plugins\org.eclipse.m2e.maven.runtime_3.9.1601.20260722-2149\jars\maven-resolver-transport-wagon-1.9.27.jar
2026-09-23 13:20:57,086 [Worker-80: Launching Executing install in D__2DAM_acceso_datos_proyectos_webapp-example] INFO  o.eclipse.m2e.core.internal.Bundles - 	Entry: C:\eclipse-acceso-datos\eclipse-jee\eclipse\plugins\org.eclipse.m2e.maven.runtime_3.9.1601.20260722-2149\jars\maven-resolver-util-1.9.27.jar
2026-09-23 13:20:57,086 [Worker-80: Launching Executing install in D__2DAM_acceso_datos_proyectos_webapp-example] INFO  o.eclipse.m2e.core.internal.Bundles - 	Entry: C:\eclipse-acceso-datos\eclipse-jee\eclipse\plugins\org.eclipse.m2e.maven.runtime_3.9.1601.20260722-2149\jars\maven-settings-3.9.16.jar
2026-09-23 13:20:57,086 [Worker-80: Launching Executing install in D__2DAM_acceso_datos_proyectos_webapp-example] INFO  o.eclipse.m2e.core.internal.Bundles - 	Entry: C:\eclipse-acceso-datos\eclipse-jee\eclipse\plugins\org.eclipse.m2e.maven.runtime_3.9.1601.20260722-2149\jars\maven-settings-builder-3.9.16.jar
2026-09-23 13:20:57,086 [Worker-80: Launching Executing install in D__2DAM_acceso_datos_proyectos_webapp-example] INFO  o.eclipse.m2e.core.internal.Bundles - 	Entry: C:\eclipse-acceso-datos\eclipse-jee\eclipse\plugins\org.eclipse.m2e.maven.runtime_3.9.1601.20260722-2149\jars\maven-shared-utils-3.4.2.jar
2026-09-23 13:20:57,086 [Worker-80: Launching Executing install in D__2DAM_acceso_datos_proyectos_webapp-example] INFO  o.eclipse.m2e.core.internal.Bundles - 	Entry: C:\eclipse-acceso-datos\eclipse-jee\eclipse\plugins\org.eclipse.m2e.maven.runtime_3.9.1601.20260722-2149\jars\org.eclipse.sisu.inject-1.0.0.jar
2026-09-23 13:20:57,086 [Worker-80: Launching Executing install in D__2DAM_acceso_datos_proyectos_webapp-example] INFO  o.eclipse.m2e.core.internal.Bundles - 	Entry: C:\eclipse-acceso-datos\eclipse-jee\eclipse\plugins\org.eclipse.m2e.maven.runtime_3.9.1601.20260722-2149\jars\org.eclipse.sisu.plexus-1.0.0.jar
2026-09-23 13:20:57,086 [Worker-80: Launching Executing install in D__2DAM_acceso_datos_proyectos_webapp-example] INFO  o.eclipse.m2e.core.internal.Bundles - 	Entry: C:\eclipse-acceso-datos\eclipse-jee\eclipse\plugins\org.eclipse.m2e.maven.runtime_3.9.1601.20260722-2149\jars\plexus-build-api-0.0.7.jar
2026-09-23 13:20:57,086 [Worker-80: Launching Executing install in D__2DAM_acceso_datos_proyectos_webapp-example] INFO  o.eclipse.m2e.core.internal.Bundles - 	Entry: C:\eclipse-acceso-datos\eclipse-jee\eclipse\plugins\org.eclipse.m2e.maven.runtime_3.9.1601.20260722-2149\jars\plexus-build-api-1.2.0.jar
2026-09-23 13:20:57,086 [Worker-80: Launching Executing install in D__2DAM_acceso_datos_proyectos_webapp-example] INFO  o.eclipse.m2e.core.internal.Bundles - 	Entry: C:\eclipse-acceso-datos\eclipse-jee\eclipse\plugins\org.eclipse.m2e.maven.runtime_3.9.1601.20260722-2149\jars\plexus-cipher-2.0.jar
2026-09-23 13:20:57,086 [Worker-80: Launching Executing install in D__2DAM_acceso_datos_proyectos_webapp-example] INFO  o.eclipse.m2e.core.internal.Bundles - 	Entry: C:\eclipse-acceso-datos\eclipse-jee\eclipse\plugins\org.eclipse.m2e.maven.runtime_3.9.1601.20260722-2149\jars\plexus-classworlds-2.11.0.jar
2026-09-23 13:20:57,086 [Worker-80: Launching Executing install in D__2DAM_acceso_datos_proyectos_webapp-example] INFO  o.eclipse.m2e.core.internal.Bundles - 	Entry: C:\eclipse-acceso-datos\eclipse-jee\eclipse\plugins\org.eclipse.m2e.maven.runtime_3.9.1601.20260722-2149\jars\plexus-component-annotations-2.2.0.jar
2026-09-23 13:20:57,086 [Worker-80: Launching Executing install in D__2DAM_acceso_datos_proyectos_webapp-example] INFO  o.eclipse.m2e.core.internal.Bundles - 	Entry: C:\eclipse-acceso-datos\eclipse-jee\eclipse\plugins\org.eclipse.m2e.maven.runtime_3.9.1601.20260722-2149\jars\plexus-interpolation-1.29.jar
2026-09-23 13:20:57,086 [Worker-80: Launching Executing install in D__2DAM_acceso_datos_proyectos_webapp-example] INFO  o.eclipse.m2e.core.internal.Bundles - 	Entry: C:\eclipse-acceso-datos\eclipse-jee\eclipse\plugins\org.eclipse.m2e.maven.runtime_3.9.1601.20260722-2149\jars\plexus-sec-dispatcher-2.0.jar
2026-09-23 13:20:57,086 [Worker-80: Launching Executing install in D__2DAM_acceso_datos_proyectos_webapp-example] INFO  o.eclipse.m2e.core.internal.Bundles - 	Entry: C:\eclipse-acceso-datos\eclipse-jee\eclipse\plugins\org.eclipse.m2e.maven.runtime_3.9.1601.20260722-2149\jars\plexus-utils-3.6.1.jar
2026-09-23 13:20:57,087 [Worker-80: Launching Executing install in D__2DAM_acceso_datos_proyectos_webapp-example] INFO  o.eclipse.m2e.core.internal.Bundles - 	Entry: C:\eclipse-acceso-datos\eclipse-jee\eclipse\plugins\org.eclipse.m2e.maven.runtime_3.9.1601.20260722-2149\jars\wagon-file-3.5.3.jar
2026-09-23 13:20:57,087 [Worker-80: Launching Executing install in D__2DAM_acceso_datos_proyectos_webapp-example] INFO  o.eclipse.m2e.core.internal.Bundles - 	Entry: C:\eclipse-acceso-datos\eclipse-jee\eclipse\plugins\org.eclipse.m2e.maven.runtime_3.9.1601.20260722-2149\jars\wagon-http-3.5.3.jar
2026-09-23 13:20:57,087 [Worker-80: Launching Executing install in D__2DAM_acceso_datos_proyectos_webapp-example] INFO  o.eclipse.m2e.core.internal.Bundles - 	Entry: C:\eclipse-acceso-datos\eclipse-jee\eclipse\plugins\org.eclipse.m2e.maven.runtime_3.9.1601.20260722-2149\jars\wagon-http-shared-3.5.3.jar
2026-09-23 13:20:57,087 [Worker-80: Launching Executing install in D__2DAM_acceso_datos_proyectos_webapp-example] INFO  o.eclipse.m2e.core.internal.Bundles - 	Entry: C:\eclipse-acceso-datos\eclipse-jee\eclipse\plugins\org.eclipse.m2e.maven.runtime_3.9.1601.20260722-2149\jars\wagon-provider-api-3.5.3.jar
2026-09-23 13:20:57,087 [Worker-80: Launching Executing install in D__2DAM_acceso_datos_proyectos_webapp-example] INFO  o.eclipse.m2e.core.internal.Bundles - getClasspathEntries(Bundle=com.google.guava_33.7.1.jre [19])
2026-09-23 13:20:57,087 [Worker-80: Launching Executing install in D__2DAM_acceso_datos_proyectos_webapp-example] INFO  o.eclipse.m2e.core.internal.Bundles - 	Entry: C:\eclipse-acceso-datos\eclipse-jee\eclipse\plugins\com.google.guava_33.7.1.jre.jar
2026-09-23 13:20:57,087 [Worker-80: Launching Executing install in D__2DAM_acceso_datos_proyectos_webapp-example] INFO  o.eclipse.m2e.core.internal.Bundles - getClasspathEntries(Bundle=slf4j.api_2.0.18 [1015])
2026-09-23 13:20:57,087 [Worker-80: Launching Executing install in D__2DAM_acceso_datos_proyectos_webapp-example] INFO  o.eclipse.m2e.core.internal.Bundles - 	Entry: C:\eclipse-acceso-datos\eclipse-jee\eclipse\plugins\slf4j.api_2.0.18.jar
2026-09-23 13:20:57,088 [Worker-80: Launching Executing install in D__2DAM_acceso_datos_proyectos_webapp-example] INFO  o.eclipse.m2e.core.internal.Bundles - getClasspathEntries(Bundle=jakarta.inject.jakarta.inject-api_1.0.5 [36])
2026-09-23 13:20:57,088 [Worker-80: Launching Executing install in D__2DAM_acceso_datos_proyectos_webapp-example] INFO  o.eclipse.m2e.core.internal.Bundles - 	Entry: C:\eclipse-acceso-datos\eclipse-jee\eclipse\plugins\jakarta.inject.jakarta.inject-api_1.0.5.jar
2026-09-23 13:20:57,088 [Worker-80: Launching Executing install in D__2DAM_acceso_datos_proyectos_webapp-example] INFO  o.eclipse.m2e.core.internal.Bundles - getClasspathEntries(Bundle=jakarta.annotation-api_1.3.5 [32])
2026-09-23 13:20:57,088 [Worker-80: Launching Executing install in D__2DAM_acceso_datos_proyectos_webapp-example] INFO  o.eclipse.m2e.core.internal.Bundles - 	Entry: C:\eclipse-acceso-datos\eclipse-jee\eclipse\plugins\jakarta.annotation-api_1.3.5.jar
2026-09-23 13:20:57,088 [Worker-80: Launching Executing install in D__2DAM_acceso_datos_proyectos_webapp-example] INFO  o.eclipse.m2e.core.internal.Bundles - getClasspathEntries(Bundle=org.apache.commons.cli_1.11.0 [84])
2026-09-23 13:20:57,088 [Worker-80: Launching Executing install in D__2DAM_acceso_datos_proyectos_webapp-example] INFO  o.eclipse.m2e.core.internal.Bundles - 	Entry: C:\eclipse-acceso-datos\eclipse-jee\eclipse\plugins\org.apache.commons.cli_1.11.0.jar
2026-09-23 13:20:57,088 [Worker-80: Launching Executing install in D__2DAM_acceso_datos_proyectos_webapp-example] INFO  o.eclipse.m2e.core.internal.Bundles - getClasspathEntries(Bundle=org.apache.commons.commons-codec_1.22.1 [86])
2026-09-23 13:20:57,089 [Worker-80: Launching Executing install in D__2DAM_acceso_datos_proyectos_webapp-example] INFO  o.eclipse.m2e.core.internal.Bundles - 	Entry: C:\eclipse-acceso-datos\eclipse-jee\eclipse\plugins\org.apache.commons.commons-codec_1.22.1.jar
2026-09-23 13:20:57,089 [Worker-80: Launching Executing install in D__2DAM_acceso_datos_proyectos_webapp-example] INFO  o.eclipse.m2e.core.internal.Bundles - getClasspathEntries(Bundle=com.google.guava.failureaccess_1.0.3 [20])
2026-09-23 13:20:57,089 [Worker-80: Launching Executing install in D__2DAM_acceso_datos_proyectos_webapp-example] INFO  o.eclipse.m2e.core.internal.Bundles - 	Entry: C:\eclipse-acceso-datos\eclipse-jee\eclipse\plugins\com.google.guava.failureaccess_1.0.3.jar
2026-09-23 13:20:57,090 [Worker-80: Launching Executing install in D__2DAM_acceso_datos_proyectos_webapp-example] INFO  o.e.m.i.launch.MavenLaunchDelegate - Run build in "D:\2DAM\acceso_datos\proyectos\webapp-example":
2026-09-23 13:20:57,090 [Worker-80: Launching Executing install in D__2DAM_acceso_datos_proyectos_webapp-example] INFO  o.e.m.i.launch.MavenLaunchDelegate -  mvn  -B -Dstyle.color=always install
2026-09-23 13:22:57,187 [Worker-1: Loading available Gradle versions] INFO  o.e.b.c.i.u.g.PublishedGradleVersions - Gradle version information cache is up-to-date. Trying to read.
2026-09-30 12:20:00,052 [Worker-2: Loading available Gradle versions] INFO  o.e.b.c.i.u.g.PublishedGradleVersions - Gradle version information cache is out-of-date. Trying to update.
2026-09-30 12:35:38,120 [Worker-43: Building] INFO  o.a.m.s.f.DefaultMavenResourcesFiltering - Copying 0 resource from src\main\resources to target\classes
2026-09-30 12:35:38,126 [Worker-43: Building] INFO  o.a.m.s.f.DefaultMavenResourcesFiltering - Copying 0 resource from src\test\resources to target\test-classes
2026-09-30 12:35:38,131 [Worker-43: Building] INFO  o.e.m.w.i.f.ResourceFilteringBuildParticipant - Changed resources require a complete clean of filtered resources of webapp-example
2026-09-30 12:35:38,131 [Worker-43: Building] INFO  o.e.m.w.i.f.ResourceFilteringBuildParticipant - Executing resource filtering for webapp-example
2026-09-30 12:35:39,957 [Worker-43: Building] WARN  o.apache.maven.project.MavenProject - Plugin is modifying compileSourceRoots through clear(), which will not work in Maven 4.0.0. Use MavenProject.addCompileSourceRoot()/removeCompileSourceRoot() methods instead. If using a plugin, please upgrade to the latest version or report the issue to the plugin maintainer. To disable these warnings, set -Dmaven.project.sourceRoots.warningsDisabled=true on the command line, in the .mvn/maven.config file, or in project POM properties.
2026-09-30 12:35:39,958 [Worker-43: Building] WARN  o.apache.maven.project.MavenProject - Plugin is modifying compileSourceRoots through add(), which will not work in Maven 4.0.0. Use MavenProject.addCompileSourceRoot()/removeCompileSourceRoot() methods instead. If using a plugin, please upgrade to the latest version or report the issue to the plugin maintainer. To disable these warnings, set -Dmaven.project.sourceRoots.warningsDisabled=true on the command line, in the .mvn/maven.config file, or in project POM properties.
2026-09-30 12:35:39,959 [Worker-43: Building] WARN  o.apache.maven.project.MavenProject - Plugin is modifying testCompileSourceRoots through clear(), which will not work in Maven 4.0.0. Use MavenProject.addTestCompileSourceRoot()/removeTestCompileSourceRoot() methods instead. If using a plugin, please upgrade to the latest version or report the issue to the plugin maintainer. To disable these warnings, set -Dmaven.project.sourceRoots.warningsDisabled=true on the command line, in the .mvn/maven.config file, or in project POM properties.
2026-09-30 12:35:39,959 [Worker-43: Building] WARN  o.apache.maven.project.MavenProject - Plugin is modifying testCompileSourceRoots through add(), which will not work in Maven 4.0.0. Use MavenProject.addTestCompileSourceRoot()/removeTestCompileSourceRoot() methods instead. If using a plugin, please upgrade to the latest version or report the issue to the plugin maintainer. To disable these warnings, set -Dmaven.project.sourceRoots.warningsDisabled=true on the command line, in the .mvn/maven.config file, or in project POM properties.
2026-09-30 12:38:04,813 [Worker-45: Building] INFO  o.a.m.s.f.DefaultMavenResourcesFiltering - Copying 0 resource from src\main\resources to target\classes
2026-09-30 12:38:04,815 [Worker-45: Building] INFO  o.a.m.s.f.DefaultMavenResourcesFiltering - Copying 0 resource from src\test\resources to target\test-classes
2026-09-30 12:38:04,816 [Worker-45: Building] WARN  o.apache.maven.project.MavenProject - Plugin is modifying compileSourceRoots through clear(), which will not work in Maven 4.0.0. Use MavenProject.addCompileSourceRoot()/removeCompileSourceRoot() methods instead. If using a plugin, please upgrade to the latest version or report the issue to the plugin maintainer. To disable these warnings, set -Dmaven.project.sourceRoots.warningsDisabled=true on the command line, in the .mvn/maven.config file, or in project POM properties.
2026-09-30 12:38:04,816 [Worker-45: Building] WARN  o.apache.maven.project.MavenProject - Plugin is modifying compileSourceRoots through add(), which will not work in Maven 4.0.0. Use MavenProject.addCompileSourceRoot()/removeCompileSourceRoot() methods instead. If using a plugin, please upgrade to the latest version or report the issue to the plugin maintainer. To disable these warnings, set -Dmaven.project.sourceRoots.warningsDisabled=true on the command line, in the .mvn/maven.config file, or in project POM properties.
2026-09-30 12:38:04,816 [Worker-45: Building] WARN  o.apache.maven.project.MavenProject - Plugin is modifying testCompileSourceRoots through clear(), which will not work in Maven 4.0.0. Use MavenProject.addTestCompileSourceRoot()/removeTestCompileSourceRoot() methods instead. If using a plugin, please upgrade to the latest version or report the issue to the plugin maintainer. To disable these warnings, set -Dmaven.project.sourceRoots.warningsDisabled=true on the command line, in the .mvn/maven.config file, or in project POM properties.
2026-09-30 12:38:04,817 [Worker-45: Building] WARN  o.apache.maven.project.MavenProject - Plugin is modifying testCompileSourceRoots through add(), which will not work in Maven 4.0.0. Use MavenProject.addTestCompileSourceRoot()/removeTestCompileSourceRoot() methods instead. If using a plugin, please upgrade to the latest version or report the issue to the plugin maintainer. To disable these warnings, set -Dmaven.project.sourceRoots.warningsDisabled=true on the command line, in the .mvn/maven.config file, or in project POM properties.
2026-09-30 12:38:17,961 [Worker-46: Building] INFO  o.a.m.s.f.DefaultMavenResourcesFiltering - Copying 0 resource from src\main\resources to target\classes
2026-09-30 12:38:17,963 [Worker-46: Building] INFO  o.a.m.s.f.DefaultMavenResourcesFiltering - Copying 0 resource from src\test\resources to target\test-classes
2026-09-30 12:38:17,964 [Worker-46: Building] WARN  o.apache.maven.project.MavenProject - Plugin is modifying compileSourceRoots through clear(), which will not work in Maven 4.0.0. Use MavenProject.addCompileSourceRoot()/removeCompileSourceRoot() methods instead. If using a plugin, please upgrade to the latest version or report the issue to the plugin maintainer. To disable these warnings, set -Dmaven.project.sourceRoots.warningsDisabled=true on the command line, in the .mvn/maven.config file, or in project POM properties.
2026-09-30 12:38:17,964 [Worker-46: Building] WARN  o.apache.maven.project.MavenProject - Plugin is modifying compileSourceRoots through add(), which will not work in Maven 4.0.0. Use MavenProject.addCompileSourceRoot()/removeCompileSourceRoot() methods instead. If using a plugin, please upgrade to the latest version or report the issue to the plugin maintainer. To disable these warnings, set -Dmaven.project.sourceRoots.warningsDisabled=true on the command line, in the .mvn/maven.config file, or in project POM properties.
2026-09-30 12:38:17,965 [Worker-46: Building] WARN  o.apache.maven.project.MavenProject - Plugin is modifying testCompileSourceRoots through clear(), which will not work in Maven 4.0.0. Use MavenProject.addTestCompileSourceRoot()/removeTestCompileSourceRoot() methods instead. If using a plugin, please upgrade to the latest version or report the issue to the plugin maintainer. To disable these warnings, set -Dmaven.project.sourceRoots.warningsDisabled=true on the command line, in the .mvn/maven.config file, or in project POM properties.
2026-09-30 12:38:17,965 [Worker-46: Building] WARN  o.apache.maven.project.MavenProject - Plugin is modifying testCompileSourceRoots through add(), which will not work in Maven 4.0.0. Use MavenProject.addTestCompileSourceRoot()/removeTestCompileSourceRoot() methods instead. If using a plugin, please upgrade to the latest version or report the issue to the plugin maintainer. To disable these warnings, set -Dmaven.project.sourceRoots.warningsDisabled=true on the command line, in the .mvn/maven.config file, or in project POM properties.
2026-09-30 12:41:25,798 [Worker-45: Building] INFO  o.a.m.s.f.DefaultMavenResourcesFiltering - Copying 0 resource from src\main\resources to target\classes
2026-09-30 12:41:25,799 [Worker-45: Building] INFO  o.a.m.s.f.DefaultMavenResourcesFiltering - Copying 0 resource from src\test\resources to target\test-classes
2026-09-30 12:41:25,800 [Worker-45: Building] WARN  o.apache.maven.project.MavenProject - Plugin is modifying compileSourceRoots through clear(), which will not work in Maven 4.0.0. Use MavenProject.addCompileSourceRoot()/removeCompileSourceRoot() methods instead. If using a plugin, please upgrade to the latest version or report the issue to the plugin maintainer. To disable these warnings, set -Dmaven.project.sourceRoots.warningsDisabled=true on the command line, in the .mvn/maven.config file, or in project POM properties.
2026-09-30 12:41:25,800 [Worker-45: Building] WARN  o.apache.maven.project.MavenProject - Plugin is modifying compileSourceRoots through add(), which will not work in Maven 4.0.0. Use MavenProject.addCompileSourceRoot()/removeCompileSourceRoot() methods instead. If using a plugin, please upgrade to the latest version or report the issue to the plugin maintainer. To disable these warnings, set -Dmaven.project.sourceRoots.warningsDisabled=true on the command line, in the .mvn/maven.config file, or in project POM properties.
2026-09-30 12:41:25,800 [Worker-45: Building] WARN  o.apache.maven.project.MavenProject - Plugin is modifying testCompileSourceRoots through clear(), which will not work in Maven 4.0.0. Use MavenProject.addTestCompileSourceRoot()/removeTestCompileSourceRoot() methods instead. If using a plugin, please upgrade to the latest version or report the issue to the plugin maintainer. To disable these warnings, set -Dmaven.project.sourceRoots.warningsDisabled=true on the command line, in the .mvn/maven.config file, or in project POM properties.
2026-09-30 12:41:25,801 [Worker-45: Building] WARN  o.apache.maven.project.MavenProject - Plugin is modifying testCompileSourceRoots through add(), which will not work in Maven 4.0.0. Use MavenProject.addTestCompileSourceRoot()/removeTestCompileSourceRoot() methods instead. If using a plugin, please upgrade to the latest version or report the issue to the plugin maintainer. To disable these warnings, set -Dmaven.project.sourceRoots.warningsDisabled=true on the command line, in the .mvn/maven.config file, or in project POM properties.
2026-09-30 12:45:01,487 [Worker-48: Building] INFO  o.a.m.s.f.DefaultMavenResourcesFiltering - Copying 0 resource from src\main\resources to target\classes
2026-09-30 12:45:01,488 [Worker-48: Building] INFO  o.a.m.s.f.DefaultMavenResourcesFiltering - Copying 0 resource from src\test\resources to target\test-classes
2026-09-30 12:45:01,489 [Worker-48: Building] WARN  o.apache.maven.project.MavenProject - Plugin is modifying compileSourceRoots through clear(), which will not work in Maven 4.0.0. Use MavenProject.addCompileSourceRoot()/removeCompileSourceRoot() methods instead. If using a plugin, please upgrade to the latest version or report the issue to the plugin maintainer. To disable these warnings, set -Dmaven.project.sourceRoots.warningsDisabled=true on the command line, in the .mvn/maven.config file, or in project POM properties.
2026-09-30 12:45:01,489 [Worker-48: Building] WARN  o.apache.maven.project.MavenProject - Plugin is modifying compileSourceRoots through add(), which will not work in Maven 4.0.0. Use MavenProject.addCompileSourceRoot()/removeCompileSourceRoot() methods instead. If using a plugin, please upgrade to the latest version or report the issue to the plugin maintainer. To disable these warnings, set -Dmaven.project.sourceRoots.warningsDisabled=true on the command line, in the .mvn/maven.config file, or in project POM properties.
2026-09-30 12:45:01,489 [Worker-48: Building] WARN  o.apache.maven.project.MavenProject - Plugin is modifying testCompileSourceRoots through clear(), which will not work in Maven 4.0.0. Use MavenProject.addTestCompileSourceRoot()/removeTestCompileSourceRoot() methods instead. If using a plugin, please upgrade to the latest version or report the issue to the plugin maintainer. To disable these warnings, set -Dmaven.project.sourceRoots.warningsDisabled=true on the command line, in the .mvn/maven.config file, or in project POM properties.
2026-09-30 12:45:01,489 [Worker-48: Building] WARN  o.apache.maven.project.MavenProject - Plugin is modifying testCompileSourceRoots through add(), which will not work in Maven 4.0.0. Use MavenProject.addTestCompileSourceRoot()/removeTestCompileSourceRoot() methods instead. If using a plugin, please upgrade to the latest version or report the issue to the plugin maintainer. To disable these warnings, set -Dmaven.project.sourceRoots.warningsDisabled=true on the command line, in the .mvn/maven.config file, or in project POM properties.
2026-09-30 12:45:16,928 [Worker-48: Building] INFO  o.a.m.s.f.DefaultMavenResourcesFiltering - Copying 0 resource from src\main\resources to target\classes
2026-09-30 12:45:16,931 [Worker-48: Building] INFO  o.a.m.s.f.DefaultMavenResourcesFiltering - Copying 0 resource from src\test\resources to target\test-classes
2026-09-30 12:45:16,931 [Worker-48: Building] WARN  o.apache.maven.project.MavenProject - Plugin is modifying compileSourceRoots through clear(), which will not work in Maven 4.0.0. Use MavenProject.addCompileSourceRoot()/removeCompileSourceRoot() methods instead. If using a plugin, please upgrade to the latest version or report the issue to the plugin maintainer. To disable these warnings, set -Dmaven.project.sourceRoots.warningsDisabled=true on the command line, in the .mvn/maven.config file, or in project POM properties.
2026-09-30 12:45:16,932 [Worker-48: Building] WARN  o.apache.maven.project.MavenProject - Plugin is modifying compileSourceRoots through add(), which will not work in Maven 4.0.0. Use MavenProject.addCompileSourceRoot()/removeCompileSourceRoot() methods instead. If using a plugin, please upgrade to the latest version or report the issue to the plugin maintainer. To disable these warnings, set -Dmaven.project.sourceRoots.warningsDisabled=true on the command line, in the .mvn/maven.config file, or in project POM properties.
2026-09-30 12:45:16,932 [Worker-48: Building] WARN  o.apache.maven.project.MavenProject - Plugin is modifying testCompileSourceRoots through clear(), which will not work in Maven 4.0.0. Use MavenProject.addTestCompileSourceRoot()/removeTestCompileSourceRoot() methods instead. If using a plugin, please upgrade to the latest version or report the issue to the plugin maintainer. To disable these warnings, set -Dmaven.project.sourceRoots.warningsDisabled=true on the command line, in the .mvn/maven.config file, or in project POM properties.
2026-09-30 12:45:16,932 [Worker-48: Building] WARN  o.apache.maven.project.MavenProject - Plugin is modifying testCompileSourceRoots through add(), which will not work in Maven 4.0.0. Use MavenProject.addTestCompileSourceRoot()/removeTestCompileSourceRoot() methods instead. If using a plugin, please upgrade to the latest version or report the issue to the plugin maintainer. To disable these warnings, set -Dmaven.project.sourceRoots.warningsDisabled=true on the command line, in the .mvn/maven.config file, or in project POM properties.
2026-09-30 12:45:47,081 [Worker-45: Building] INFO  o.a.m.s.f.DefaultMavenResourcesFiltering - Copying 0 resource from src\main\resources to target\classes
2026-09-30 12:45:47,082 [Worker-45: Building] INFO  o.a.m.s.f.DefaultMavenResourcesFiltering - Copying 0 resource from src\test\resources to target\test-classes
2026-09-30 12:45:47,084 [Worker-45: Building] WARN  o.apache.maven.project.MavenProject - Plugin is modifying compileSourceRoots through clear(), which will not work in Maven 4.0.0. Use MavenProject.addCompileSourceRoot()/removeCompileSourceRoot() methods instead. If using a plugin, please upgrade to the latest version or report the issue to the plugin maintainer. To disable these warnings, set -Dmaven.project.sourceRoots.warningsDisabled=true on the command line, in the .mvn/maven.config file, or in project POM properties.
2026-09-30 12:45:47,084 [Worker-45: Building] WARN  o.apache.maven.project.MavenProject - Plugin is modifying compileSourceRoots through add(), which will not work in Maven 4.0.0. Use MavenProject.addCompileSourceRoot()/removeCompileSourceRoot() methods instead. If using a plugin, please upgrade to the latest version or report the issue to the plugin maintainer. To disable these warnings, set -Dmaven.project.sourceRoots.warningsDisabled=true on the command line, in the .mvn/maven.config file, or in project POM properties.
2026-09-30 12:45:47,084 [Worker-45: Building] WARN  o.apache.maven.project.MavenProject - Plugin is modifying testCompileSourceRoots through clear(), which will not work in Maven 4.0.0. Use MavenProject.addTestCompileSourceRoot()/removeTestCompileSourceRoot() methods instead. If using a plugin, please upgrade to the latest version or report the issue to the plugin maintainer. To disable these warnings, set -Dmaven.project.sourceRoots.warningsDisabled=true on the command line, in the .mvn/maven.config file, or in project POM properties.
2026-09-30 12:45:47,084 [Worker-45: Building] WARN  o.apache.maven.project.MavenProject - Plugin is modifying testCompileSourceRoots through add(), which will not work in Maven 4.0.0. Use MavenProject.addTestCompileSourceRoot()/removeTestCompileSourceRoot() methods instead. If using a plugin, please upgrade to the latest version or report the issue to the plugin maintainer. To disable these warnings, set -Dmaven.project.sourceRoots.warningsDisabled=true on the command line, in the .mvn/maven.config file, or in project POM properties.
2026-09-30 13:02:39,277 [Worker-56: Building] INFO  o.a.m.s.f.DefaultMavenResourcesFiltering - Copying 0 resource from src\main\resources to target\classes
2026-09-30 13:02:39,281 [Worker-56: Building] INFO  o.a.m.s.f.DefaultMavenResourcesFiltering - Copying 0 resource from src\test\resources to target\test-classes
2026-09-30 13:02:39,282 [Worker-56: Building] WARN  o.apache.maven.project.MavenProject - Plugin is modifying compileSourceRoots through clear(), which will not work in Maven 4.0.0. Use MavenProject.addCompileSourceRoot()/removeCompileSourceRoot() methods instead. If using a plugin, please upgrade to the latest version or report the issue to the plugin maintainer. To disable these warnings, set -Dmaven.project.sourceRoots.warningsDisabled=true on the command line, in the .mvn/maven.config file, or in project POM properties.
2026-09-30 13:02:39,282 [Worker-56: Building] WARN  o.apache.maven.project.MavenProject - Plugin is modifying compileSourceRoots through add(), which will not work in Maven 4.0.0. Use MavenProject.addCompileSourceRoot()/removeCompileSourceRoot() methods instead. If using a plugin, please upgrade to the latest version or report the issue to the plugin maintainer. To disable these warnings, set -Dmaven.project.sourceRoots.warningsDisabled=true on the command line, in the .mvn/maven.config file, or in project POM properties.
2026-09-30 13:02:39,283 [Worker-56: Building] WARN  o.apache.maven.project.MavenProject - Plugin is modifying testCompileSourceRoots through clear(), which will not work in Maven 4.0.0. Use MavenProject.addTestCompileSourceRoot()/removeTestCompileSourceRoot() methods instead. If using a plugin, please upgrade to the latest version or report the issue to the plugin maintainer. To disable these warnings, set -Dmaven.project.sourceRoots.warningsDisabled=true on the command line, in the .mvn/maven.config file, or in project POM properties.
2026-09-30 13:02:39,283 [Worker-56: Building] WARN  o.apache.maven.project.MavenProject - Plugin is modifying testCompileSourceRoots through add(), which will not work in Maven 4.0.0. Use MavenProject.addTestCompileSourceRoot()/removeTestCompileSourceRoot() methods instead. If using a plugin, please upgrade to the latest version or report the issue to the plugin maintainer. To disable these warnings, set -Dmaven.project.sourceRoots.warningsDisabled=true on the command line, in the .mvn/maven.config file, or in project POM properties.
2026-09-30 13:05:06,515 [Worker-54: Building] INFO  o.a.m.s.f.DefaultMavenResourcesFiltering - Copying 0 resource from src\main\resources to target\classes
2026-09-30 13:05:06,518 [Worker-54: Building] INFO  o.a.m.s.f.DefaultMavenResourcesFiltering - Copying 0 resource from src\test\resources to target\test-classes
2026-09-30 13:05:06,518 [Worker-54: Building] WARN  o.apache.maven.project.MavenProject - Plugin is modifying compileSourceRoots through clear(), which will not work in Maven 4.0.0. Use MavenProject.addCompileSourceRoot()/removeCompileSourceRoot() methods instead. If using a plugin, please upgrade to the latest version or report the issue to the plugin maintainer. To disable these warnings, set -Dmaven.project.sourceRoots.warningsDisabled=true on the command line, in the .mvn/maven.config file, or in project POM properties.
2026-09-30 13:05:06,519 [Worker-54: Building] WARN  o.apache.maven.project.MavenProject - Plugin is modifying compileSourceRoots through add(), which will not work in Maven 4.0.0. Use MavenProject.addCompileSourceRoot()/removeCompileSourceRoot() methods instead. If using a plugin, please upgrade to the latest version or report the issue to the plugin maintainer. To disable these warnings, set -Dmaven.project.sourceRoots.warningsDisabled=true on the command line, in the .mvn/maven.config file, or in project POM properties.
2026-09-30 13:05:06,519 [Worker-54: Building] WARN  o.apache.maven.project.MavenProject - Plugin is modifying testCompileSourceRoots through clear(), which will not work in Maven 4.0.0. Use MavenProject.addTestCompileSourceRoot()/removeTestCompileSourceRoot() methods instead. If using a plugin, please upgrade to the latest version or report the issue to the plugin maintainer. To disable these warnings, set -Dmaven.project.sourceRoots.warningsDisabled=true on the command line, in the .mvn/maven.config file, or in project POM properties.
2026-09-30 13:05:06,519 [Worker-54: Building] WARN  o.apache.maven.project.MavenProject - Plugin is modifying testCompileSourceRoots through add(), which will not work in Maven 4.0.0. Use MavenProject.addTestCompileSourceRoot()/removeTestCompileSourceRoot() methods instead. If using a plugin, please upgrade to the latest version or report the issue to the plugin maintainer. To disable these warnings, set -Dmaven.project.sourceRoots.warningsDisabled=true on the command line, in the .mvn/maven.config file, or in project POM properties.
2026-09-30 13:05:34,489 [Worker-58: Building] INFO  o.a.m.s.f.DefaultMavenResourcesFiltering - Copying 0 resource from src\main\resources to target\classes
2026-09-30 13:05:34,491 [Worker-58: Building] INFO  o.a.m.s.f.DefaultMavenResourcesFiltering - Copying 0 resource from src\test\resources to target\test-classes
2026-09-30 13:05:34,492 [Worker-58: Building] WARN  o.apache.maven.project.MavenProject - Plugin is modifying compileSourceRoots through clear(), which will not work in Maven 4.0.0. Use MavenProject.addCompileSourceRoot()/removeCompileSourceRoot() methods instead. If using a plugin, please upgrade to the latest version or report the issue to the plugin maintainer. To disable these warnings, set -Dmaven.project.sourceRoots.warningsDisabled=true on the command line, in the .mvn/maven.config file, or in project POM properties.
2026-09-30 13:05:34,492 [Worker-58: Building] WARN  o.apache.maven.project.MavenProject - Plugin is modifying compileSourceRoots through add(), which will not work in Maven 4.0.0. Use MavenProject.addCompileSourceRoot()/removeCompileSourceRoot() methods instead. If using a plugin, please upgrade to the latest version or report the issue to the plugin maintainer. To disable these warnings, set -Dmaven.project.sourceRoots.warningsDisabled=true on the command line, in the .mvn/maven.config file, or in project POM properties.
2026-09-30 13:05:34,492 [Worker-58: Building] WARN  o.apache.maven.project.MavenProject - Plugin is modifying testCompileSourceRoots through clear(), which will not work in Maven 4.0.0. Use MavenProject.addTestCompileSourceRoot()/removeTestCompileSourceRoot() methods instead. If using a plugin, please upgrade to the latest version or report the issue to the plugin maintainer. To disable these warnings, set -Dmaven.project.sourceRoots.warningsDisabled=true on the command line, in the .mvn/maven.config file, or in project POM properties.
2026-09-30 13:05:34,492 [Worker-58: Building] WARN  o.apache.maven.project.MavenProject - Plugin is modifying testCompileSourceRoots through add(), which will not work in Maven 4.0.0. Use MavenProject.addTestCompileSourceRoot()/removeTestCompileSourceRoot() methods instead. If using a plugin, please upgrade to the latest version or report the issue to the plugin maintainer. To disable these warnings, set -Dmaven.project.sourceRoots.warningsDisabled=true on the command line, in the .mvn/maven.config file, or in project POM properties.
2026-09-30 13:13:22,751 [Worker-60: Building] INFO  o.a.m.s.f.DefaultMavenResourcesFiltering - Copying 0 resource from src\main\resources to target\classes
2026-09-30 13:13:22,753 [Worker-60: Building] INFO  o.a.m.s.f.DefaultMavenResourcesFiltering - Copying 0 resource from src\test\resources to target\test-classes
2026-09-30 13:13:22,753 [Worker-60: Building] WARN  o.apache.maven.project.MavenProject - Plugin is modifying compileSourceRoots through clear(), which will not work in Maven 4.0.0. Use MavenProject.addCompileSourceRoot()/removeCompileSourceRoot() methods instead. If using a plugin, please upgrade to the latest version or report the issue to the plugin maintainer. To disable these warnings, set -Dmaven.project.sourceRoots.warningsDisabled=true on the command line, in the .mvn/maven.config file, or in project POM properties.
2026-09-30 13:13:22,754 [Worker-60: Building] WARN  o.apache.maven.project.MavenProject - Plugin is modifying compileSourceRoots through add(), which will not work in Maven 4.0.0. Use MavenProject.addCompileSourceRoot()/removeCompileSourceRoot() methods instead. If using a plugin, please upgrade to the latest version or report the issue to the plugin maintainer. To disable these warnings, set -Dmaven.project.sourceRoots.warningsDisabled=true on the command line, in the .mvn/maven.config file, or in project POM properties.
2026-09-30 13:13:22,754 [Worker-60: Building] WARN  o.apache.maven.project.MavenProject - Plugin is modifying testCompileSourceRoots through clear(), which will not work in Maven 4.0.0. Use MavenProject.addTestCompileSourceRoot()/removeTestCompileSourceRoot() methods instead. If using a plugin, please upgrade to the latest version or report the issue to the plugin maintainer. To disable these warnings, set -Dmaven.project.sourceRoots.warningsDisabled=true on the command line, in the .mvn/maven.config file, or in project POM properties.
2026-09-30 13:13:22,754 [Worker-60: Building] WARN  o.apache.maven.project.MavenProject - Plugin is modifying testCompileSourceRoots through add(), which will not work in Maven 4.0.0. Use MavenProject.addTestCompileSourceRoot()/removeTestCompileSourceRoot() methods instead. If using a plugin, please upgrade to the latest version or report the issue to the plugin maintainer. To disable these warnings, set -Dmaven.project.sourceRoots.warningsDisabled=true on the command line, in the .mvn/maven.config file, or in project POM properties.
2026-09-30 13:19:17,088 [Worker-64: Building] INFO  o.a.m.s.f.DefaultMavenResourcesFiltering - Copying 0 resource from src\main\resources to target\classes
2026-09-30 13:19:17,090 [Worker-64: Building] INFO  o.a.m.s.f.DefaultMavenResourcesFiltering - Copying 0 resource from src\test\resources to target\test-classes
2026-09-30 13:19:17,090 [Worker-64: Building] WARN  o.apache.maven.project.MavenProject - Plugin is modifying compileSourceRoots through clear(), which will not work in Maven 4.0.0. Use MavenProject.addCompileSourceRoot()/removeCompileSourceRoot() methods instead. If using a plugin, please upgrade to the latest version or report the issue to the plugin maintainer. To disable these warnings, set -Dmaven.project.sourceRoots.warningsDisabled=true on the command line, in the .mvn/maven.config file, or in project POM properties.
2026-09-30 13:19:17,090 [Worker-64: Building] WARN  o.apache.maven.project.MavenProject - Plugin is modifying compileSourceRoots through add(), which will not work in Maven 4.0.0. Use MavenProject.addCompileSourceRoot()/removeCompileSourceRoot() methods instead. If using a plugin, please upgrade to the latest version or report the issue to the plugin maintainer. To disable these warnings, set -Dmaven.project.sourceRoots.warningsDisabled=true on the command line, in the .mvn/maven.config file, or in project POM properties.
2026-09-30 13:19:17,091 [Worker-64: Building] WARN  o.apache.maven.project.MavenProject - Plugin is modifying testCompileSourceRoots through clear(), which will not work in Maven 4.0.0. Use MavenProject.addTestCompileSourceRoot()/removeTestCompileSourceRoot() methods instead. If using a plugin, please upgrade to the latest version or report the issue to the plugin maintainer. To disable these warnings, set -Dmaven.project.sourceRoots.warningsDisabled=true on the command line, in the .mvn/maven.config file, or in project POM properties.
2026-09-30 13:19:17,091 [Worker-64: Building] WARN  o.apache.maven.project.MavenProject - Plugin is modifying testCompileSourceRoots through add(), which will not work in Maven 4.0.0. Use MavenProject.addTestCompileSourceRoot()/removeTestCompileSourceRoot() methods instead. If using a plugin, please upgrade to the latest version or report the issue to the plugin maintainer. To disable these warnings, set -Dmaven.project.sourceRoots.warningsDisabled=true on the command line, in the .mvn/maven.config file, or in project POM properties.
2026-09-30 13:29:19,574 [Worker-69: Building] INFO  o.a.m.s.f.DefaultMavenResourcesFiltering - Copying 0 resource from src\main\resources to target\classes
2026-09-30 13:29:19,576 [Worker-69: Building] INFO  o.a.m.s.f.DefaultMavenResourcesFiltering - Copying 0 resource from src\test\resources to target\test-classes
2026-09-30 13:29:19,577 [Worker-69: Building] WARN  o.apache.maven.project.MavenProject - Plugin is modifying compileSourceRoots through clear(), which will not work in Maven 4.0.0. Use MavenProject.addCompileSourceRoot()/removeCompileSourceRoot() methods instead. If using a plugin, please upgrade to the latest version or report the issue to the plugin maintainer. To disable these warnings, set -Dmaven.project.sourceRoots.warningsDisabled=true on the command line, in the .mvn/maven.config file, or in project POM properties.
2026-09-30 13:29:19,577 [Worker-69: Building] WARN  o.apache.maven.project.MavenProject - Plugin is modifying compileSourceRoots through add(), which will not work in Maven 4.0.0. Use MavenProject.addCompileSourceRoot()/removeCompileSourceRoot() methods instead. If using a plugin, please upgrade to the latest version or report the issue to the plugin maintainer. To disable these warnings, set -Dmaven.project.sourceRoots.warningsDisabled=true on the command line, in the .mvn/maven.config file, or in project POM properties.
2026-09-30 13:29:19,578 [Worker-69: Building] WARN  o.apache.maven.project.MavenProject - Plugin is modifying testCompileSourceRoots through clear(), which will not work in Maven 4.0.0. Use MavenProject.addTestCompileSourceRoot()/removeTestCompileSourceRoot() methods instead. If using a plugin, please upgrade to the latest version or report the issue to the plugin maintainer. To disable these warnings, set -Dmaven.project.sourceRoots.warningsDisabled=true on the command line, in the .mvn/maven.config file, or in project POM properties.
2026-09-30 13:29:19,578 [Worker-69: Building] WARN  o.apache.maven.project.MavenProject - Plugin is modifying testCompileSourceRoots through add(), which will not work in Maven 4.0.0. Use MavenProject.addTestCompileSourceRoot()/removeTestCompileSourceRoot() methods instead. If using a plugin, please upgrade to the latest version or report the issue to the plugin maintainer. To disable these warnings, set -Dmaven.project.sourceRoots.warningsDisabled=true on the command line, in the .mvn/maven.config file, or in project POM properties.
2026-09-30 13:29:37,947 [Worker-65: Building] INFO  o.a.m.s.f.DefaultMavenResourcesFiltering - Copying 0 resource from src\main\resources to target\classes
2026-09-30 13:29:37,948 [Worker-65: Building] INFO  o.a.m.s.f.DefaultMavenResourcesFiltering - Copying 0 resource from src\test\resources to target\test-classes
2026-09-30 13:29:37,949 [Worker-65: Building] WARN  o.apache.maven.project.MavenProject - Plugin is modifying compileSourceRoots through clear(), which will not work in Maven 4.0.0. Use MavenProject.addCompileSourceRoot()/removeCompileSourceRoot() methods instead. If using a plugin, please upgrade to the latest version or report the issue to the plugin maintainer. To disable these warnings, set -Dmaven.project.sourceRoots.warningsDisabled=true on the command line, in the .mvn/maven.config file, or in project POM properties.
2026-09-30 13:29:37,949 [Worker-65: Building] WARN  o.apache.maven.project.MavenProject - Plugin is modifying compileSourceRoots through add(), which will not work in Maven 4.0.0. Use MavenProject.addCompileSourceRoot()/removeCompileSourceRoot() methods instead. If using a plugin, please upgrade to the latest version or report the issue to the plugin maintainer. To disable these warnings, set -Dmaven.project.sourceRoots.warningsDisabled=true on the command line, in the .mvn/maven.config file, or in project POM properties.
2026-09-30 13:29:37,949 [Worker-65: Building] WARN  o.apache.maven.project.MavenProject - Plugin is modifying testCompileSourceRoots through clear(), which will not work in Maven 4.0.0. Use MavenProject.addTestCompileSourceRoot()/removeTestCompileSourceRoot() methods instead. If using a plugin, please upgrade to the latest version or report the issue to the plugin maintainer. To disable these warnings, set -Dmaven.project.sourceRoots.warningsDisabled=true on the command line, in the .mvn/maven.config file, or in project POM properties.
2026-09-30 13:29:37,949 [Worker-65: Building] WARN  o.apache.maven.project.MavenProject - Plugin is modifying testCompileSourceRoots through add(), which will not work in Maven 4.0.0. Use MavenProject.addTestCompileSourceRoot()/removeTestCompileSourceRoot() methods instead. If using a plugin, please upgrade to the latest version or report the issue to the plugin maintainer. To disable these warnings, set -Dmaven.project.sourceRoots.warningsDisabled=true on the command line, in the .mvn/maven.config file, or in project POM properties.
2026-09-30 13:29:56,046 [Worker-72: Building] INFO  o.a.m.s.f.DefaultMavenResourcesFiltering - Copying 0 resource from src\main\resources to target\classes
2026-09-30 13:29:56,047 [Worker-72: Building] INFO  o.a.m.s.f.DefaultMavenResourcesFiltering - Copying 0 resource from src\test\resources to target\test-classes
2026-09-30 13:29:56,047 [Worker-72: Building] WARN  o.apache.maven.project.MavenProject - Plugin is modifying compileSourceRoots through clear(), which will not work in Maven 4.0.0. Use MavenProject.addCompileSourceRoot()/removeCompileSourceRoot() methods instead. If using a plugin, please upgrade to the latest version or report the issue to the plugin maintainer. To disable these warnings, set -Dmaven.project.sourceRoots.warningsDisabled=true on the command line, in the .mvn/maven.config file, or in project POM properties.
2026-09-30 13:29:56,048 [Worker-72: Building] WARN  o.apache.maven.project.MavenProject - Plugin is modifying compileSourceRoots through add(), which will not work in Maven 4.0.0. Use MavenProject.addCompileSourceRoot()/removeCompileSourceRoot() methods instead. If using a plugin, please upgrade to the latest version or report the issue to the plugin maintainer. To disable these warnings, set -Dmaven.project.sourceRoots.warningsDisabled=true on the command line, in the .mvn/maven.config file, or in project POM properties.
2026-09-30 13:29:56,048 [Worker-72: Building] WARN  o.apache.maven.project.MavenProject - Plugin is modifying testCompileSourceRoots through clear(), which will not work in Maven 4.0.0. Use MavenProject.addTestCompileSourceRoot()/removeTestCompileSourceRoot() methods instead. If using a plugin, please upgrade to the latest version or report the issue to the plugin maintainer. To disable these warnings, set -Dmaven.project.sourceRoots.warningsDisabled=true on the command line, in the .mvn/maven.config file, or in project POM properties.
2026-09-30 13:29:56,048 [Worker-72: Building] WARN  o.apache.maven.project.MavenProject - Plugin is modifying testCompileSourceRoots through add(), which will not work in Maven 4.0.0. Use MavenProject.addTestCompileSourceRoot()/removeTestCompileSourceRoot() methods instead. If using a plugin, please upgrade to the latest version or report the issue to the plugin maintainer. To disable these warnings, set -Dmaven.project.sourceRoots.warningsDisabled=true on the command line, in the .mvn/maven.config file, or in project POM properties.
2026-10-05 11:32:16,915 [Worker-7: Loading available Gradle versions] INFO  o.e.b.c.i.u.g.PublishedGradleVersions - Gradle version information cache is out-of-date. Trying to update.
2026-10-05 11:42:40,413 [Worker-39: Building] INFO  o.a.m.s.f.DefaultMavenResourcesFiltering - Copying 0 resource from src\main\resources to target\classes
2026-10-05 11:42:40,418 [Worker-39: Building] INFO  o.a.m.s.f.DefaultMavenResourcesFiltering - Copying 0 resource from src\test\resources to target\test-classes
2026-10-05 11:42:42,270 [Worker-39: Building] WARN  o.apache.maven.project.MavenProject - Plugin is modifying compileSourceRoots through clear(), which will not work in Maven 4.0.0. Use MavenProject.addCompileSourceRoot()/removeCompileSourceRoot() methods instead. If using a plugin, please upgrade to the latest version or report the issue to the plugin maintainer. To disable these warnings, set -Dmaven.project.sourceRoots.warningsDisabled=true on the command line, in the .mvn/maven.config file, or in project POM properties.
2026-10-05 11:42:42,271 [Worker-39: Building] WARN  o.apache.maven.project.MavenProject - Plugin is modifying compileSourceRoots through add(), which will not work in Maven 4.0.0. Use MavenProject.addCompileSourceRoot()/removeCompileSourceRoot() methods instead. If using a plugin, please upgrade to the latest version or report the issue to the plugin maintainer. To disable these warnings, set -Dmaven.project.sourceRoots.warningsDisabled=true on the command line, in the .mvn/maven.config file, or in project POM properties.
2026-10-05 11:42:42,272 [Worker-39: Building] WARN  o.apache.maven.project.MavenProject - Plugin is modifying testCompileSourceRoots through clear(), which will not work in Maven 4.0.0. Use MavenProject.addTestCompileSourceRoot()/removeTestCompileSourceRoot() methods instead. If using a plugin, please upgrade to the latest version or report the issue to the plugin maintainer. To disable these warnings, set -Dmaven.project.sourceRoots.warningsDisabled=true on the command line, in the .mvn/maven.config file, or in project POM properties.
2026-10-05 11:42:42,272 [Worker-39: Building] WARN  o.apache.maven.project.MavenProject - Plugin is modifying testCompileSourceRoots through add(), which will not work in Maven 4.0.0. Use MavenProject.addTestCompileSourceRoot()/removeTestCompileSourceRoot() methods instead. If using a plugin, please upgrade to the latest version or report the issue to the plugin maintainer. To disable these warnings, set -Dmaven.project.sourceRoots.warningsDisabled=true on the command line, in the .mvn/maven.config file, or in project POM properties.
2026-10-05 11:43:33,596 [Worker-43: Building] INFO  o.a.m.s.f.DefaultMavenResourcesFiltering - Copying 0 resource from src\main\resources to target\classes
2026-10-05 11:43:33,599 [Worker-43: Building] INFO  o.a.m.s.f.DefaultMavenResourcesFiltering - Copying 0 resource from src\test\resources to target\test-classes
2026-10-05 11:43:33,601 [Worker-43: Building] WARN  o.apache.maven.project.MavenProject - Plugin is modifying compileSourceRoots through clear(), which will not work in Maven 4.0.0. Use MavenProject.addCompileSourceRoot()/removeCompileSourceRoot() methods instead. If using a plugin, please upgrade to the latest version or report the issue to the plugin maintainer. To disable these warnings, set -Dmaven.project.sourceRoots.warningsDisabled=true on the command line, in the .mvn/maven.config file, or in project POM properties.
2026-10-05 11:43:33,602 [Worker-43: Building] WARN  o.apache.maven.project.MavenProject - Plugin is modifying compileSourceRoots through add(), which will not work in Maven 4.0.0. Use MavenProject.addCompileSourceRoot()/removeCompileSourceRoot() methods instead. If using a plugin, please upgrade to the latest version or report the issue to the plugin maintainer. To disable these warnings, set -Dmaven.project.sourceRoots.warningsDisabled=true on the command line, in the .mvn/maven.config file, or in project POM properties.
2026-10-05 11:43:33,602 [Worker-43: Building] WARN  o.apache.maven.project.MavenProject - Plugin is modifying testCompileSourceRoots through clear(), which will not work in Maven 4.0.0. Use MavenProject.addTestCompileSourceRoot()/removeTestCompileSourceRoot() methods instead. If using a plugin, please upgrade to the latest version or report the issue to the plugin maintainer. To disable these warnings, set -Dmaven.project.sourceRoots.warningsDisabled=true on the command line, in the .mvn/maven.config file, or in project POM properties.
2026-10-05 11:43:33,603 [Worker-43: Building] WARN  o.apache.maven.project.MavenProject - Plugin is modifying testCompileSourceRoots through add(), which will not work in Maven 4.0.0. Use MavenProject.addTestCompileSourceRoot()/removeTestCompileSourceRoot() methods instead. If using a plugin, please upgrade to the latest version or report the issue to the plugin maintainer. To disable these warnings, set -Dmaven.project.sourceRoots.warningsDisabled=true on the command line, in the .mvn/maven.config file, or in project POM properties.
2026-10-05 11:44:21,283 [Worker-39: Building] INFO  o.a.m.s.f.DefaultMavenResourcesFiltering - Copying 0 resource from src\main\resources to target\classes
2026-10-05 11:44:21,285 [Worker-39: Building] INFO  o.a.m.s.f.DefaultMavenResourcesFiltering - Copying 0 resource from src\test\resources to target\test-classes
2026-10-05 11:44:21,285 [Worker-39: Building] WARN  o.apache.maven.project.MavenProject - Plugin is modifying compileSourceRoots through clear(), which will not work in Maven 4.0.0. Use MavenProject.addCompileSourceRoot()/removeCompileSourceRoot() methods instead. If using a plugin, please upgrade to the latest version or report the issue to the plugin maintainer. To disable these warnings, set -Dmaven.project.sourceRoots.warningsDisabled=true on the command line, in the .mvn/maven.config file, or in project POM properties.
2026-10-05 11:44:21,286 [Worker-39: Building] WARN  o.apache.maven.project.MavenProject - Plugin is modifying compileSourceRoots through add(), which will not work in Maven 4.0.0. Use MavenProject.addCompileSourceRoot()/removeCompileSourceRoot() methods instead. If using a plugin, please upgrade to the latest version or report the issue to the plugin maintainer. To disable these warnings, set -Dmaven.project.sourceRoots.warningsDisabled=true on the command line, in the .mvn/maven.config file, or in project POM properties.
2026-10-05 11:44:21,286 [Worker-39: Building] WARN  o.apache.maven.project.MavenProject - Plugin is modifying testCompileSourceRoots through clear(), which will not work in Maven 4.0.0. Use MavenProject.addTestCompileSourceRoot()/removeTestCompileSourceRoot() methods instead. If using a plugin, please upgrade to the latest version or report the issue to the plugin maintainer. To disable these warnings, set -Dmaven.project.sourceRoots.warningsDisabled=true on the command line, in the .mvn/maven.config file, or in project POM properties.
2026-10-05 11:44:21,286 [Worker-39: Building] WARN  o.apache.maven.project.MavenProject - Plugin is modifying testCompileSourceRoots through add(), which will not work in Maven 4.0.0. Use MavenProject.addTestCompileSourceRoot()/removeTestCompileSourceRoot() methods instead. If using a plugin, please upgrade to the latest version or report the issue to the plugin maintainer. To disable these warnings, set -Dmaven.project.sourceRoots.warningsDisabled=true on the command line, in the .mvn/maven.config file, or in project POM properties.
2026-10-05 11:44:37,594 [Worker-39: Building] INFO  o.a.m.s.f.DefaultMavenResourcesFiltering - Copying 0 resource from src\main\resources to target\classes
2026-10-05 11:44:37,596 [Worker-39: Building] INFO  o.a.m.s.f.DefaultMavenResourcesFiltering - Copying 0 resource from src\test\resources to target\test-classes
2026-10-05 11:44:37,597 [Worker-39: Building] WARN  o.apache.maven.project.MavenProject - Plugin is modifying compileSourceRoots through clear(), which will not work in Maven 4.0.0. Use MavenProject.addCompileSourceRoot()/removeCompileSourceRoot() methods instead. If using a plugin, please upgrade to the latest version or report the issue to the plugin maintainer. To disable these warnings, set -Dmaven.project.sourceRoots.warningsDisabled=true on the command line, in the .mvn/maven.config file, or in project POM properties.
2026-10-05 11:44:37,597 [Worker-39: Building] WARN  o.apache.maven.project.MavenProject - Plugin is modifying compileSourceRoots through add(), which will not work in Maven 4.0.0. Use MavenProject.addCompileSourceRoot()/removeCompileSourceRoot() methods instead. If using a plugin, please upgrade to the latest version or report the issue to the plugin maintainer. To disable these warnings, set -Dmaven.project.sourceRoots.warningsDisabled=true on the command line, in the .mvn/maven.config file, or in project POM properties.
2026-10-05 11:44:37,597 [Worker-39: Building] WARN  o.apache.maven.project.MavenProject - Plugin is modifying testCompileSourceRoots through clear(), which will not work in Maven 4.0.0. Use MavenProject.addTestCompileSourceRoot()/removeTestCompileSourceRoot() methods instead. If using a plugin, please upgrade to the latest version or report the issue to the plugin maintainer. To disable these warnings, set -Dmaven.project.sourceRoots.warningsDisabled=true on the command line, in the .mvn/maven.config file, or in project POM properties.
2026-10-05 11:44:37,597 [Worker-39: Building] WARN  o.apache.maven.project.MavenProject - Plugin is modifying testCompileSourceRoots through add(), which will not work in Maven 4.0.0. Use MavenProject.addTestCompileSourceRoot()/removeTestCompileSourceRoot() methods instead. If using a plugin, please upgrade to the latest version or report the issue to the plugin maintainer. To disable these warnings, set -Dmaven.project.sourceRoots.warningsDisabled=true on the command line, in the .mvn/maven.config file, or in project POM properties.
2026-10-05 11:47:14,727 [Worker-42: Building] INFO  o.a.m.s.f.DefaultMavenResourcesFiltering - Copying 0 resource from src\main\resources to target\classes
2026-10-05 11:47:14,729 [Worker-42: Building] INFO  o.a.m.s.f.DefaultMavenResourcesFiltering - Copying 0 resource from src\test\resources to target\test-classes
2026-10-05 11:47:14,729 [Worker-42: Building] WARN  o.apache.maven.project.MavenProject - Plugin is modifying compileSourceRoots through clear(), which will not work in Maven 4.0.0. Use MavenProject.addCompileSourceRoot()/removeCompileSourceRoot() methods instead. If using a plugin, please upgrade to the latest version or report the issue to the plugin maintainer. To disable these warnings, set -Dmaven.project.sourceRoots.warningsDisabled=true on the command line, in the .mvn/maven.config file, or in project POM properties.
2026-10-05 11:47:14,730 [Worker-42: Building] WARN  o.apache.maven.project.MavenProject - Plugin is modifying compileSourceRoots through add(), which will not work in Maven 4.0.0. Use MavenProject.addCompileSourceRoot()/removeCompileSourceRoot() methods instead. If using a plugin, please upgrade to the latest version or report the issue to the plugin maintainer. To disable these warnings, set -Dmaven.project.sourceRoots.warningsDisabled=true on the command line, in the .mvn/maven.config file, or in project POM properties.
2026-10-05 11:47:14,730 [Worker-42: Building] WARN  o.apache.maven.project.MavenProject - Plugin is modifying testCompileSourceRoots through clear(), which will not work in Maven 4.0.0. Use MavenProject.addTestCompileSourceRoot()/removeTestCompileSourceRoot() methods instead. If using a plugin, please upgrade to the latest version or report the issue to the plugin maintainer. To disable these warnings, set -Dmaven.project.sourceRoots.warningsDisabled=true on the command line, in the .mvn/maven.config file, or in project POM properties.
2026-10-05 11:47:14,730 [Worker-42: Building] WARN  o.apache.maven.project.MavenProject - Plugin is modifying testCompileSourceRoots through add(), which will not work in Maven 4.0.0. Use MavenProject.addTestCompileSourceRoot()/removeTestCompileSourceRoot() methods instead. If using a plugin, please upgrade to the latest version or report the issue to the plugin maintainer. To disable these warnings, set -Dmaven.project.sourceRoots.warningsDisabled=true on the command line, in the .mvn/maven.config file, or in project POM properties.
2026-10-05 11:47:28,013 [Worker-42: Building] INFO  o.a.m.s.f.DefaultMavenResourcesFiltering - Copying 0 resource from src\main\resources to target\classes
2026-10-05 11:47:28,014 [Worker-42: Building] INFO  o.a.m.s.f.DefaultMavenResourcesFiltering - Copying 0 resource from src\test\resources to target\test-classes
2026-10-05 11:47:28,015 [Worker-42: Building] WARN  o.apache.maven.project.MavenProject - Plugin is modifying compileSourceRoots through clear(), which will not work in Maven 4.0.0. Use MavenProject.addCompileSourceRoot()/removeCompileSourceRoot() methods instead. If using a plugin, please upgrade to the latest version or report the issue to the plugin maintainer. To disable these warnings, set -Dmaven.project.sourceRoots.warningsDisabled=true on the command line, in the .mvn/maven.config file, or in project POM properties.
2026-10-05 11:47:28,015 [Worker-42: Building] WARN  o.apache.maven.project.MavenProject - Plugin is modifying compileSourceRoots through add(), which will not work in Maven 4.0.0. Use MavenProject.addCompileSourceRoot()/removeCompileSourceRoot() methods instead. If using a plugin, please upgrade to the latest version or report the issue to the plugin maintainer. To disable these warnings, set -Dmaven.project.sourceRoots.warningsDisabled=true on the command line, in the .mvn/maven.config file, or in project POM properties.
2026-10-05 11:47:28,015 [Worker-42: Building] WARN  o.apache.maven.project.MavenProject - Plugin is modifying testCompileSourceRoots through clear(), which will not work in Maven 4.0.0. Use MavenProject.addTestCompileSourceRoot()/removeTestCompileSourceRoot() methods instead. If using a plugin, please upgrade to the latest version or report the issue to the plugin maintainer. To disable these warnings, set -Dmaven.project.sourceRoots.warningsDisabled=true on the command line, in the .mvn/maven.config file, or in project POM properties.
2026-10-05 11:47:28,016 [Worker-42: Building] WARN  o.apache.maven.project.MavenProject - Plugin is modifying testCompileSourceRoots through add(), which will not work in Maven 4.0.0. Use MavenProject.addTestCompileSourceRoot()/removeTestCompileSourceRoot() methods instead. If using a plugin, please upgrade to the latest version or report the issue to the plugin maintainer. To disable these warnings, set -Dmaven.project.sourceRoots.warningsDisabled=true on the command line, in the .mvn/maven.config file, or in project POM properties.
2026-10-05 11:48:29,340 [Worker-43: Building] INFO  o.a.m.s.f.DefaultMavenResourcesFiltering - Copying 0 resource from src\main\resources to target\classes
2026-10-05 11:48:29,342 [Worker-43: Building] INFO  o.a.m.s.f.DefaultMavenResourcesFiltering - Copying 0 resource from src\test\resources to target\test-classes
2026-10-05 11:48:29,342 [Worker-43: Building] WARN  o.apache.maven.project.MavenProject - Plugin is modifying compileSourceRoots through clear(), which will not work in Maven 4.0.0. Use MavenProject.addCompileSourceRoot()/removeCompileSourceRoot() methods instead. If using a plugin, please upgrade to the latest version or report the issue to the plugin maintainer. To disable these warnings, set -Dmaven.project.sourceRoots.warningsDisabled=true on the command line, in the .mvn/maven.config file, or in project POM properties.
2026-10-05 11:48:29,343 [Worker-43: Building] WARN  o.apache.maven.project.MavenProject - Plugin is modifying compileSourceRoots through add(), which will not work in Maven 4.0.0. Use MavenProject.addCompileSourceRoot()/removeCompileSourceRoot() methods instead. If using a plugin, please upgrade to the latest version or report the issue to the plugin maintainer. To disable these warnings, set -Dmaven.project.sourceRoots.warningsDisabled=true on the command line, in the .mvn/maven.config file, or in project POM properties.
2026-10-05 11:48:29,343 [Worker-43: Building] WARN  o.apache.maven.project.MavenProject - Plugin is modifying testCompileSourceRoots through clear(), which will not work in Maven 4.0.0. Use MavenProject.addTestCompileSourceRoot()/removeTestCompileSourceRoot() methods instead. If using a plugin, please upgrade to the latest version or report the issue to the plugin maintainer. To disable these warnings, set -Dmaven.project.sourceRoots.warningsDisabled=true on the command line, in the .mvn/maven.config file, or in project POM properties.
2026-10-05 11:48:29,343 [Worker-43: Building] WARN  o.apache.maven.project.MavenProject - Plugin is modifying testCompileSourceRoots through add(), which will not work in Maven 4.0.0. Use MavenProject.addTestCompileSourceRoot()/removeTestCompileSourceRoot() methods instead. If using a plugin, please upgrade to the latest version or report the issue to the plugin maintainer. To disable these warnings, set -Dmaven.project.sourceRoots.warningsDisabled=true on the command line, in the .mvn/maven.config file, or in project POM properties.
2026-10-05 11:48:56,072 [Worker-19: Building] INFO  o.a.m.s.f.DefaultMavenResourcesFiltering - Copying 0 resource from src\main\resources to target\classes
2026-10-05 11:48:56,074 [Worker-19: Building] INFO  o.a.m.s.f.DefaultMavenResourcesFiltering - Copying 0 resource from src\test\resources to target\test-classes
2026-10-05 11:48:56,074 [Worker-19: Building] WARN  o.apache.maven.project.MavenProject - Plugin is modifying compileSourceRoots through clear(), which will not work in Maven 4.0.0. Use MavenProject.addCompileSourceRoot()/removeCompileSourceRoot() methods instead. If using a plugin, please upgrade to the latest version or report the issue to the plugin maintainer. To disable these warnings, set -Dmaven.project.sourceRoots.warningsDisabled=true on the command line, in the .mvn/maven.config file, or in project POM properties.
2026-10-05 11:48:56,075 [Worker-19: Building] WARN  o.apache.maven.project.MavenProject - Plugin is modifying compileSourceRoots through add(), which will not work in Maven 4.0.0. Use MavenProject.addCompileSourceRoot()/removeCompileSourceRoot() methods instead. If using a plugin, please upgrade to the latest version or report the issue to the plugin maintainer. To disable these warnings, set -Dmaven.project.sourceRoots.warningsDisabled=true on the command line, in the .mvn/maven.config file, or in project POM properties.
2026-10-05 11:48:56,075 [Worker-19: Building] WARN  o.apache.maven.project.MavenProject - Plugin is modifying testCompileSourceRoots through clear(), which will not work in Maven 4.0.0. Use MavenProject.addTestCompileSourceRoot()/removeTestCompileSourceRoot() methods instead. If using a plugin, please upgrade to the latest version or report the issue to the plugin maintainer. To disable these warnings, set -Dmaven.project.sourceRoots.warningsDisabled=true on the command line, in the .mvn/maven.config file, or in project POM properties.
2026-10-05 11:48:56,075 [Worker-19: Building] WARN  o.apache.maven.project.MavenProject - Plugin is modifying testCompileSourceRoots through add(), which will not work in Maven 4.0.0. Use MavenProject.addTestCompileSourceRoot()/removeTestCompileSourceRoot() methods instead. If using a plugin, please upgrade to the latest version or report the issue to the plugin maintainer. To disable these warnings, set -Dmaven.project.sourceRoots.warningsDisabled=true on the command line, in the .mvn/maven.config file, or in project POM properties.
2026-10-05 11:49:25,074 [Worker-19: Building] INFO  o.a.m.s.f.DefaultMavenResourcesFiltering - Copying 0 resource from src\main\resources to target\classes
2026-10-05 11:49:25,075 [Worker-19: Building] INFO  o.a.m.s.f.DefaultMavenResourcesFiltering - Copying 0 resource from src\test\resources to target\test-classes
2026-10-05 11:49:25,075 [Worker-19: Building] WARN  o.apache.maven.project.MavenProject - Plugin is modifying compileSourceRoots through clear(), which will not work in Maven 4.0.0. Use MavenProject.addCompileSourceRoot()/removeCompileSourceRoot() methods instead. If using a plugin, please upgrade to the latest version or report the issue to the plugin maintainer. To disable these warnings, set -Dmaven.project.sourceRoots.warningsDisabled=true on the command line, in the .mvn/maven.config file, or in project POM properties.
2026-10-05 11:49:25,076 [Worker-19: Building] WARN  o.apache.maven.project.MavenProject - Plugin is modifying compileSourceRoots through add(), which will not work in Maven 4.0.0. Use MavenProject.addCompileSourceRoot()/removeCompileSourceRoot() methods instead. If using a plugin, please upgrade to the latest version or report the issue to the plugin maintainer. To disable these warnings, set -Dmaven.project.sourceRoots.warningsDisabled=true on the command line, in the .mvn/maven.config file, or in project POM properties.
2026-10-05 11:49:25,076 [Worker-19: Building] WARN  o.apache.maven.project.MavenProject - Plugin is modifying testCompileSourceRoots through clear(), which will not work in Maven 4.0.0. Use MavenProject.addTestCompileSourceRoot()/removeTestCompileSourceRoot() methods instead. If using a plugin, please upgrade to the latest version or report the issue to the plugin maintainer. To disable these warnings, set -Dmaven.project.sourceRoots.warningsDisabled=true on the command line, in the .mvn/maven.config file, or in project POM properties.
2026-10-05 11:49:25,076 [Worker-19: Building] WARN  o.apache.maven.project.MavenProject - Plugin is modifying testCompileSourceRoots through add(), which will not work in Maven 4.0.0. Use MavenProject.addTestCompileSourceRoot()/removeTestCompileSourceRoot() methods instead. If using a plugin, please upgrade to the latest version or report the issue to the plugin maintainer. To disable these warnings, set -Dmaven.project.sourceRoots.warningsDisabled=true on the command line, in the .mvn/maven.config file, or in project POM properties.
2026-10-05 11:50:26,669 [Worker-43: Building] INFO  o.a.m.s.f.DefaultMavenResourcesFiltering - Copying 0 resource from src\main\resources to target\classes
2026-10-05 11:50:26,671 [Worker-43: Building] INFO  o.a.m.s.f.DefaultMavenResourcesFiltering - Copying 0 resource from src\test\resources to target\test-classes
2026-10-05 11:50:26,672 [Worker-43: Building] WARN  o.apache.maven.project.MavenProject - Plugin is modifying compileSourceRoots through clear(), which will not work in Maven 4.0.0. Use MavenProject.addCompileSourceRoot()/removeCompileSourceRoot() methods instead. If using a plugin, please upgrade to the latest version or report the issue to the plugin maintainer. To disable these warnings, set -Dmaven.project.sourceRoots.warningsDisabled=true on the command line, in the .mvn/maven.config file, or in project POM properties.
2026-10-05 11:50:26,672 [Worker-43: Building] WARN  o.apache.maven.project.MavenProject - Plugin is modifying compileSourceRoots through add(), which will not work in Maven 4.0.0. Use MavenProject.addCompileSourceRoot()/removeCompileSourceRoot() methods instead. If using a plugin, please upgrade to the latest version or report the issue to the plugin maintainer. To disable these warnings, set -Dmaven.project.sourceRoots.warningsDisabled=true on the command line, in the .mvn/maven.config file, or in project POM properties.
2026-10-05 11:50:26,672 [Worker-43: Building] WARN  o.apache.maven.project.MavenProject - Plugin is modifying testCompileSourceRoots through clear(), which will not work in Maven 4.0.0. Use MavenProject.addTestCompileSourceRoot()/removeTestCompileSourceRoot() methods instead. If using a plugin, please upgrade to the latest version or report the issue to the plugin maintainer. To disable these warnings, set -Dmaven.project.sourceRoots.warningsDisabled=true on the command line, in the .mvn/maven.config file, or in project POM properties.
2026-10-05 11:50:26,673 [Worker-43: Building] WARN  o.apache.maven.project.MavenProject - Plugin is modifying testCompileSourceRoots through add(), which will not work in Maven 4.0.0. Use MavenProject.addTestCompileSourceRoot()/removeTestCompileSourceRoot() methods instead. If using a plugin, please upgrade to the latest version or report the issue to the plugin maintainer. To disable these warnings, set -Dmaven.project.sourceRoots.warningsDisabled=true on the command line, in the .mvn/maven.config file, or in project POM properties.
2026-10-05 11:50:55,457 [Worker-47: Building] INFO  o.a.m.s.f.DefaultMavenResourcesFiltering - Copying 0 resource from src\main\resources to target\classes
2026-10-05 11:50:55,458 [Worker-47: Building] INFO  o.a.m.s.f.DefaultMavenResourcesFiltering - Copying 0 resource from src\test\resources to target\test-classes
2026-10-05 11:50:55,459 [Worker-47: Building] WARN  o.apache.maven.project.MavenProject - Plugin is modifying compileSourceRoots through clear(), which will not work in Maven 4.0.0. Use MavenProject.addCompileSourceRoot()/removeCompileSourceRoot() methods instead. If using a plugin, please upgrade to the latest version or report the issue to the plugin maintainer. To disable these warnings, set -Dmaven.project.sourceRoots.warningsDisabled=true on the command line, in the .mvn/maven.config file, or in project POM properties.
2026-10-05 11:50:55,459 [Worker-47: Building] WARN  o.apache.maven.project.MavenProject - Plugin is modifying compileSourceRoots through add(), which will not work in Maven 4.0.0. Use MavenProject.addCompileSourceRoot()/removeCompileSourceRoot() methods instead. If using a plugin, please upgrade to the latest version or report the issue to the plugin maintainer. To disable these warnings, set -Dmaven.project.sourceRoots.warningsDisabled=true on the command line, in the .mvn/maven.config file, or in project POM properties.
2026-10-05 11:50:55,460 [Worker-47: Building] WARN  o.apache.maven.project.MavenProject - Plugin is modifying testCompileSourceRoots through clear(), which will not work in Maven 4.0.0. Use MavenProject.addTestCompileSourceRoot()/removeTestCompileSourceRoot() methods instead. If using a plugin, please upgrade to the latest version or report the issue to the plugin maintainer. To disable these warnings, set -Dmaven.project.sourceRoots.warningsDisabled=true on the command line, in the .mvn/maven.config file, or in project POM properties.
2026-10-05 11:50:55,460 [Worker-47: Building] WARN  o.apache.maven.project.MavenProject - Plugin is modifying testCompileSourceRoots through add(), which will not work in Maven 4.0.0. Use MavenProject.addTestCompileSourceRoot()/removeTestCompileSourceRoot() methods instead. If using a plugin, please upgrade to the latest version or report the issue to the plugin maintainer. To disable these warnings, set -Dmaven.project.sourceRoots.warningsDisabled=true on the command line, in the .mvn/maven.config file, or in project POM properties.
2026-10-05 11:52:48,552 [Worker-47: Building] INFO  o.a.m.s.f.DefaultMavenResourcesFiltering - Copying 0 resource from src\main\resources to target\classes
2026-10-05 11:52:48,554 [Worker-47: Building] INFO  o.a.m.s.f.DefaultMavenResourcesFiltering - Copying 0 resource from src\test\resources to target\test-classes
2026-10-05 11:52:48,555 [Worker-47: Building] WARN  o.apache.maven.project.MavenProject - Plugin is modifying compileSourceRoots through clear(), which will not work in Maven 4.0.0. Use MavenProject.addCompileSourceRoot()/removeCompileSourceRoot() methods instead. If using a plugin, please upgrade to the latest version or report the issue to the plugin maintainer. To disable these warnings, set -Dmaven.project.sourceRoots.warningsDisabled=true on the command line, in the .mvn/maven.config file, or in project POM properties.
2026-10-05 11:52:48,555 [Worker-47: Building] WARN  o.apache.maven.project.MavenProject - Plugin is modifying compileSourceRoots through add(), which will not work in Maven 4.0.0. Use MavenProject.addCompileSourceRoot()/removeCompileSourceRoot() methods instead. If using a plugin, please upgrade to the latest version or report the issue to the plugin maintainer. To disable these warnings, set -Dmaven.project.sourceRoots.warningsDisabled=true on the command line, in the .mvn/maven.config file, or in project POM properties.
2026-10-05 11:52:48,556 [Worker-47: Building] WARN  o.apache.maven.project.MavenProject - Plugin is modifying testCompileSourceRoots through clear(), which will not work in Maven 4.0.0. Use MavenProject.addTestCompileSourceRoot()/removeTestCompileSourceRoot() methods instead. If using a plugin, please upgrade to the latest version or report the issue to the plugin maintainer. To disable these warnings, set -Dmaven.project.sourceRoots.warningsDisabled=true on the command line, in the .mvn/maven.config file, or in project POM properties.
2026-10-05 11:52:48,556 [Worker-47: Building] WARN  o.apache.maven.project.MavenProject - Plugin is modifying testCompileSourceRoots through add(), which will not work in Maven 4.0.0. Use MavenProject.addTestCompileSourceRoot()/removeTestCompileSourceRoot() methods instead. If using a plugin, please upgrade to the latest version or report the issue to the plugin maintainer. To disable these warnings, set -Dmaven.project.sourceRoots.warningsDisabled=true on the command line, in the .mvn/maven.config file, or in project POM properties.
2026-10-05 11:52:50,693 [Worker-19: Building] INFO  o.a.m.s.f.DefaultMavenResourcesFiltering - Copying 0 resource from src\main\resources to target\classes
2026-10-05 11:52:50,695 [Worker-19: Building] INFO  o.a.m.s.f.DefaultMavenResourcesFiltering - Copying 0 resource from src\test\resources to target\test-classes
2026-10-05 11:52:50,695 [Worker-19: Building] WARN  o.apache.maven.project.MavenProject - Plugin is modifying compileSourceRoots through clear(), which will not work in Maven 4.0.0. Use MavenProject.addCompileSourceRoot()/removeCompileSourceRoot() methods instead. If using a plugin, please upgrade to the latest version or report the issue to the plugin maintainer. To disable these warnings, set -Dmaven.project.sourceRoots.warningsDisabled=true on the command line, in the .mvn/maven.config file, or in project POM properties.
2026-10-05 11:52:50,695 [Worker-19: Building] WARN  o.apache.maven.project.MavenProject - Plugin is modifying compileSourceRoots through add(), which will not work in Maven 4.0.0. Use MavenProject.addCompileSourceRoot()/removeCompileSourceRoot() methods instead. If using a plugin, please upgrade to the latest version or report the issue to the plugin maintainer. To disable these warnings, set -Dmaven.project.sourceRoots.warningsDisabled=true on the command line, in the .mvn/maven.config file, or in project POM properties.
2026-10-05 11:52:50,696 [Worker-19: Building] WARN  o.apache.maven.project.MavenProject - Plugin is modifying testCompileSourceRoots through clear(), which will not work in Maven 4.0.0. Use MavenProject.addTestCompileSourceRoot()/removeTestCompileSourceRoot() methods instead. If using a plugin, please upgrade to the latest version or report the issue to the plugin maintainer. To disable these warnings, set -Dmaven.project.sourceRoots.warningsDisabled=true on the command line, in the .mvn/maven.config file, or in project POM properties.
2026-10-05 11:52:50,696 [Worker-19: Building] WARN  o.apache.maven.project.MavenProject - Plugin is modifying testCompileSourceRoots through add(), which will not work in Maven 4.0.0. Use MavenProject.addTestCompileSourceRoot()/removeTestCompileSourceRoot() methods instead. If using a plugin, please upgrade to the latest version or report the issue to the plugin maintainer. To disable these warnings, set -Dmaven.project.sourceRoots.warningsDisabled=true on the command line, in the .mvn/maven.config file, or in project POM properties.
2026-10-05 11:53:39,992 [Worker-19: Building] INFO  o.a.m.s.f.DefaultMavenResourcesFiltering - Copying 0 resource from src\main\resources to target\classes
2026-10-05 11:53:39,994 [Worker-19: Building] INFO  o.a.m.s.f.DefaultMavenResourcesFiltering - Copying 0 resource from src\test\resources to target\test-classes
2026-10-05 11:53:39,994 [Worker-19: Building] WARN  o.apache.maven.project.MavenProject - Plugin is modifying compileSourceRoots through clear(), which will not work in Maven 4.0.0. Use MavenProject.addCompileSourceRoot()/removeCompileSourceRoot() methods instead. If using a plugin, please upgrade to the latest version or report the issue to the plugin maintainer. To disable these warnings, set -Dmaven.project.sourceRoots.warningsDisabled=true on the command line, in the .mvn/maven.config file, or in project POM properties.
2026-10-05 11:53:39,995 [Worker-19: Building] WARN  o.apache.maven.project.MavenProject - Plugin is modifying compileSourceRoots through add(), which will not work in Maven 4.0.0. Use MavenProject.addCompileSourceRoot()/removeCompileSourceRoot() methods instead. If using a plugin, please upgrade to the latest version or report the issue to the plugin maintainer. To disable these warnings, set -Dmaven.project.sourceRoots.warningsDisabled=true on the command line, in the .mvn/maven.config file, or in project POM properties.
2026-10-05 11:53:39,995 [Worker-19: Building] WARN  o.apache.maven.project.MavenProject - Plugin is modifying testCompileSourceRoots through clear(), which will not work in Maven 4.0.0. Use MavenProject.addTestCompileSourceRoot()/removeTestCompileSourceRoot() methods instead. If using a plugin, please upgrade to the latest version or report the issue to the plugin maintainer. To disable these warnings, set -Dmaven.project.sourceRoots.warningsDisabled=true on the command line, in the .mvn/maven.config file, or in project POM properties.
2026-10-05 11:53:39,995 [Worker-19: Building] WARN  o.apache.maven.project.MavenProject - Plugin is modifying testCompileSourceRoots through add(), which will not work in Maven 4.0.0. Use MavenProject.addTestCompileSourceRoot()/removeTestCompileSourceRoot() methods instead. If using a plugin, please upgrade to the latest version or report the issue to the plugin maintainer. To disable these warnings, set -Dmaven.project.sourceRoots.warningsDisabled=true on the command line, in the .mvn/maven.config file, or in project POM properties.
2026-10-05 11:54:20,509 [Worker-43: Building] INFO  o.a.m.s.f.DefaultMavenResourcesFiltering - Copying 0 resource from src\main\resources to target\classes
2026-10-05 11:54:20,512 [Worker-43: Building] INFO  o.a.m.s.f.DefaultMavenResourcesFiltering - Copying 0 resource from src\test\resources to target\test-classes
2026-10-05 11:54:20,513 [Worker-43: Building] WARN  o.apache.maven.project.MavenProject - Plugin is modifying compileSourceRoots through clear(), which will not work in Maven 4.0.0. Use MavenProject.addCompileSourceRoot()/removeCompileSourceRoot() methods instead. If using a plugin, please upgrade to the latest version or report the issue to the plugin maintainer. To disable these warnings, set -Dmaven.project.sourceRoots.warningsDisabled=true on the command line, in the .mvn/maven.config file, or in project POM properties.
2026-10-05 11:54:20,513 [Worker-43: Building] WARN  o.apache.maven.project.MavenProject - Plugin is modifying compileSourceRoots through add(), which will not work in Maven 4.0.0. Use MavenProject.addCompileSourceRoot()/removeCompileSourceRoot() methods instead. If using a plugin, please upgrade to the latest version or report the issue to the plugin maintainer. To disable these warnings, set -Dmaven.project.sourceRoots.warningsDisabled=true on the command line, in the .mvn/maven.config file, or in project POM properties.
2026-10-05 11:54:20,514 [Worker-43: Building] WARN  o.apache.maven.project.MavenProject - Plugin is modifying testCompileSourceRoots through clear(), which will not work in Maven 4.0.0. Use MavenProject.addTestCompileSourceRoot()/removeTestCompileSourceRoot() methods instead. If using a plugin, please upgrade to the latest version or report the issue to the plugin maintainer. To disable these warnings, set -Dmaven.project.sourceRoots.warningsDisabled=true on the command line, in the .mvn/maven.config file, or in project POM properties.
2026-10-05 11:54:20,514 [Worker-43: Building] WARN  o.apache.maven.project.MavenProject - Plugin is modifying testCompileSourceRoots through add(), which will not work in Maven 4.0.0. Use MavenProject.addTestCompileSourceRoot()/removeTestCompileSourceRoot() methods instead. If using a plugin, please upgrade to the latest version or report the issue to the plugin maintainer. To disable these warnings, set -Dmaven.project.sourceRoots.warningsDisabled=true on the command line, in the .mvn/maven.config file, or in project POM properties.
2026-10-05 11:57:34,995 [Worker-42: Building] INFO  o.a.m.s.f.DefaultMavenResourcesFiltering - Copying 0 resource from src\main\resources to target\classes
2026-10-05 11:57:34,997 [Worker-42: Building] INFO  o.a.m.s.f.DefaultMavenResourcesFiltering - Copying 0 resource from src\test\resources to target\test-classes
2026-10-05 11:57:34,997 [Worker-42: Building] WARN  o.apache.maven.project.MavenProject - Plugin is modifying compileSourceRoots through clear(), which will not work in Maven 4.0.0. Use MavenProject.addCompileSourceRoot()/removeCompileSourceRoot() methods instead. If using a plugin, please upgrade to the latest version or report the issue to the plugin maintainer. To disable these warnings, set -Dmaven.project.sourceRoots.warningsDisabled=true on the command line, in the .mvn/maven.config file, or in project POM properties.
2026-10-05 11:57:34,997 [Worker-42: Building] WARN  o.apache.maven.project.MavenProject - Plugin is modifying compileSourceRoots through add(), which will not work in Maven 4.0.0. Use MavenProject.addCompileSourceRoot()/removeCompileSourceRoot() methods instead. If using a plugin, please upgrade to the latest version or report the issue to the plugin maintainer. To disable these warnings, set -Dmaven.project.sourceRoots.warningsDisabled=true on the command line, in the .mvn/maven.config file, or in project POM properties.
2026-10-05 11:57:34,998 [Worker-42: Building] WARN  o.apache.maven.project.MavenProject - Plugin is modifying testCompileSourceRoots through clear(), which will not work in Maven 4.0.0. Use MavenProject.addTestCompileSourceRoot()/removeTestCompileSourceRoot() methods instead. If using a plugin, please upgrade to the latest version or report the issue to the plugin maintainer. To disable these warnings, set -Dmaven.project.sourceRoots.warningsDisabled=true on the command line, in the .mvn/maven.config file, or in project POM properties.
2026-10-05 11:57:34,998 [Worker-42: Building] WARN  o.apache.maven.project.MavenProject - Plugin is modifying testCompileSourceRoots through add(), which will not work in Maven 4.0.0. Use MavenProject.addTestCompileSourceRoot()/removeTestCompileSourceRoot() methods instead. If using a plugin, please upgrade to the latest version or report the issue to the plugin maintainer. To disable these warnings, set -Dmaven.project.sourceRoots.warningsDisabled=true on the command line, in the .mvn/maven.config file, or in project POM properties.
2026-10-05 11:58:31,885 [Worker-44: Building] INFO  o.a.m.s.f.DefaultMavenResourcesFiltering - Copying 0 resource from src\main\resources to target\classes
2026-10-05 11:58:31,887 [Worker-44: Building] INFO  o.a.m.s.f.DefaultMavenResourcesFiltering - Copying 0 resource from src\test\resources to target\test-classes
2026-10-05 11:58:31,887 [Worker-44: Building] WARN  o.apache.maven.project.MavenProject - Plugin is modifying compileSourceRoots through clear(), which will not work in Maven 4.0.0. Use MavenProject.addCompileSourceRoot()/removeCompileSourceRoot() methods instead. If using a plugin, please upgrade to the latest version or report the issue to the plugin maintainer. To disable these warnings, set -Dmaven.project.sourceRoots.warningsDisabled=true on the command line, in the .mvn/maven.config file, or in project POM properties.
2026-10-05 11:58:31,888 [Worker-44: Building] WARN  o.apache.maven.project.MavenProject - Plugin is modifying compileSourceRoots through add(), which will not work in Maven 4.0.0. Use MavenProject.addCompileSourceRoot()/removeCompileSourceRoot() methods instead. If using a plugin, please upgrade to the latest version or report the issue to the plugin maintainer. To disable these warnings, set -Dmaven.project.sourceRoots.warningsDisabled=true on the command line, in the .mvn/maven.config file, or in project POM properties.
2026-10-05 11:58:31,888 [Worker-44: Building] WARN  o.apache.maven.project.MavenProject - Plugin is modifying testCompileSourceRoots through clear(), which will not work in Maven 4.0.0. Use MavenProject.addTestCompileSourceRoot()/removeTestCompileSourceRoot() methods instead. If using a plugin, please upgrade to the latest version or report the issue to the plugin maintainer. To disable these warnings, set -Dmaven.project.sourceRoots.warningsDisabled=true on the command line, in the .mvn/maven.config file, or in project POM properties.
2026-10-05 11:58:31,888 [Worker-44: Building] WARN  o.apache.maven.project.MavenProject - Plugin is modifying testCompileSourceRoots through add(), which will not work in Maven 4.0.0. Use MavenProject.addTestCompileSourceRoot()/removeTestCompileSourceRoot() methods instead. If using a plugin, please upgrade to the latest version or report the issue to the plugin maintainer. To disable these warnings, set -Dmaven.project.sourceRoots.warningsDisabled=true on the command line, in the .mvn/maven.config file, or in project POM properties.
2026-10-05 11:59:21,655 [Worker-39: Building] INFO  o.a.m.s.f.DefaultMavenResourcesFiltering - Copying 0 resource from src\main\resources to target\classes
2026-10-05 11:59:21,657 [Worker-39: Building] INFO  o.a.m.s.f.DefaultMavenResourcesFiltering - Copying 0 resource from src\test\resources to target\test-classes
2026-10-05 11:59:21,658 [Worker-39: Building] WARN  o.apache.maven.project.MavenProject - Plugin is modifying compileSourceRoots through clear(), which will not work in Maven 4.0.0. Use MavenProject.addCompileSourceRoot()/removeCompileSourceRoot() methods instead. If using a plugin, please upgrade to the latest version or report the issue to the plugin maintainer. To disable these warnings, set -Dmaven.project.sourceRoots.warningsDisabled=true on the command line, in the .mvn/maven.config file, or in project POM properties.
2026-10-05 11:59:21,658 [Worker-39: Building] WARN  o.apache.maven.project.MavenProject - Plugin is modifying compileSourceRoots through add(), which will not work in Maven 4.0.0. Use MavenProject.addCompileSourceRoot()/removeCompileSourceRoot() methods instead. If using a plugin, please upgrade to the latest version or report the issue to the plugin maintainer. To disable these warnings, set -Dmaven.project.sourceRoots.warningsDisabled=true on the command line, in the .mvn/maven.config file, or in project POM properties.
2026-10-05 11:59:21,658 [Worker-39: Building] WARN  o.apache.maven.project.MavenProject - Plugin is modifying testCompileSourceRoots through clear(), which will not work in Maven 4.0.0. Use MavenProject.addTestCompileSourceRoot()/removeTestCompileSourceRoot() methods instead. If using a plugin, please upgrade to the latest version or report the issue to the plugin maintainer. To disable these warnings, set -Dmaven.project.sourceRoots.warningsDisabled=true on the command line, in the .mvn/maven.config file, or in project POM properties.
2026-10-05 11:59:21,658 [Worker-39: Building] WARN  o.apache.maven.project.MavenProject - Plugin is modifying testCompileSourceRoots through add(), which will not work in Maven 4.0.0. Use MavenProject.addTestCompileSourceRoot()/removeTestCompileSourceRoot() methods instead. If using a plugin, please upgrade to the latest version or report the issue to the plugin maintainer. To disable these warnings, set -Dmaven.project.sourceRoots.warningsDisabled=true on the command line, in the .mvn/maven.config file, or in project POM properties.
2026-10-05 12:00:28,385 [Worker-44: Building] INFO  o.a.m.s.f.DefaultMavenResourcesFiltering - Copying 0 resource from src\main\resources to target\classes
2026-10-05 12:00:28,386 [Worker-44: Building] INFO  o.a.m.s.f.DefaultMavenResourcesFiltering - Copying 0 resource from src\test\resources to target\test-classes
2026-10-05 12:00:28,388 [Worker-44: Building] WARN  o.apache.maven.project.MavenProject - Plugin is modifying compileSourceRoots through clear(), which will not work in Maven 4.0.0. Use MavenProject.addCompileSourceRoot()/removeCompileSourceRoot() methods instead. If using a plugin, please upgrade to the latest version or report the issue to the plugin maintainer. To disable these warnings, set -Dmaven.project.sourceRoots.warningsDisabled=true on the command line, in the .mvn/maven.config file, or in project POM properties.
2026-10-05 12:00:28,388 [Worker-44: Building] WARN  o.apache.maven.project.MavenProject - Plugin is modifying compileSourceRoots through add(), which will not work in Maven 4.0.0. Use MavenProject.addCompileSourceRoot()/removeCompileSourceRoot() methods instead. If using a plugin, please upgrade to the latest version or report the issue to the plugin maintainer. To disable these warnings, set -Dmaven.project.sourceRoots.warningsDisabled=true on the command line, in the .mvn/maven.config file, or in project POM properties.
2026-10-05 12:00:28,388 [Worker-44: Building] WARN  o.apache.maven.project.MavenProject - Plugin is modifying testCompileSourceRoots through clear(), which will not work in Maven 4.0.0. Use MavenProject.addTestCompileSourceRoot()/removeTestCompileSourceRoot() methods instead. If using a plugin, please upgrade to the latest version or report the issue to the plugin maintainer. To disable these warnings, set -Dmaven.project.sourceRoots.warningsDisabled=true on the command line, in the .mvn/maven.config file, or in project POM properties.
2026-10-05 12:00:28,388 [Worker-44: Building] WARN  o.apache.maven.project.MavenProject - Plugin is modifying testCompileSourceRoots through add(), which will not work in Maven 4.0.0. Use MavenProject.addTestCompileSourceRoot()/removeTestCompileSourceRoot() methods instead. If using a plugin, please upgrade to the latest version or report the issue to the plugin maintainer. To disable these warnings, set -Dmaven.project.sourceRoots.warningsDisabled=true on the command line, in the .mvn/maven.config file, or in project POM properties.
2026-10-05 12:00:32,642 [Worker-43: Building] INFO  o.a.m.s.f.DefaultMavenResourcesFiltering - Copying 0 resource from src\main\resources to target\classes
2026-10-05 12:00:32,644 [Worker-43: Building] INFO  o.a.m.s.f.DefaultMavenResourcesFiltering - Copying 0 resource from src\test\resources to target\test-classes
2026-10-05 12:00:32,644 [Worker-43: Building] WARN  o.apache.maven.project.MavenProject - Plugin is modifying compileSourceRoots through clear(), which will not work in Maven 4.0.0. Use MavenProject.addCompileSourceRoot()/removeCompileSourceRoot() methods instead. If using a plugin, please upgrade to the latest version or report the issue to the plugin maintainer. To disable these warnings, set -Dmaven.project.sourceRoots.warningsDisabled=true on the command line, in the .mvn/maven.config file, or in project POM properties.
2026-10-05 12:00:32,645 [Worker-43: Building] WARN  o.apache.maven.project.MavenProject - Plugin is modifying compileSourceRoots through add(), which will not work in Maven 4.0.0. Use MavenProject.addCompileSourceRoot()/removeCompileSourceRoot() methods instead. If using a plugin, please upgrade to the latest version or report the issue to the plugin maintainer. To disable these warnings, set -Dmaven.project.sourceRoots.warningsDisabled=true on the command line, in the .mvn/maven.config file, or in project POM properties.
2026-10-05 12:00:32,645 [Worker-43: Building] WARN  o.apache.maven.project.MavenProject - Plugin is modifying testCompileSourceRoots through clear(), which will not work in Maven 4.0.0. Use MavenProject.addTestCompileSourceRoot()/removeTestCompileSourceRoot() methods instead. If using a plugin, please upgrade to the latest version or report the issue to the plugin maintainer. To disable these warnings, set -Dmaven.project.sourceRoots.warningsDisabled=true on the command line, in the .mvn/maven.config file, or in project POM properties.
2026-10-05 12:00:32,645 [Worker-43: Building] WARN  o.apache.maven.project.MavenProject - Plugin is modifying testCompileSourceRoots through add(), which will not work in Maven 4.0.0. Use MavenProject.addTestCompileSourceRoot()/removeTestCompileSourceRoot() methods instead. If using a plugin, please upgrade to the latest version or report the issue to the plugin maintainer. To disable these warnings, set -Dmaven.project.sourceRoots.warningsDisabled=true on the command line, in the .mvn/maven.config file, or in project POM properties.
2026-10-05 12:01:47,172 [Worker-43: Building] INFO  o.a.m.s.f.DefaultMavenResourcesFiltering - Copying 0 resource from src\main\resources to target\classes
2026-10-05 12:01:47,173 [Worker-43: Building] INFO  o.a.m.s.f.DefaultMavenResourcesFiltering - Copying 0 resource from src\test\resources to target\test-classes
2026-10-05 12:01:47,174 [Worker-43: Building] WARN  o.apache.maven.project.MavenProject - Plugin is modifying compileSourceRoots through clear(), which will not work in Maven 4.0.0. Use MavenProject.addCompileSourceRoot()/removeCompileSourceRoot() methods instead. If using a plugin, please upgrade to the latest version or report the issue to the plugin maintainer. To disable these warnings, set -Dmaven.project.sourceRoots.warningsDisabled=true on the command line, in the .mvn/maven.config file, or in project POM properties.
2026-10-05 12:01:47,174 [Worker-43: Building] WARN  o.apache.maven.project.MavenProject - Plugin is modifying compileSourceRoots through add(), which will not work in Maven 4.0.0. Use MavenProject.addCompileSourceRoot()/removeCompileSourceRoot() methods instead. If using a plugin, please upgrade to the latest version or report the issue to the plugin maintainer. To disable these warnings, set -Dmaven.project.sourceRoots.warningsDisabled=true on the command line, in the .mvn/maven.config file, or in project POM properties.
2026-10-05 12:01:47,174 [Worker-43: Building] WARN  o.apache.maven.project.MavenProject - Plugin is modifying testCompileSourceRoots through clear(), which will not work in Maven 4.0.0. Use MavenProject.addTestCompileSourceRoot()/removeTestCompileSourceRoot() methods instead. If using a plugin, please upgrade to the latest version or report the issue to the plugin maintainer. To disable these warnings, set -Dmaven.project.sourceRoots.warningsDisabled=true on the command line, in the .mvn/maven.config file, or in project POM properties.
2026-10-05 12:01:47,175 [Worker-43: Building] WARN  o.apache.maven.project.MavenProject - Plugin is modifying testCompileSourceRoots through add(), which will not work in Maven 4.0.0. Use MavenProject.addTestCompileSourceRoot()/removeTestCompileSourceRoot() methods instead. If using a plugin, please upgrade to the latest version or report the issue to the plugin maintainer. To disable these warnings, set -Dmaven.project.sourceRoots.warningsDisabled=true on the command line, in the .mvn/maven.config file, or in project POM properties.
2026-10-05 12:02:23,622 [Worker-39: Building] INFO  o.a.m.s.f.DefaultMavenResourcesFiltering - Copying 0 resource from src\main\resources to target\classes
2026-10-05 12:02:23,624 [Worker-39: Building] INFO  o.a.m.s.f.DefaultMavenResourcesFiltering - Copying 0 resource from src\test\resources to target\test-classes
2026-10-05 12:02:23,624 [Worker-39: Building] WARN  o.apache.maven.project.MavenProject - Plugin is modifying compileSourceRoots through clear(), which will not work in Maven 4.0.0. Use MavenProject.addCompileSourceRoot()/removeCompileSourceRoot() methods instead. If using a plugin, please upgrade to the latest version or report the issue to the plugin maintainer. To disable these warnings, set -Dmaven.project.sourceRoots.warningsDisabled=true on the command line, in the .mvn/maven.config file, or in project POM properties.
2026-10-05 12:02:23,625 [Worker-39: Building] WARN  o.apache.maven.project.MavenProject - Plugin is modifying compileSourceRoots through add(), which will not work in Maven 4.0.0. Use MavenProject.addCompileSourceRoot()/removeCompileSourceRoot() methods instead. If using a plugin, please upgrade to the latest version or report the issue to the plugin maintainer. To disable these warnings, set -Dmaven.project.sourceRoots.warningsDisabled=true on the command line, in the .mvn/maven.config file, or in project POM properties.
2026-10-05 12:02:23,625 [Worker-39: Building] WARN  o.apache.maven.project.MavenProject - Plugin is modifying testCompileSourceRoots through clear(), which will not work in Maven 4.0.0. Use MavenProject.addTestCompileSourceRoot()/removeTestCompileSourceRoot() methods instead. If using a plugin, please upgrade to the latest version or report the issue to the plugin maintainer. To disable these warnings, set -Dmaven.project.sourceRoots.warningsDisabled=true on the command line, in the .mvn/maven.config file, or in project POM properties.
2026-10-05 12:02:23,625 [Worker-39: Building] WARN  o.apache.maven.project.MavenProject - Plugin is modifying testCompileSourceRoots through add(), which will not work in Maven 4.0.0. Use MavenProject.addTestCompileSourceRoot()/removeTestCompileSourceRoot() methods instead. If using a plugin, please upgrade to the latest version or report the issue to the plugin maintainer. To disable these warnings, set -Dmaven.project.sourceRoots.warningsDisabled=true on the command line, in the .mvn/maven.config file, or in project POM properties.
2026-10-05 12:04:31,386 [Worker-44: Building] INFO  o.a.m.s.f.DefaultMavenResourcesFiltering - Copying 0 resource from src\main\resources to target\classes
2026-10-05 12:04:31,387 [Worker-44: Building] INFO  o.a.m.s.f.DefaultMavenResourcesFiltering - Copying 0 resource from src\test\resources to target\test-classes
2026-10-05 12:04:31,388 [Worker-44: Building] WARN  o.apache.maven.project.MavenProject - Plugin is modifying compileSourceRoots through clear(), which will not work in Maven 4.0.0. Use MavenProject.addCompileSourceRoot()/removeCompileSourceRoot() methods instead. If using a plugin, please upgrade to the latest version or report the issue to the plugin maintainer. To disable these warnings, set -Dmaven.project.sourceRoots.warningsDisabled=true on the command line, in the .mvn/maven.config file, or in project POM properties.
2026-10-05 12:04:31,388 [Worker-44: Building] WARN  o.apache.maven.project.MavenProject - Plugin is modifying compileSourceRoots through add(), which will not work in Maven 4.0.0. Use MavenProject.addCompileSourceRoot()/removeCompileSourceRoot() methods instead. If using a plugin, please upgrade to the latest version or report the issue to the plugin maintainer. To disable these warnings, set -Dmaven.project.sourceRoots.warningsDisabled=true on the command line, in the .mvn/maven.config file, or in project POM properties.
2026-10-05 12:04:31,388 [Worker-44: Building] WARN  o.apache.maven.project.MavenProject - Plugin is modifying testCompileSourceRoots through clear(), which will not work in Maven 4.0.0. Use MavenProject.addTestCompileSourceRoot()/removeTestCompileSourceRoot() methods instead. If using a plugin, please upgrade to the latest version or report the issue to the plugin maintainer. To disable these warnings, set -Dmaven.project.sourceRoots.warningsDisabled=true on the command line, in the .mvn/maven.config file, or in project POM properties.
2026-10-05 12:04:31,388 [Worker-44: Building] WARN  o.apache.maven.project.MavenProject - Plugin is modifying testCompileSourceRoots through add(), which will not work in Maven 4.0.0. Use MavenProject.addTestCompileSourceRoot()/removeTestCompileSourceRoot() methods instead. If using a plugin, please upgrade to the latest version or report the issue to the plugin maintainer. To disable these warnings, set -Dmaven.project.sourceRoots.warningsDisabled=true on the command line, in the .mvn/maven.config file, or in project POM properties.
2026-10-05 12:07:49,901 [Worker-46: Building] INFO  o.a.m.s.f.DefaultMavenResourcesFiltering - Copying 0 resource from src\main\resources to target\classes
2026-10-05 12:07:49,902 [Worker-46: Building] INFO  o.a.m.s.f.DefaultMavenResourcesFiltering - Copying 0 resource from src\test\resources to target\test-classes
2026-10-05 12:07:49,902 [Worker-46: Building] WARN  o.apache.maven.project.MavenProject - Plugin is modifying compileSourceRoots through clear(), which will not work in Maven 4.0.0. Use MavenProject.addCompileSourceRoot()/removeCompileSourceRoot() methods instead. If using a plugin, please upgrade to the latest version or report the issue to the plugin maintainer. To disable these warnings, set -Dmaven.project.sourceRoots.warningsDisabled=true on the command line, in the .mvn/maven.config file, or in project POM properties.
2026-10-05 12:07:49,902 [Worker-46: Building] WARN  o.apache.maven.project.MavenProject - Plugin is modifying compileSourceRoots through add(), which will not work in Maven 4.0.0. Use MavenProject.addCompileSourceRoot()/removeCompileSourceRoot() methods instead. If using a plugin, please upgrade to the latest version or report the issue to the plugin maintainer. To disable these warnings, set -Dmaven.project.sourceRoots.warningsDisabled=true on the command line, in the .mvn/maven.config file, or in project POM properties.
2026-10-05 12:07:49,903 [Worker-46: Building] WARN  o.apache.maven.project.MavenProject - Plugin is modifying testCompileSourceRoots through clear(), which will not work in Maven 4.0.0. Use MavenProject.addTestCompileSourceRoot()/removeTestCompileSourceRoot() methods instead. If using a plugin, please upgrade to the latest version or report the issue to the plugin maintainer. To disable these warnings, set -Dmaven.project.sourceRoots.warningsDisabled=true on the command line, in the .mvn/maven.config file, or in project POM properties.
2026-10-05 12:07:49,903 [Worker-46: Building] WARN  o.apache.maven.project.MavenProject - Plugin is modifying testCompileSourceRoots through add(), which will not work in Maven 4.0.0. Use MavenProject.addTestCompileSourceRoot()/removeTestCompileSourceRoot() methods instead. If using a plugin, please upgrade to the latest version or report the issue to the plugin maintainer. To disable these warnings, set -Dmaven.project.sourceRoots.warningsDisabled=true on the command line, in the .mvn/maven.config file, or in project POM properties.
2026-10-05 12:08:21,101 [Worker-51: Building] INFO  o.a.m.s.f.DefaultMavenResourcesFiltering - Copying 0 resource from src\main\resources to target\classes
2026-10-05 12:08:21,102 [Worker-51: Building] INFO  o.a.m.s.f.DefaultMavenResourcesFiltering - Copying 0 resource from src\test\resources to target\test-classes
2026-10-05 12:08:21,102 [Worker-51: Building] WARN  o.apache.maven.project.MavenProject - Plugin is modifying compileSourceRoots through clear(), which will not work in Maven 4.0.0. Use MavenProject.addCompileSourceRoot()/removeCompileSourceRoot() methods instead. If using a plugin, please upgrade to the latest version or report the issue to the plugin maintainer. To disable these warnings, set -Dmaven.project.sourceRoots.warningsDisabled=true on the command line, in the .mvn/maven.config file, or in project POM properties.
2026-10-05 12:08:21,102 [Worker-51: Building] WARN  o.apache.maven.project.MavenProject - Plugin is modifying compileSourceRoots through add(), which will not work in Maven 4.0.0. Use MavenProject.addCompileSourceRoot()/removeCompileSourceRoot() methods instead. If using a plugin, please upgrade to the latest version or report the issue to the plugin maintainer. To disable these warnings, set -Dmaven.project.sourceRoots.warningsDisabled=true on the command line, in the .mvn/maven.config file, or in project POM properties.
2026-10-05 12:08:21,102 [Worker-51: Building] WARN  o.apache.maven.project.MavenProject - Plugin is modifying testCompileSourceRoots through clear(), which will not work in Maven 4.0.0. Use MavenProject.addTestCompileSourceRoot()/removeTestCompileSourceRoot() methods instead. If using a plugin, please upgrade to the latest version or report the issue to the plugin maintainer. To disable these warnings, set -Dmaven.project.sourceRoots.warningsDisabled=true on the command line, in the .mvn/maven.config file, or in project POM properties.
2026-10-05 12:08:21,103 [Worker-51: Building] WARN  o.apache.maven.project.MavenProject - Plugin is modifying testCompileSourceRoots through add(), which will not work in Maven 4.0.0. Use MavenProject.addTestCompileSourceRoot()/removeTestCompileSourceRoot() methods instead. If using a plugin, please upgrade to the latest version or report the issue to the plugin maintainer. To disable these warnings, set -Dmaven.project.sourceRoots.warningsDisabled=true on the command line, in the .mvn/maven.config file, or in project POM properties.
2026-10-05 12:10:13,245 [Worker-50: Building] INFO  o.a.m.s.f.DefaultMavenResourcesFiltering - Copying 0 resource from src\main\resources to target\classes
2026-10-05 12:10:13,246 [Worker-50: Building] INFO  o.a.m.s.f.DefaultMavenResourcesFiltering - Copying 0 resource from src\test\resources to target\test-classes
2026-10-05 12:10:13,246 [Worker-50: Building] WARN  o.apache.maven.project.MavenProject - Plugin is modifying compileSourceRoots through clear(), which will not work in Maven 4.0.0. Use MavenProject.addCompileSourceRoot()/removeCompileSourceRoot() methods instead. If using a plugin, please upgrade to the latest version or report the issue to the plugin maintainer. To disable these warnings, set -Dmaven.project.sourceRoots.warningsDisabled=true on the command line, in the .mvn/maven.config file, or in project POM properties.
2026-10-05 12:10:13,247 [Worker-50: Building] WARN  o.apache.maven.project.MavenProject - Plugin is modifying compileSourceRoots through add(), which will not work in Maven 4.0.0. Use MavenProject.addCompileSourceRoot()/removeCompileSourceRoot() methods instead. If using a plugin, please upgrade to the latest version or report the issue to the plugin maintainer. To disable these warnings, set -Dmaven.project.sourceRoots.warningsDisabled=true on the command line, in the .mvn/maven.config file, or in project POM properties.
2026-10-05 12:10:13,247 [Worker-50: Building] WARN  o.apache.maven.project.MavenProject - Plugin is modifying testCompileSourceRoots through clear(), which will not work in Maven 4.0.0. Use MavenProject.addTestCompileSourceRoot()/removeTestCompileSourceRoot() methods instead. If using a plugin, please upgrade to the latest version or report the issue to the plugin maintainer. To disable these warnings, set -Dmaven.project.sourceRoots.warningsDisabled=true on the command line, in the .mvn/maven.config file, or in project POM properties.
2026-10-05 12:10:13,247 [Worker-50: Building] WARN  o.apache.maven.project.MavenProject - Plugin is modifying testCompileSourceRoots through add(), which will not work in Maven 4.0.0. Use MavenProject.addTestCompileSourceRoot()/removeTestCompileSourceRoot() methods instead. If using a plugin, please upgrade to the latest version or report the issue to the plugin maintainer. To disable these warnings, set -Dmaven.project.sourceRoots.warningsDisabled=true on the command line, in the .mvn/maven.config file, or in project POM properties.
2026-10-05 12:17:26,892 [Worker-55: Building] INFO  o.a.m.s.f.DefaultMavenResourcesFiltering - Copying 0 resource from src\main\resources to target\classes
2026-10-05 12:17:26,893 [Worker-55: Building] INFO  o.a.m.s.f.DefaultMavenResourcesFiltering - Copying 0 resource from src\test\resources to target\test-classes
2026-10-05 12:17:26,893 [Worker-55: Building] WARN  o.apache.maven.project.MavenProject - Plugin is modifying compileSourceRoots through clear(), which will not work in Maven 4.0.0. Use MavenProject.addCompileSourceRoot()/removeCompileSourceRoot() methods instead. If using a plugin, please upgrade to the latest version or report the issue to the plugin maintainer. To disable these warnings, set -Dmaven.project.sourceRoots.warningsDisabled=true on the command line, in the .mvn/maven.config file, or in project POM properties.
2026-10-05 12:17:26,893 [Worker-55: Building] WARN  o.apache.maven.project.MavenProject - Plugin is modifying compileSourceRoots through add(), which will not work in Maven 4.0.0. Use MavenProject.addCompileSourceRoot()/removeCompileSourceRoot() methods instead. If using a plugin, please upgrade to the latest version or report the issue to the plugin maintainer. To disable these warnings, set -Dmaven.project.sourceRoots.warningsDisabled=true on the command line, in the .mvn/maven.config file, or in project POM properties.
2026-10-05 12:17:26,894 [Worker-55: Building] WARN  o.apache.maven.project.MavenProject - Plugin is modifying testCompileSourceRoots through clear(), which will not work in Maven 4.0.0. Use MavenProject.addTestCompileSourceRoot()/removeTestCompileSourceRoot() methods instead. If using a plugin, please upgrade to the latest version or report the issue to the plugin maintainer. To disable these warnings, set -Dmaven.project.sourceRoots.warningsDisabled=true on the command line, in the .mvn/maven.config file, or in project POM properties.
2026-10-05 12:17:26,894 [Worker-55: Building] WARN  o.apache.maven.project.MavenProject - Plugin is modifying testCompileSourceRoots through add(), which will not work in Maven 4.0.0. Use MavenProject.addTestCompileSourceRoot()/removeTestCompileSourceRoot() methods instead. If using a plugin, please upgrade to the latest version or report the issue to the plugin maintainer. To disable these warnings, set -Dmaven.project.sourceRoots.warningsDisabled=true on the command line, in the .mvn/maven.config file, or in project POM properties.
2026-10-05 12:17:34,089 [Worker-46: Building] INFO  o.a.m.s.f.DefaultMavenResourcesFiltering - Copying 0 resource from src\main\resources to target\classes
2026-10-05 12:17:34,090 [Worker-46: Building] INFO  o.a.m.s.f.DefaultMavenResourcesFiltering - Copying 0 resource from src\test\resources to target\test-classes
2026-10-05 12:17:34,091 [Worker-46: Building] WARN  o.apache.maven.project.MavenProject - Plugin is modifying compileSourceRoots through clear(), which will not work in Maven 4.0.0. Use MavenProject.addCompileSourceRoot()/removeCompileSourceRoot() methods instead. If using a plugin, please upgrade to the latest version or report the issue to the plugin maintainer. To disable these warnings, set -Dmaven.project.sourceRoots.warningsDisabled=true on the command line, in the .mvn/maven.config file, or in project POM properties.
2026-10-05 12:17:34,091 [Worker-46: Building] WARN  o.apache.maven.project.MavenProject - Plugin is modifying compileSourceRoots through add(), which will not work in Maven 4.0.0. Use MavenProject.addCompileSourceRoot()/removeCompileSourceRoot() methods instead. If using a plugin, please upgrade to the latest version or report the issue to the plugin maintainer. To disable these warnings, set -Dmaven.project.sourceRoots.warningsDisabled=true on the command line, in the .mvn/maven.config file, or in project POM properties.
2026-10-05 12:17:34,091 [Worker-46: Building] WARN  o.apache.maven.project.MavenProject - Plugin is modifying testCompileSourceRoots through clear(), which will not work in Maven 4.0.0. Use MavenProject.addTestCompileSourceRoot()/removeTestCompileSourceRoot() methods instead. If using a plugin, please upgrade to the latest version or report the issue to the plugin maintainer. To disable these warnings, set -Dmaven.project.sourceRoots.warningsDisabled=true on the command line, in the .mvn/maven.config file, or in project POM properties.
2026-10-05 12:17:34,091 [Worker-46: Building] WARN  o.apache.maven.project.MavenProject - Plugin is modifying testCompileSourceRoots through add(), which will not work in Maven 4.0.0. Use MavenProject.addTestCompileSourceRoot()/removeTestCompileSourceRoot() methods instead. If using a plugin, please upgrade to the latest version or report the issue to the plugin maintainer. To disable these warnings, set -Dmaven.project.sourceRoots.warningsDisabled=true on the command line, in the .mvn/maven.config file, or in project POM properties.
2026-10-05 12:18:30,230 [Worker-56: Building] INFO  o.a.m.s.f.DefaultMavenResourcesFiltering - Copying 0 resource from src\main\resources to target\classes
2026-10-05 12:18:30,231 [Worker-56: Building] INFO  o.a.m.s.f.DefaultMavenResourcesFiltering - Copying 0 resource from src\test\resources to target\test-classes
2026-10-05 12:18:30,232 [Worker-56: Building] WARN  o.apache.maven.project.MavenProject - Plugin is modifying compileSourceRoots through clear(), which will not work in Maven 4.0.0. Use MavenProject.addCompileSourceRoot()/removeCompileSourceRoot() methods instead. If using a plugin, please upgrade to the latest version or report the issue to the plugin maintainer. To disable these warnings, set -Dmaven.project.sourceRoots.warningsDisabled=true on the command line, in the .mvn/maven.config file, or in project POM properties.
2026-10-05 12:18:30,232 [Worker-56: Building] WARN  o.apache.maven.project.MavenProject - Plugin is modifying compileSourceRoots through add(), which will not work in Maven 4.0.0. Use MavenProject.addCompileSourceRoot()/removeCompileSourceRoot() methods instead. If using a plugin, please upgrade to the latest version or report the issue to the plugin maintainer. To disable these warnings, set -Dmaven.project.sourceRoots.warningsDisabled=true on the command line, in the .mvn/maven.config file, or in project POM properties.
2026-10-05 12:18:30,232 [Worker-56: Building] WARN  o.apache.maven.project.MavenProject - Plugin is modifying testCompileSourceRoots through clear(), which will not work in Maven 4.0.0. Use MavenProject.addTestCompileSourceRoot()/removeTestCompileSourceRoot() methods instead. If using a plugin, please upgrade to the latest version or report the issue to the plugin maintainer. To disable these warnings, set -Dmaven.project.sourceRoots.warningsDisabled=true on the command line, in the .mvn/maven.config file, or in project POM properties.
2026-10-05 12:18:30,232 [Worker-56: Building] WARN  o.apache.maven.project.MavenProject - Plugin is modifying testCompileSourceRoots through add(), which will not work in Maven 4.0.0. Use MavenProject.addTestCompileSourceRoot()/removeTestCompileSourceRoot() methods instead. If using a plugin, please upgrade to the latest version or report the issue to the plugin maintainer. To disable these warnings, set -Dmaven.project.sourceRoots.warningsDisabled=true on the command line, in the .mvn/maven.config file, or in project POM properties.
2026-10-05 12:19:54,898 [Worker-57: Building] INFO  o.a.m.s.f.DefaultMavenResourcesFiltering - Copying 0 resource from src\main\resources to target\classes
2026-10-05 12:19:54,899 [Worker-57: Building] INFO  o.a.m.s.f.DefaultMavenResourcesFiltering - Copying 0 resource from src\test\resources to target\test-classes
2026-10-05 12:19:54,899 [Worker-57: Building] WARN  o.apache.maven.project.MavenProject - Plugin is modifying compileSourceRoots through clear(), which will not work in Maven 4.0.0. Use MavenProject.addCompileSourceRoot()/removeCompileSourceRoot() methods instead. If using a plugin, please upgrade to the latest version or report the issue to the plugin maintainer. To disable these warnings, set -Dmaven.project.sourceRoots.warningsDisabled=true on the command line, in the .mvn/maven.config file, or in project POM properties.
2026-10-05 12:19:54,900 [Worker-57: Building] WARN  o.apache.maven.project.MavenProject - Plugin is modifying compileSourceRoots through add(), which will not work in Maven 4.0.0. Use MavenProject.addCompileSourceRoot()/removeCompileSourceRoot() methods instead. If using a plugin, please upgrade to the latest version or report the issue to the plugin maintainer. To disable these warnings, set -Dmaven.project.sourceRoots.warningsDisabled=true on the command line, in the .mvn/maven.config file, or in project POM properties.
2026-10-05 12:19:54,900 [Worker-57: Building] WARN  o.apache.maven.project.MavenProject - Plugin is modifying testCompileSourceRoots through clear(), which will not work in Maven 4.0.0. Use MavenProject.addTestCompileSourceRoot()/removeTestCompileSourceRoot() methods instead. If using a plugin, please upgrade to the latest version or report the issue to the plugin maintainer. To disable these warnings, set -Dmaven.project.sourceRoots.warningsDisabled=true on the command line, in the .mvn/maven.config file, or in project POM properties.
2026-10-05 12:19:54,900 [Worker-57: Building] WARN  o.apache.maven.project.MavenProject - Plugin is modifying testCompileSourceRoots through add(), which will not work in Maven 4.0.0. Use MavenProject.addTestCompileSourceRoot()/removeTestCompileSourceRoot() methods instead. If using a plugin, please upgrade to the latest version or report the issue to the plugin maintainer. To disable these warnings, set -Dmaven.project.sourceRoots.warningsDisabled=true on the command line, in the .mvn/maven.config file, or in project POM properties.
2026-10-05 12:20:51,183 [Worker-54: Building] INFO  o.a.m.s.f.DefaultMavenResourcesFiltering - Copying 0 resource from src\main\resources to target\classes
2026-10-05 12:20:51,185 [Worker-54: Building] INFO  o.a.m.s.f.DefaultMavenResourcesFiltering - Copying 0 resource from src\test\resources to target\test-classes
2026-10-05 12:20:51,185 [Worker-54: Building] WARN  o.apache.maven.project.MavenProject - Plugin is modifying compileSourceRoots through clear(), which will not work in Maven 4.0.0. Use MavenProject.addCompileSourceRoot()/removeCompileSourceRoot() methods instead. If using a plugin, please upgrade to the latest version or report the issue to the plugin maintainer. To disable these warnings, set -Dmaven.project.sourceRoots.warningsDisabled=true on the command line, in the .mvn/maven.config file, or in project POM properties.
2026-10-05 12:20:51,186 [Worker-54: Building] WARN  o.apache.maven.project.MavenProject - Plugin is modifying compileSourceRoots through add(), which will not work in Maven 4.0.0. Use MavenProject.addCompileSourceRoot()/removeCompileSourceRoot() methods instead. If using a plugin, please upgrade to the latest version or report the issue to the plugin maintainer. To disable these warnings, set -Dmaven.project.sourceRoots.warningsDisabled=true on the command line, in the .mvn/maven.config file, or in project POM properties.
2026-10-05 12:20:51,186 [Worker-54: Building] WARN  o.apache.maven.project.MavenProject - Plugin is modifying testCompileSourceRoots through clear(), which will not work in Maven 4.0.0. Use MavenProject.addTestCompileSourceRoot()/removeTestCompileSourceRoot() methods instead. If using a plugin, please upgrade to the latest version or report the issue to the plugin maintainer. To disable these warnings, set -Dmaven.project.sourceRoots.warningsDisabled=true on the command line, in the .mvn/maven.config file, or in project POM properties.
2026-10-05 12:20:51,186 [Worker-54: Building] WARN  o.apache.maven.project.MavenProject - Plugin is modifying testCompileSourceRoots through add(), which will not work in Maven 4.0.0. Use MavenProject.addTestCompileSourceRoot()/removeTestCompileSourceRoot() methods instead. If using a plugin, please upgrade to the latest version or report the issue to the plugin maintainer. To disable these warnings, set -Dmaven.project.sourceRoots.warningsDisabled=true on the command line, in the .mvn/maven.config file, or in project POM properties.
2026-10-05 12:21:04,411 [Worker-57: Building] INFO  o.a.m.s.f.DefaultMavenResourcesFiltering - Copying 0 resource from src\main\resources to target\classes
2026-10-05 12:21:04,412 [Worker-57: Building] INFO  o.a.m.s.f.DefaultMavenResourcesFiltering - Copying 0 resource from src\test\resources to target\test-classes
2026-10-05 12:21:04,413 [Worker-57: Building] WARN  o.apache.maven.project.MavenProject - Plugin is modifying compileSourceRoots through clear(), which will not work in Maven 4.0.0. Use MavenProject.addCompileSourceRoot()/removeCompileSourceRoot() methods instead. If using a plugin, please upgrade to the latest version or report the issue to the plugin maintainer. To disable these warnings, set -Dmaven.project.sourceRoots.warningsDisabled=true on the command line, in the .mvn/maven.config file, or in project POM properties.
2026-10-05 12:21:04,413 [Worker-57: Building] WARN  o.apache.maven.project.MavenProject - Plugin is modifying compileSourceRoots through add(), which will not work in Maven 4.0.0. Use MavenProject.addCompileSourceRoot()/removeCompileSourceRoot() methods instead. If using a plugin, please upgrade to the latest version or report the issue to the plugin maintainer. To disable these warnings, set -Dmaven.project.sourceRoots.warningsDisabled=true on the command line, in the .mvn/maven.config file, or in project POM properties.
2026-10-05 12:21:04,413 [Worker-57: Building] WARN  o.apache.maven.project.MavenProject - Plugin is modifying testCompileSourceRoots through clear(), which will not work in Maven 4.0.0. Use MavenProject.addTestCompileSourceRoot()/removeTestCompileSourceRoot() methods instead. If using a plugin, please upgrade to the latest version or report the issue to the plugin maintainer. To disable these warnings, set -Dmaven.project.sourceRoots.warningsDisabled=true on the command line, in the .mvn/maven.config file, or in project POM properties.
2026-10-05 12:21:04,414 [Worker-57: Building] WARN  o.apache.maven.project.MavenProject - Plugin is modifying testCompileSourceRoots through add(), which will not work in Maven 4.0.0. Use MavenProject.addTestCompileSourceRoot()/removeTestCompileSourceRoot() methods instead. If using a plugin, please upgrade to the latest version or report the issue to the plugin maintainer. To disable these warnings, set -Dmaven.project.sourceRoots.warningsDisabled=true on the command line, in the .mvn/maven.config file, or in project POM properties.
2026-10-05 12:21:10,946 [Worker-57: Building] INFO  o.a.m.s.f.DefaultMavenResourcesFiltering - Copying 0 resource from src\main\resources to target\classes
2026-10-05 12:21:10,947 [Worker-57: Building] INFO  o.a.m.s.f.DefaultMavenResourcesFiltering - Copying 0 resource from src\test\resources to target\test-classes
2026-10-05 12:21:10,948 [Worker-57: Building] WARN  o.apache.maven.project.MavenProject - Plugin is modifying compileSourceRoots through clear(), which will not work in Maven 4.0.0. Use MavenProject.addCompileSourceRoot()/removeCompileSourceRoot() methods instead. If using a plugin, please upgrade to the latest version or report the issue to the plugin maintainer. To disable these warnings, set -Dmaven.project.sourceRoots.warningsDisabled=true on the command line, in the .mvn/maven.config file, or in project POM properties.
2026-10-05 12:21:10,948 [Worker-57: Building] WARN  o.apache.maven.project.MavenProject - Plugin is modifying compileSourceRoots through add(), which will not work in Maven 4.0.0. Use MavenProject.addCompileSourceRoot()/removeCompileSourceRoot() methods instead. If using a plugin, please upgrade to the latest version or report the issue to the plugin maintainer. To disable these warnings, set -Dmaven.project.sourceRoots.warningsDisabled=true on the command line, in the .mvn/maven.config file, or in project POM properties.
2026-10-05 12:21:10,948 [Worker-57: Building] WARN  o.apache.maven.project.MavenProject - Plugin is modifying testCompileSourceRoots through clear(), which will not work in Maven 4.0.0. Use MavenProject.addTestCompileSourceRoot()/removeTestCompileSourceRoot() methods instead. If using a plugin, please upgrade to the latest version or report the issue to the plugin maintainer. To disable these warnings, set -Dmaven.project.sourceRoots.warningsDisabled=true on the command line, in the .mvn/maven.config file, or in project POM properties.
2026-10-05 12:21:10,948 [Worker-57: Building] WARN  o.apache.maven.project.MavenProject - Plugin is modifying testCompileSourceRoots through add(), which will not work in Maven 4.0.0. Use MavenProject.addTestCompileSourceRoot()/removeTestCompileSourceRoot() methods instead. If using a plugin, please upgrade to the latest version or report the issue to the plugin maintainer. To disable these warnings, set -Dmaven.project.sourceRoots.warningsDisabled=true on the command line, in the .mvn/maven.config file, or in project POM properties.
2026-10-05 12:27:13,834 [Worker-53: Building] INFO  o.a.m.s.f.DefaultMavenResourcesFiltering - Copying 0 resource from src\main\resources to target\classes
2026-10-05 12:27:13,835 [Worker-53: Building] INFO  o.a.m.s.f.DefaultMavenResourcesFiltering - Copying 0 resource from src\test\resources to target\test-classes
2026-10-05 12:27:13,835 [Worker-53: Building] WARN  o.apache.maven.project.MavenProject - Plugin is modifying compileSourceRoots through clear(), which will not work in Maven 4.0.0. Use MavenProject.addCompileSourceRoot()/removeCompileSourceRoot() methods instead. If using a plugin, please upgrade to the latest version or report the issue to the plugin maintainer. To disable these warnings, set -Dmaven.project.sourceRoots.warningsDisabled=true on the command line, in the .mvn/maven.config file, or in project POM properties.
2026-10-05 12:27:13,836 [Worker-53: Building] WARN  o.apache.maven.project.MavenProject - Plugin is modifying compileSourceRoots through add(), which will not work in Maven 4.0.0. Use MavenProject.addCompileSourceRoot()/removeCompileSourceRoot() methods instead. If using a plugin, please upgrade to the latest version or report the issue to the plugin maintainer. To disable these warnings, set -Dmaven.project.sourceRoots.warningsDisabled=true on the command line, in the .mvn/maven.config file, or in project POM properties.
2026-10-05 12:27:13,836 [Worker-53: Building] WARN  o.apache.maven.project.MavenProject - Plugin is modifying testCompileSourceRoots through clear(), which will not work in Maven 4.0.0. Use MavenProject.addTestCompileSourceRoot()/removeTestCompileSourceRoot() methods instead. If using a plugin, please upgrade to the latest version or report the issue to the plugin maintainer. To disable these warnings, set -Dmaven.project.sourceRoots.warningsDisabled=true on the command line, in the .mvn/maven.config file, or in project POM properties.
2026-10-05 12:27:13,836 [Worker-53: Building] WARN  o.apache.maven.project.MavenProject - Plugin is modifying testCompileSourceRoots through add(), which will not work in Maven 4.0.0. Use MavenProject.addTestCompileSourceRoot()/removeTestCompileSourceRoot() methods instead. If using a plugin, please upgrade to the latest version or report the issue to the plugin maintainer. To disable these warnings, set -Dmaven.project.sourceRoots.warningsDisabled=true on the command line, in the .mvn/maven.config file, or in project POM properties.
2026-10-05 12:27:15,852 [Worker-60: Building] INFO  o.a.m.s.f.DefaultMavenResourcesFiltering - Copying 0 resource from src\main\resources to target\classes
2026-10-05 12:27:15,853 [Worker-60: Building] INFO  o.a.m.s.f.DefaultMavenResourcesFiltering - Copying 0 resource from src\test\resources to target\test-classes
2026-10-05 12:27:15,853 [Worker-60: Building] WARN  o.apache.maven.project.MavenProject - Plugin is modifying compileSourceRoots through clear(), which will not work in Maven 4.0.0. Use MavenProject.addCompileSourceRoot()/removeCompileSourceRoot() methods instead. If using a plugin, please upgrade to the latest version or report the issue to the plugin maintainer. To disable these warnings, set -Dmaven.project.sourceRoots.warningsDisabled=true on the command line, in the .mvn/maven.config file, or in project POM properties.
2026-10-05 12:27:15,854 [Worker-60: Building] WARN  o.apache.maven.project.MavenProject - Plugin is modifying compileSourceRoots through add(), which will not work in Maven 4.0.0. Use MavenProject.addCompileSourceRoot()/removeCompileSourceRoot() methods instead. If using a plugin, please upgrade to the latest version or report the issue to the plugin maintainer. To disable these warnings, set -Dmaven.project.sourceRoots.warningsDisabled=true on the command line, in the .mvn/maven.config file, or in project POM properties.
2026-10-05 12:27:15,854 [Worker-60: Building] WARN  o.apache.maven.project.MavenProject - Plugin is modifying testCompileSourceRoots through clear(), which will not work in Maven 4.0.0. Use MavenProject.addTestCompileSourceRoot()/removeTestCompileSourceRoot() methods instead. If using a plugin, please upgrade to the latest version or report the issue to the plugin maintainer. To disable these warnings, set -Dmaven.project.sourceRoots.warningsDisabled=true on the command line, in the .mvn/maven.config file, or in project POM properties.
2026-10-05 12:27:15,854 [Worker-60: Building] WARN  o.apache.maven.project.MavenProject - Plugin is modifying testCompileSourceRoots through add(), which will not work in Maven 4.0.0. Use MavenProject.addTestCompileSourceRoot()/removeTestCompileSourceRoot() methods instead. If using a plugin, please upgrade to the latest version or report the issue to the plugin maintainer. To disable these warnings, set -Dmaven.project.sourceRoots.warningsDisabled=true on the command line, in the .mvn/maven.config file, or in project POM properties.
2026-10-05 12:28:02,755 [Worker-54: Building] INFO  o.a.m.s.f.DefaultMavenResourcesFiltering - Copying 0 resource from src\main\resources to target\classes
2026-10-05 12:28:02,756 [Worker-54: Building] INFO  o.a.m.s.f.DefaultMavenResourcesFiltering - Copying 0 resource from src\test\resources to target\test-classes
2026-10-05 12:28:02,757 [Worker-54: Building] WARN  o.apache.maven.project.MavenProject - Plugin is modifying compileSourceRoots through clear(), which will not work in Maven 4.0.0. Use MavenProject.addCompileSourceRoot()/removeCompileSourceRoot() methods instead. If using a plugin, please upgrade to the latest version or report the issue to the plugin maintainer. To disable these warnings, set -Dmaven.project.sourceRoots.warningsDisabled=true on the command line, in the .mvn/maven.config file, or in project POM properties.
2026-10-05 12:28:02,757 [Worker-54: Building] WARN  o.apache.maven.project.MavenProject - Plugin is modifying compileSourceRoots through add(), which will not work in Maven 4.0.0. Use MavenProject.addCompileSourceRoot()/removeCompileSourceRoot() methods instead. If using a plugin, please upgrade to the latest version or report the issue to the plugin maintainer. To disable these warnings, set -Dmaven.project.sourceRoots.warningsDisabled=true on the command line, in the .mvn/maven.config file, or in project POM properties.
2026-10-05 12:28:02,757 [Worker-54: Building] WARN  o.apache.maven.project.MavenProject - Plugin is modifying testCompileSourceRoots through clear(), which will not work in Maven 4.0.0. Use MavenProject.addTestCompileSourceRoot()/removeTestCompileSourceRoot() methods instead. If using a plugin, please upgrade to the latest version or report the issue to the plugin maintainer. To disable these warnings, set -Dmaven.project.sourceRoots.warningsDisabled=true on the command line, in the .mvn/maven.config file, or in project POM properties.
2026-10-05 12:28:02,757 [Worker-54: Building] WARN  o.apache.maven.project.MavenProject - Plugin is modifying testCompileSourceRoots through add(), which will not work in Maven 4.0.0. Use MavenProject.addTestCompileSourceRoot()/removeTestCompileSourceRoot() methods instead. If using a plugin, please upgrade to the latest version or report the issue to the plugin maintainer. To disable these warnings, set -Dmaven.project.sourceRoots.warningsDisabled=true on the command line, in the .mvn/maven.config file, or in project POM properties.
2026-10-05 12:28:21,472 [Worker-60: Building] INFO  o.a.m.s.f.DefaultMavenResourcesFiltering - Copying 0 resource from src\main\resources to target\classes
2026-10-05 12:28:21,474 [Worker-60: Building] INFO  o.a.m.s.f.DefaultMavenResourcesFiltering - Copying 0 resource from src\test\resources to target\test-classes
2026-10-05 12:28:21,474 [Worker-60: Building] WARN  o.apache.maven.project.MavenProject - Plugin is modifying compileSourceRoots through clear(), which will not work in Maven 4.0.0. Use MavenProject.addCompileSourceRoot()/removeCompileSourceRoot() methods instead. If using a plugin, please upgrade to the latest version or report the issue to the plugin maintainer. To disable these warnings, set -Dmaven.project.sourceRoots.warningsDisabled=true on the command line, in the .mvn/maven.config file, or in project POM properties.
2026-10-05 12:28:21,474 [Worker-60: Building] WARN  o.apache.maven.project.MavenProject - Plugin is modifying compileSourceRoots through add(), which will not work in Maven 4.0.0. Use MavenProject.addCompileSourceRoot()/removeCompileSourceRoot() methods instead. If using a plugin, please upgrade to the latest version or report the issue to the plugin maintainer. To disable these warnings, set -Dmaven.project.sourceRoots.warningsDisabled=true on the command line, in the .mvn/maven.config file, or in project POM properties.
2026-10-05 12:28:21,475 [Worker-60: Building] WARN  o.apache.maven.project.MavenProject - Plugin is modifying testCompileSourceRoots through clear(), which will not work in Maven 4.0.0. Use MavenProject.addTestCompileSourceRoot()/removeTestCompileSourceRoot() methods instead. If using a plugin, please upgrade to the latest version or report the issue to the plugin maintainer. To disable these warnings, set -Dmaven.project.sourceRoots.warningsDisabled=true on the command line, in the .mvn/maven.config file, or in project POM properties.
2026-10-05 12:28:21,475 [Worker-60: Building] WARN  o.apache.maven.project.MavenProject - Plugin is modifying testCompileSourceRoots through add(), which will not work in Maven 4.0.0. Use MavenProject.addTestCompileSourceRoot()/removeTestCompileSourceRoot() methods instead. If using a plugin, please upgrade to the latest version or report the issue to the plugin maintainer. To disable these warnings, set -Dmaven.project.sourceRoots.warningsDisabled=true on the command line, in the .mvn/maven.config file, or in project POM properties.
2026-10-05 12:29:35,676 [Worker-62: Building] INFO  o.a.m.s.f.DefaultMavenResourcesFiltering - Copying 0 resource from src\main\resources to target\classes
2026-10-05 12:29:35,678 [Worker-62: Building] INFO  o.a.m.s.f.DefaultMavenResourcesFiltering - Copying 0 resource from src\test\resources to target\test-classes
2026-10-05 12:29:35,678 [Worker-62: Building] WARN  o.apache.maven.project.MavenProject - Plugin is modifying compileSourceRoots through clear(), which will not work in Maven 4.0.0. Use MavenProject.addCompileSourceRoot()/removeCompileSourceRoot() methods instead. If using a plugin, please upgrade to the latest version or report the issue to the plugin maintainer. To disable these warnings, set -Dmaven.project.sourceRoots.warningsDisabled=true on the command line, in the .mvn/maven.config file, or in project POM properties.
2026-10-05 12:29:35,678 [Worker-62: Building] WARN  o.apache.maven.project.MavenProject - Plugin is modifying compileSourceRoots through add(), which will not work in Maven 4.0.0. Use MavenProject.addCompileSourceRoot()/removeCompileSourceRoot() methods instead. If using a plugin, please upgrade to the latest version or report the issue to the plugin maintainer. To disable these warnings, set -Dmaven.project.sourceRoots.warningsDisabled=true on the command line, in the .mvn/maven.config file, or in project POM properties.
2026-10-05 12:29:35,678 [Worker-62: Building] WARN  o.apache.maven.project.MavenProject - Plugin is modifying testCompileSourceRoots through clear(), which will not work in Maven 4.0.0. Use MavenProject.addTestCompileSourceRoot()/removeTestCompileSourceRoot() methods instead. If using a plugin, please upgrade to the latest version or report the issue to the plugin maintainer. To disable these warnings, set -Dmaven.project.sourceRoots.warningsDisabled=true on the command line, in the .mvn/maven.config file, or in project POM properties.
2026-10-05 12:29:35,679 [Worker-62: Building] WARN  o.apache.maven.project.MavenProject - Plugin is modifying testCompileSourceRoots through add(), which will not work in Maven 4.0.0. Use MavenProject.addTestCompileSourceRoot()/removeTestCompileSourceRoot() methods instead. If using a plugin, please upgrade to the latest version or report the issue to the plugin maintainer. To disable these warnings, set -Dmaven.project.sourceRoots.warningsDisabled=true on the command line, in the .mvn/maven.config file, or in project POM properties.
2026-10-05 12:30:11,015 [Worker-60: Building] INFO  o.a.m.s.f.DefaultMavenResourcesFiltering - Copying 0 resource from src\main\resources to target\classes
2026-10-05 12:30:11,016 [Worker-60: Building] INFO  o.a.m.s.f.DefaultMavenResourcesFiltering - Copying 0 resource from src\test\resources to target\test-classes
2026-10-05 12:30:11,017 [Worker-60: Building] WARN  o.apache.maven.project.MavenProject - Plugin is modifying compileSourceRoots through clear(), which will not work in Maven 4.0.0. Use MavenProject.addCompileSourceRoot()/removeCompileSourceRoot() methods instead. If using a plugin, please upgrade to the latest version or report the issue to the plugin maintainer. To disable these warnings, set -Dmaven.project.sourceRoots.warningsDisabled=true on the command line, in the .mvn/maven.config file, or in project POM properties.
2026-10-05 12:30:11,017 [Worker-60: Building] WARN  o.apache.maven.project.MavenProject - Plugin is modifying compileSourceRoots through add(), which will not work in Maven 4.0.0. Use MavenProject.addCompileSourceRoot()/removeCompileSourceRoot() methods instead. If using a plugin, please upgrade to the latest version or report the issue to the plugin maintainer. To disable these warnings, set -Dmaven.project.sourceRoots.warningsDisabled=true on the command line, in the .mvn/maven.config file, or in project POM properties.
2026-10-05 12:30:11,017 [Worker-60: Building] WARN  o.apache.maven.project.MavenProject - Plugin is modifying testCompileSourceRoots through clear(), which will not work in Maven 4.0.0. Use MavenProject.addTestCompileSourceRoot()/removeTestCompileSourceRoot() methods instead. If using a plugin, please upgrade to the latest version or report the issue to the plugin maintainer. To disable these warnings, set -Dmaven.project.sourceRoots.warningsDisabled=true on the command line, in the .mvn/maven.config file, or in project POM properties.
2026-10-05 12:30:11,017 [Worker-60: Building] WARN  o.apache.maven.project.MavenProject - Plugin is modifying testCompileSourceRoots through add(), which will not work in Maven 4.0.0. Use MavenProject.addTestCompileSourceRoot()/removeTestCompileSourceRoot() methods instead. If using a plugin, please upgrade to the latest version or report the issue to the plugin maintainer. To disable these warnings, set -Dmaven.project.sourceRoots.warningsDisabled=true on the command line, in the .mvn/maven.config file, or in project POM properties.
2026-10-05 12:30:21,384 [Worker-61: Building] INFO  o.a.m.s.f.DefaultMavenResourcesFiltering - Copying 0 resource from src\main\resources to target\classes
2026-10-05 12:30:21,386 [Worker-61: Building] INFO  o.a.m.s.f.DefaultMavenResourcesFiltering - Copying 0 resource from src\test\resources to target\test-classes
2026-10-05 12:30:21,386 [Worker-61: Building] WARN  o.apache.maven.project.MavenProject - Plugin is modifying compileSourceRoots through clear(), which will not work in Maven 4.0.0. Use MavenProject.addCompileSourceRoot()/removeCompileSourceRoot() methods instead. If using a plugin, please upgrade to the latest version or report the issue to the plugin maintainer. To disable these warnings, set -Dmaven.project.sourceRoots.warningsDisabled=true on the command line, in the .mvn/maven.config file, or in project POM properties.
2026-10-05 12:30:21,387 [Worker-61: Building] WARN  o.apache.maven.project.MavenProject - Plugin is modifying compileSourceRoots through add(), which will not work in Maven 4.0.0. Use MavenProject.addCompileSourceRoot()/removeCompileSourceRoot() methods instead. If using a plugin, please upgrade to the latest version or report the issue to the plugin maintainer. To disable these warnings, set -Dmaven.project.sourceRoots.warningsDisabled=true on the command line, in the .mvn/maven.config file, or in project POM properties.
2026-10-05 12:30:21,387 [Worker-61: Building] WARN  o.apache.maven.project.MavenProject - Plugin is modifying testCompileSourceRoots through clear(), which will not work in Maven 4.0.0. Use MavenProject.addTestCompileSourceRoot()/removeTestCompileSourceRoot() methods instead. If using a plugin, please upgrade to the latest version or report the issue to the plugin maintainer. To disable these warnings, set -Dmaven.project.sourceRoots.warningsDisabled=true on the command line, in the .mvn/maven.config file, or in project POM properties.
2026-10-05 12:30:21,388 [Worker-61: Building] WARN  o.apache.maven.project.MavenProject - Plugin is modifying testCompileSourceRoots through add(), which will not work in Maven 4.0.0. Use MavenProject.addTestCompileSourceRoot()/removeTestCompileSourceRoot() methods instead. If using a plugin, please upgrade to the latest version or report the issue to the plugin maintainer. To disable these warnings, set -Dmaven.project.sourceRoots.warningsDisabled=true on the command line, in the .mvn/maven.config file, or in project POM properties.
2026-10-05 12:31:15,308 [Worker-62: Building] INFO  o.a.m.s.f.DefaultMavenResourcesFiltering - Copying 0 resource from src\main\resources to target\classes
2026-10-05 12:31:15,309 [Worker-62: Building] INFO  o.a.m.s.f.DefaultMavenResourcesFiltering - Copying 0 resource from src\test\resources to target\test-classes
2026-10-05 12:31:15,309 [Worker-62: Building] WARN  o.apache.maven.project.MavenProject - Plugin is modifying compileSourceRoots through clear(), which will not work in Maven 4.0.0. Use MavenProject.addCompileSourceRoot()/removeCompileSourceRoot() methods instead. If using a plugin, please upgrade to the latest version or report the issue to the plugin maintainer. To disable these warnings, set -Dmaven.project.sourceRoots.warningsDisabled=true on the command line, in the .mvn/maven.config file, or in project POM properties.
2026-10-05 12:31:15,310 [Worker-62: Building] WARN  o.apache.maven.project.MavenProject - Plugin is modifying compileSourceRoots through add(), which will not work in Maven 4.0.0. Use MavenProject.addCompileSourceRoot()/removeCompileSourceRoot() methods instead. If using a plugin, please upgrade to the latest version or report the issue to the plugin maintainer. To disable these warnings, set -Dmaven.project.sourceRoots.warningsDisabled=true on the command line, in the .mvn/maven.config file, or in project POM properties.
2026-10-05 12:31:15,310 [Worker-62: Building] WARN  o.apache.maven.project.MavenProject - Plugin is modifying testCompileSourceRoots through clear(), which will not work in Maven 4.0.0. Use MavenProject.addTestCompileSourceRoot()/removeTestCompileSourceRoot() methods instead. If using a plugin, please upgrade to the latest version or report the issue to the plugin maintainer. To disable these warnings, set -Dmaven.project.sourceRoots.warningsDisabled=true on the command line, in the .mvn/maven.config file, or in project POM properties.
2026-10-05 12:31:15,310 [Worker-62: Building] WARN  o.apache.maven.project.MavenProject - Plugin is modifying testCompileSourceRoots through add(), which will not work in Maven 4.0.0. Use MavenProject.addTestCompileSourceRoot()/removeTestCompileSourceRoot() methods instead. If using a plugin, please upgrade to the latest version or report the issue to the plugin maintainer. To disable these warnings, set -Dmaven.project.sourceRoots.warningsDisabled=true on the command line, in the .mvn/maven.config file, or in project POM properties.
2026-10-05 12:32:01,425 [Worker-61: Building] INFO  o.a.m.s.f.DefaultMavenResourcesFiltering - Copying 0 resource from src\main\resources to target\classes
2026-10-05 12:32:01,428 [Worker-61: Building] INFO  o.a.m.s.f.DefaultMavenResourcesFiltering - Copying 0 resource from src\test\resources to target\test-classes
2026-10-05 12:32:01,429 [Worker-61: Building] WARN  o.apache.maven.project.MavenProject - Plugin is modifying compileSourceRoots through clear(), which will not work in Maven 4.0.0. Use MavenProject.addCompileSourceRoot()/removeCompileSourceRoot() methods instead. If using a plugin, please upgrade to the latest version or report the issue to the plugin maintainer. To disable these warnings, set -Dmaven.project.sourceRoots.warningsDisabled=true on the command line, in the .mvn/maven.config file, or in project POM properties.
2026-10-05 12:32:01,430 [Worker-61: Building] WARN  o.apache.maven.project.MavenProject - Plugin is modifying compileSourceRoots through add(), which will not work in Maven 4.0.0. Use MavenProject.addCompileSourceRoot()/removeCompileSourceRoot() methods instead. If using a plugin, please upgrade to the latest version or report the issue to the plugin maintainer. To disable these warnings, set -Dmaven.project.sourceRoots.warningsDisabled=true on the command line, in the .mvn/maven.config file, or in project POM properties.
2026-10-05 12:32:01,431 [Worker-61: Building] WARN  o.apache.maven.project.MavenProject - Plugin is modifying testCompileSourceRoots through clear(), which will not work in Maven 4.0.0. Use MavenProject.addTestCompileSourceRoot()/removeTestCompileSourceRoot() methods instead. If using a plugin, please upgrade to the latest version or report the issue to the plugin maintainer. To disable these warnings, set -Dmaven.project.sourceRoots.warningsDisabled=true on the command line, in the .mvn/maven.config file, or in project POM properties.
2026-10-05 12:32:01,431 [Worker-61: Building] WARN  o.apache.maven.project.MavenProject - Plugin is modifying testCompileSourceRoots through add(), which will not work in Maven 4.0.0. Use MavenProject.addTestCompileSourceRoot()/removeTestCompileSourceRoot() methods instead. If using a plugin, please upgrade to the latest version or report the issue to the plugin maintainer. To disable these warnings, set -Dmaven.project.sourceRoots.warningsDisabled=true on the command line, in the .mvn/maven.config file, or in project POM properties.
2026-10-05 12:32:37,436 [Worker-60: Building] INFO  o.a.m.s.f.DefaultMavenResourcesFiltering - Copying 0 resource from src\main\resources to target\classes
2026-10-05 12:32:37,438 [Worker-60: Building] INFO  o.a.m.s.f.DefaultMavenResourcesFiltering - Copying 0 resource from src\test\resources to target\test-classes
2026-10-05 12:32:37,438 [Worker-60: Building] WARN  o.apache.maven.project.MavenProject - Plugin is modifying compileSourceRoots through clear(), which will not work in Maven 4.0.0. Use MavenProject.addCompileSourceRoot()/removeCompileSourceRoot() methods instead. If using a plugin, please upgrade to the latest version or report the issue to the plugin maintainer. To disable these warnings, set -Dmaven.project.sourceRoots.warningsDisabled=true on the command line, in the .mvn/maven.config file, or in project POM properties.
2026-10-05 12:32:37,438 [Worker-60: Building] WARN  o.apache.maven.project.MavenProject - Plugin is modifying compileSourceRoots through add(), which will not work in Maven 4.0.0. Use MavenProject.addCompileSourceRoot()/removeCompileSourceRoot() methods instead. If using a plugin, please upgrade to the latest version or report the issue to the plugin maintainer. To disable these warnings, set -Dmaven.project.sourceRoots.warningsDisabled=true on the command line, in the .mvn/maven.config file, or in project POM properties.
2026-10-05 12:32:37,439 [Worker-60: Building] WARN  o.apache.maven.project.MavenProject - Plugin is modifying testCompileSourceRoots through clear(), which will not work in Maven 4.0.0. Use MavenProject.addTestCompileSourceRoot()/removeTestCompileSourceRoot() methods instead. If using a plugin, please upgrade to the latest version or report the issue to the plugin maintainer. To disable these warnings, set -Dmaven.project.sourceRoots.warningsDisabled=true on the command line, in the .mvn/maven.config file, or in project POM properties.
2026-10-05 12:32:37,439 [Worker-60: Building] WARN  o.apache.maven.project.MavenProject - Plugin is modifying testCompileSourceRoots through add(), which will not work in Maven 4.0.0. Use MavenProject.addTestCompileSourceRoot()/removeTestCompileSourceRoot() methods instead. If using a plugin, please upgrade to the latest version or report the issue to the plugin maintainer. To disable these warnings, set -Dmaven.project.sourceRoots.warningsDisabled=true on the command line, in the .mvn/maven.config file, or in project POM properties.
2026-10-05 12:37:06,713 [Worker-60: Building] INFO  o.a.m.s.f.DefaultMavenResourcesFiltering - Copying 0 resource from src\main\resources to target\classes
2026-10-05 12:37:06,714 [Worker-60: Building] INFO  o.a.m.s.f.DefaultMavenResourcesFiltering - Copying 0 resource from src\test\resources to target\test-classes
2026-10-05 12:37:06,714 [Worker-60: Building] WARN  o.apache.maven.project.MavenProject - Plugin is modifying compileSourceRoots through clear(), which will not work in Maven 4.0.0. Use MavenProject.addCompileSourceRoot()/removeCompileSourceRoot() methods instead. If using a plugin, please upgrade to the latest version or report the issue to the plugin maintainer. To disable these warnings, set -Dmaven.project.sourceRoots.warningsDisabled=true on the command line, in the .mvn/maven.config file, or in project POM properties.
2026-10-05 12:37:06,715 [Worker-60: Building] WARN  o.apache.maven.project.MavenProject - Plugin is modifying compileSourceRoots through add(), which will not work in Maven 4.0.0. Use MavenProject.addCompileSourceRoot()/removeCompileSourceRoot() methods instead. If using a plugin, please upgrade to the latest version or report the issue to the plugin maintainer. To disable these warnings, set -Dmaven.project.sourceRoots.warningsDisabled=true on the command line, in the .mvn/maven.config file, or in project POM properties.
2026-10-05 12:37:06,715 [Worker-60: Building] WARN  o.apache.maven.project.MavenProject - Plugin is modifying testCompileSourceRoots through clear(), which will not work in Maven 4.0.0. Use MavenProject.addTestCompileSourceRoot()/removeTestCompileSourceRoot() methods instead. If using a plugin, please upgrade to the latest version or report the issue to the plugin maintainer. To disable these warnings, set -Dmaven.project.sourceRoots.warningsDisabled=true on the command line, in the .mvn/maven.config file, or in project POM properties.
2026-10-05 12:37:06,716 [Worker-60: Building] WARN  o.apache.maven.project.MavenProject - Plugin is modifying testCompileSourceRoots through add(), which will not work in Maven 4.0.0. Use MavenProject.addTestCompileSourceRoot()/removeTestCompileSourceRoot() methods instead. If using a plugin, please upgrade to the latest version or report the issue to the plugin maintainer. To disable these warnings, set -Dmaven.project.sourceRoots.warningsDisabled=true on the command line, in the .mvn/maven.config file, or in project POM properties.
2026-10-05 12:37:56,904 [Worker-54: Building] INFO  o.a.m.s.f.DefaultMavenResourcesFiltering - Copying 0 resource from src\main\resources to target\classes
2026-10-05 12:37:56,905 [Worker-54: Building] INFO  o.a.m.s.f.DefaultMavenResourcesFiltering - Copying 0 resource from src\test\resources to target\test-classes
2026-10-05 12:37:56,905 [Worker-54: Building] WARN  o.apache.maven.project.MavenProject - Plugin is modifying compileSourceRoots through clear(), which will not work in Maven 4.0.0. Use MavenProject.addCompileSourceRoot()/removeCompileSourceRoot() methods instead. If using a plugin, please upgrade to the latest version or report the issue to the plugin maintainer. To disable these warnings, set -Dmaven.project.sourceRoots.warningsDisabled=true on the command line, in the .mvn/maven.config file, or in project POM properties.
2026-10-05 12:37:56,906 [Worker-54: Building] WARN  o.apache.maven.project.MavenProject - Plugin is modifying compileSourceRoots through add(), which will not work in Maven 4.0.0. Use MavenProject.addCompileSourceRoot()/removeCompileSourceRoot() methods instead. If using a plugin, please upgrade to the latest version or report the issue to the plugin maintainer. To disable these warnings, set -Dmaven.project.sourceRoots.warningsDisabled=true on the command line, in the .mvn/maven.config file, or in project POM properties.
2026-10-05 12:37:56,906 [Worker-54: Building] WARN  o.apache.maven.project.MavenProject - Plugin is modifying testCompileSourceRoots through clear(), which will not work in Maven 4.0.0. Use MavenProject.addTestCompileSourceRoot()/removeTestCompileSourceRoot() methods instead. If using a plugin, please upgrade to the latest version or report the issue to the plugin maintainer. To disable these warnings, set -Dmaven.project.sourceRoots.warningsDisabled=true on the command line, in the .mvn/maven.config file, or in project POM properties.
2026-10-05 12:37:56,906 [Worker-54: Building] WARN  o.apache.maven.project.MavenProject - Plugin is modifying testCompileSourceRoots through add(), which will not work in Maven 4.0.0. Use MavenProject.addTestCompileSourceRoot()/removeTestCompileSourceRoot() methods instead. If using a plugin, please upgrade to the latest version or report the issue to the plugin maintainer. To disable these warnings, set -Dmaven.project.sourceRoots.warningsDisabled=true on the command line, in the .mvn/maven.config file, or in project POM properties.
2026-10-05 12:38:03,965 [Worker-54: Building] INFO  o.a.m.s.f.DefaultMavenResourcesFiltering - Copying 0 resource from src\main\resources to target\classes
2026-10-05 12:38:03,967 [Worker-54: Building] INFO  o.a.m.s.f.DefaultMavenResourcesFiltering - Copying 0 resource from src\test\resources to target\test-classes
2026-10-05 12:38:03,967 [Worker-54: Building] WARN  o.apache.maven.project.MavenProject - Plugin is modifying compileSourceRoots through clear(), which will not work in Maven 4.0.0. Use MavenProject.addCompileSourceRoot()/removeCompileSourceRoot() methods instead. If using a plugin, please upgrade to the latest version or report the issue to the plugin maintainer. To disable these warnings, set -Dmaven.project.sourceRoots.warningsDisabled=true on the command line, in the .mvn/maven.config file, or in project POM properties.
2026-10-05 12:38:03,967 [Worker-54: Building] WARN  o.apache.maven.project.MavenProject - Plugin is modifying compileSourceRoots through add(), which will not work in Maven 4.0.0. Use MavenProject.addCompileSourceRoot()/removeCompileSourceRoot() methods instead. If using a plugin, please upgrade to the latest version or report the issue to the plugin maintainer. To disable these warnings, set -Dmaven.project.sourceRoots.warningsDisabled=true on the command line, in the .mvn/maven.config file, or in project POM properties.
2026-10-05 12:38:03,967 [Worker-54: Building] WARN  o.apache.maven.project.MavenProject - Plugin is modifying testCompileSourceRoots through clear(), which will not work in Maven 4.0.0. Use MavenProject.addTestCompileSourceRoot()/removeTestCompileSourceRoot() methods instead. If using a plugin, please upgrade to the latest version or report the issue to the plugin maintainer. To disable these warnings, set -Dmaven.project.sourceRoots.warningsDisabled=true on the command line, in the .mvn/maven.config file, or in project POM properties.
2026-10-05 12:38:03,968 [Worker-54: Building] WARN  o.apache.maven.project.MavenProject - Plugin is modifying testCompileSourceRoots through add(), which will not work in Maven 4.0.0. Use MavenProject.addTestCompileSourceRoot()/removeTestCompileSourceRoot() methods instead. If using a plugin, please upgrade to the latest version or report the issue to the plugin maintainer. To disable these warnings, set -Dmaven.project.sourceRoots.warningsDisabled=true on the command line, in the .mvn/maven.config file, or in project POM properties.
2026-10-05 12:38:06,118 [Worker-60: Building] INFO  o.a.m.s.f.DefaultMavenResourcesFiltering - Copying 0 resource from src\main\resources to target\classes
2026-10-05 12:38:06,119 [Worker-60: Building] INFO  o.a.m.s.f.DefaultMavenResourcesFiltering - Copying 0 resource from src\test\resources to target\test-classes
2026-10-05 12:38:06,119 [Worker-60: Building] WARN  o.apache.maven.project.MavenProject - Plugin is modifying compileSourceRoots through clear(), which will not work in Maven 4.0.0. Use MavenProject.addCompileSourceRoot()/removeCompileSourceRoot() methods instead. If using a plugin, please upgrade to the latest version or report the issue to the plugin maintainer. To disable these warnings, set -Dmaven.project.sourceRoots.warningsDisabled=true on the command line, in the .mvn/maven.config file, or in project POM properties.
2026-10-05 12:38:06,119 [Worker-60: Building] WARN  o.apache.maven.project.MavenProject - Plugin is modifying compileSourceRoots through add(), which will not work in Maven 4.0.0. Use MavenProject.addCompileSourceRoot()/removeCompileSourceRoot() methods instead. If using a plugin, please upgrade to the latest version or report the issue to the plugin maintainer. To disable these warnings, set -Dmaven.project.sourceRoots.warningsDisabled=true on the command line, in the .mvn/maven.config file, or in project POM properties.
2026-10-05 12:38:06,120 [Worker-60: Building] WARN  o.apache.maven.project.MavenProject - Plugin is modifying testCompileSourceRoots through clear(), which will not work in Maven 4.0.0. Use MavenProject.addTestCompileSourceRoot()/removeTestCompileSourceRoot() methods instead. If using a plugin, please upgrade to the latest version or report the issue to the plugin maintainer. To disable these warnings, set -Dmaven.project.sourceRoots.warningsDisabled=true on the command line, in the .mvn/maven.config file, or in project POM properties.
2026-10-05 12:38:06,120 [Worker-60: Building] WARN  o.apache.maven.project.MavenProject - Plugin is modifying testCompileSourceRoots through add(), which will not work in Maven 4.0.0. Use MavenProject.addTestCompileSourceRoot()/removeTestCompileSourceRoot() methods instead. If using a plugin, please upgrade to the latest version or report the issue to the plugin maintainer. To disable these warnings, set -Dmaven.project.sourceRoots.warningsDisabled=true on the command line, in the .mvn/maven.config file, or in project POM properties.
2026-10-05 12:38:30,515 [Worker-60: Building] INFO  o.a.m.s.f.DefaultMavenResourcesFiltering - Copying 0 resource from src\main\resources to target\classes
2026-10-05 12:38:30,516 [Worker-60: Building] INFO  o.a.m.s.f.DefaultMavenResourcesFiltering - Copying 0 resource from src\test\resources to target\test-classes
2026-10-05 12:38:30,516 [Worker-60: Building] WARN  o.apache.maven.project.MavenProject - Plugin is modifying compileSourceRoots through clear(), which will not work in Maven 4.0.0. Use MavenProject.addCompileSourceRoot()/removeCompileSourceRoot() methods instead. If using a plugin, please upgrade to the latest version or report the issue to the plugin maintainer. To disable these warnings, set -Dmaven.project.sourceRoots.warningsDisabled=true on the command line, in the .mvn/maven.config file, or in project POM properties.
2026-10-05 12:38:30,517 [Worker-60: Building] WARN  o.apache.maven.project.MavenProject - Plugin is modifying compileSourceRoots through add(), which will not work in Maven 4.0.0. Use MavenProject.addCompileSourceRoot()/removeCompileSourceRoot() methods instead. If using a plugin, please upgrade to the latest version or report the issue to the plugin maintainer. To disable these warnings, set -Dmaven.project.sourceRoots.warningsDisabled=true on the command line, in the .mvn/maven.config file, or in project POM properties.
2026-10-05 12:38:30,517 [Worker-60: Building] WARN  o.apache.maven.project.MavenProject - Plugin is modifying testCompileSourceRoots through clear(), which will not work in Maven 4.0.0. Use MavenProject.addTestCompileSourceRoot()/removeTestCompileSourceRoot() methods instead. If using a plugin, please upgrade to the latest version or report the issue to the plugin maintainer. To disable these warnings, set -Dmaven.project.sourceRoots.warningsDisabled=true on the command line, in the .mvn/maven.config file, or in project POM properties.
2026-10-05 12:38:30,517 [Worker-60: Building] WARN  o.apache.maven.project.MavenProject - Plugin is modifying testCompileSourceRoots through add(), which will not work in Maven 4.0.0. Use MavenProject.addTestCompileSourceRoot()/removeTestCompileSourceRoot() methods instead. If using a plugin, please upgrade to the latest version or report the issue to the plugin maintainer. To disable these warnings, set -Dmaven.project.sourceRoots.warningsDisabled=true on the command line, in the .mvn/maven.config file, or in project POM properties.
2026-10-05 12:40:18,405 [Worker-60: Building] INFO  o.a.m.s.f.DefaultMavenResourcesFiltering - Copying 0 resource from src\main\resources to target\classes
2026-10-05 12:40:18,406 [Worker-60: Building] INFO  o.a.m.s.f.DefaultMavenResourcesFiltering - Copying 0 resource from src\test\resources to target\test-classes
2026-10-05 12:40:18,407 [Worker-60: Building] WARN  o.apache.maven.project.MavenProject - Plugin is modifying compileSourceRoots through clear(), which will not work in Maven 4.0.0. Use MavenProject.addCompileSourceRoot()/removeCompileSourceRoot() methods instead. If using a plugin, please upgrade to the latest version or report the issue to the plugin maintainer. To disable these warnings, set -Dmaven.project.sourceRoots.warningsDisabled=true on the command line, in the .mvn/maven.config file, or in project POM properties.
2026-10-05 12:40:18,407 [Worker-60: Building] WARN  o.apache.maven.project.MavenProject - Plugin is modifying compileSourceRoots through add(), which will not work in Maven 4.0.0. Use MavenProject.addCompileSourceRoot()/removeCompileSourceRoot() methods instead. If using a plugin, please upgrade to the latest version or report the issue to the plugin maintainer. To disable these warnings, set -Dmaven.project.sourceRoots.warningsDisabled=true on the command line, in the .mvn/maven.config file, or in project POM properties.
2026-10-05 12:40:18,407 [Worker-60: Building] WARN  o.apache.maven.project.MavenProject - Plugin is modifying testCompileSourceRoots through clear(), which will not work in Maven 4.0.0. Use MavenProject.addTestCompileSourceRoot()/removeTestCompileSourceRoot() methods instead. If using a plugin, please upgrade to the latest version or report the issue to the plugin maintainer. To disable these warnings, set -Dmaven.project.sourceRoots.warningsDisabled=true on the command line, in the .mvn/maven.config file, or in project POM properties.
2026-10-05 12:40:18,408 [Worker-60: Building] WARN  o.apache.maven.project.MavenProject - Plugin is modifying testCompileSourceRoots through add(), which will not work in Maven 4.0.0. Use MavenProject.addTestCompileSourceRoot()/removeTestCompileSourceRoot() methods instead. If using a plugin, please upgrade to the latest version or report the issue to the plugin maintainer. To disable these warnings, set -Dmaven.project.sourceRoots.warningsDisabled=true on the command line, in the .mvn/maven.config file, or in project POM properties.
2026-10-05 12:45:02,649 [Worker-63: Building] INFO  o.a.m.s.f.DefaultMavenResourcesFiltering - Copying 0 resource from src\main\resources to target\classes
2026-10-05 12:45:02,651 [Worker-63: Building] INFO  o.a.m.s.f.DefaultMavenResourcesFiltering - Copying 0 resource from src\test\resources to target\test-classes
2026-10-05 12:45:02,651 [Worker-63: Building] WARN  o.apache.maven.project.MavenProject - Plugin is modifying compileSourceRoots through clear(), which will not work in Maven 4.0.0. Use MavenProject.addCompileSourceRoot()/removeCompileSourceRoot() methods instead. If using a plugin, please upgrade to the latest version or report the issue to the plugin maintainer. To disable these warnings, set -Dmaven.project.sourceRoots.warningsDisabled=true on the command line, in the .mvn/maven.config file, or in project POM properties.
2026-10-05 12:45:02,651 [Worker-63: Building] WARN  o.apache.maven.project.MavenProject - Plugin is modifying compileSourceRoots through add(), which will not work in Maven 4.0.0. Use MavenProject.addCompileSourceRoot()/removeCompileSourceRoot() methods instead. If using a plugin, please upgrade to the latest version or report the issue to the plugin maintainer. To disable these warnings, set -Dmaven.project.sourceRoots.warningsDisabled=true on the command line, in the .mvn/maven.config file, or in project POM properties.
2026-10-05 12:45:02,651 [Worker-63: Building] WARN  o.apache.maven.project.MavenProject - Plugin is modifying testCompileSourceRoots through clear(), which will not work in Maven 4.0.0. Use MavenProject.addTestCompileSourceRoot()/removeTestCompileSourceRoot() methods instead. If using a plugin, please upgrade to the latest version or report the issue to the plugin maintainer. To disable these warnings, set -Dmaven.project.sourceRoots.warningsDisabled=true on the command line, in the .mvn/maven.config file, or in project POM properties.
2026-10-05 12:45:02,652 [Worker-63: Building] WARN  o.apache.maven.project.MavenProject - Plugin is modifying testCompileSourceRoots through add(), which will not work in Maven 4.0.0. Use MavenProject.addTestCompileSourceRoot()/removeTestCompileSourceRoot() methods instead. If using a plugin, please upgrade to the latest version or report the issue to the plugin maintainer. To disable these warnings, set -Dmaven.project.sourceRoots.warningsDisabled=true on the command line, in the .mvn/maven.config file, or in project POM properties.
2026-10-05 12:46:19,844 [Worker-64: Building] INFO  o.a.m.s.f.DefaultMavenResourcesFiltering - Copying 0 resource from src\main\resources to target\classes
2026-10-05 12:46:19,845 [Worker-64: Building] INFO  o.a.m.s.f.DefaultMavenResourcesFiltering - Copying 0 resource from src\test\resources to target\test-classes
2026-10-05 12:46:19,845 [Worker-64: Building] WARN  o.apache.maven.project.MavenProject - Plugin is modifying compileSourceRoots through clear(), which will not work in Maven 4.0.0. Use MavenProject.addCompileSourceRoot()/removeCompileSourceRoot() methods instead. If using a plugin, please upgrade to the latest version or report the issue to the plugin maintainer. To disable these warnings, set -Dmaven.project.sourceRoots.warningsDisabled=true on the command line, in the .mvn/maven.config file, or in project POM properties.
2026-10-05 12:46:19,846 [Worker-64: Building] WARN  o.apache.maven.project.MavenProject - Plugin is modifying compileSourceRoots through add(), which will not work in Maven 4.0.0. Use MavenProject.addCompileSourceRoot()/removeCompileSourceRoot() methods instead. If using a plugin, please upgrade to the latest version or report the issue to the plugin maintainer. To disable these warnings, set -Dmaven.project.sourceRoots.warningsDisabled=true on the command line, in the .mvn/maven.config file, or in project POM properties.
2026-10-05 12:46:19,846 [Worker-64: Building] WARN  o.apache.maven.project.MavenProject - Plugin is modifying testCompileSourceRoots through clear(), which will not work in Maven 4.0.0. Use MavenProject.addTestCompileSourceRoot()/removeTestCompileSourceRoot() methods instead. If using a plugin, please upgrade to the latest version or report the issue to the plugin maintainer. To disable these warnings, set -Dmaven.project.sourceRoots.warningsDisabled=true on the command line, in the .mvn/maven.config file, or in project POM properties.
2026-10-05 12:46:19,846 [Worker-64: Building] WARN  o.apache.maven.project.MavenProject - Plugin is modifying testCompileSourceRoots through add(), which will not work in Maven 4.0.0. Use MavenProject.addTestCompileSourceRoot()/removeTestCompileSourceRoot() methods instead. If using a plugin, please upgrade to the latest version or report the issue to the plugin maintainer. To disable these warnings, set -Dmaven.project.sourceRoots.warningsDisabled=true on the command line, in the .mvn/maven.config file, or in project POM properties.
2026-10-05 12:49:27,998 [Worker-64: Building] INFO  o.a.m.s.f.DefaultMavenResourcesFiltering - Copying 0 resource from src\main\resources to target\classes
2026-10-05 12:49:28,000 [Worker-64: Building] INFO  o.a.m.s.f.DefaultMavenResourcesFiltering - Copying 0 resource from src\test\resources to target\test-classes
2026-10-05 12:49:28,000 [Worker-64: Building] WARN  o.apache.maven.project.MavenProject - Plugin is modifying compileSourceRoots through clear(), which will not work in Maven 4.0.0. Use MavenProject.addCompileSourceRoot()/removeCompileSourceRoot() methods instead. If using a plugin, please upgrade to the latest version or report the issue to the plugin maintainer. To disable these warnings, set -Dmaven.project.sourceRoots.warningsDisabled=true on the command line, in the .mvn/maven.config file, or in project POM properties.
2026-10-05 12:49:28,000 [Worker-64: Building] WARN  o.apache.maven.project.MavenProject - Plugin is modifying compileSourceRoots through add(), which will not work in Maven 4.0.0. Use MavenProject.addCompileSourceRoot()/removeCompileSourceRoot() methods instead. If using a plugin, please upgrade to the latest version or report the issue to the plugin maintainer. To disable these warnings, set -Dmaven.project.sourceRoots.warningsDisabled=true on the command line, in the .mvn/maven.config file, or in project POM properties.
2026-10-05 12:49:28,001 [Worker-64: Building] WARN  o.apache.maven.project.MavenProject - Plugin is modifying testCompileSourceRoots through clear(), which will not work in Maven 4.0.0. Use MavenProject.addTestCompileSourceRoot()/removeTestCompileSourceRoot() methods instead. If using a plugin, please upgrade to the latest version or report the issue to the plugin maintainer. To disable these warnings, set -Dmaven.project.sourceRoots.warningsDisabled=true on the command line, in the .mvn/maven.config file, or in project POM properties.
2026-10-05 12:49:28,001 [Worker-64: Building] WARN  o.apache.maven.project.MavenProject - Plugin is modifying testCompileSourceRoots through add(), which will not work in Maven 4.0.0. Use MavenProject.addTestCompileSourceRoot()/removeTestCompileSourceRoot() methods instead. If using a plugin, please upgrade to the latest version or report the issue to the plugin maintainer. To disable these warnings, set -Dmaven.project.sourceRoots.warningsDisabled=true on the command line, in the .mvn/maven.config file, or in project POM properties.
2026-10-05 12:50:58,583 [Worker-64: Building] INFO  o.a.m.s.f.DefaultMavenResourcesFiltering - Copying 0 resource from src\main\resources to target\classes
2026-10-05 12:50:58,585 [Worker-64: Building] INFO  o.a.m.s.f.DefaultMavenResourcesFiltering - Copying 0 resource from src\test\resources to target\test-classes
2026-10-05 12:50:58,586 [Worker-64: Building] WARN  o.apache.maven.project.MavenProject - Plugin is modifying compileSourceRoots through clear(), which will not work in Maven 4.0.0. Use MavenProject.addCompileSourceRoot()/removeCompileSourceRoot() methods instead. If using a plugin, please upgrade to the latest version or report the issue to the plugin maintainer. To disable these warnings, set -Dmaven.project.sourceRoots.warningsDisabled=true on the command line, in the .mvn/maven.config file, or in project POM properties.
2026-10-05 12:50:58,586 [Worker-64: Building] WARN  o.apache.maven.project.MavenProject - Plugin is modifying compileSourceRoots through add(), which will not work in Maven 4.0.0. Use MavenProject.addCompileSourceRoot()/removeCompileSourceRoot() methods instead. If using a plugin, please upgrade to the latest version or report the issue to the plugin maintainer. To disable these warnings, set -Dmaven.project.sourceRoots.warningsDisabled=true on the command line, in the .mvn/maven.config file, or in project POM properties.
2026-10-05 12:50:58,586 [Worker-64: Building] WARN  o.apache.maven.project.MavenProject - Plugin is modifying testCompileSourceRoots through clear(), which will not work in Maven 4.0.0. Use MavenProject.addTestCompileSourceRoot()/removeTestCompileSourceRoot() methods instead. If using a plugin, please upgrade to the latest version or report the issue to the plugin maintainer. To disable these warnings, set -Dmaven.project.sourceRoots.warningsDisabled=true on the command line, in the .mvn/maven.config file, or in project POM properties.
2026-10-05 12:50:58,586 [Worker-64: Building] WARN  o.apache.maven.project.MavenProject - Plugin is modifying testCompileSourceRoots through add(), which will not work in Maven 4.0.0. Use MavenProject.addTestCompileSourceRoot()/removeTestCompileSourceRoot() methods instead. If using a plugin, please upgrade to the latest version or report the issue to the plugin maintainer. To disable these warnings, set -Dmaven.project.sourceRoots.warningsDisabled=true on the command line, in the .mvn/maven.config file, or in project POM properties.
2026-10-05 12:51:17,158 [Worker-64: Building] INFO  o.a.m.s.f.DefaultMavenResourcesFiltering - Copying 0 resource from src\main\resources to target\classes
2026-10-05 12:51:17,159 [Worker-64: Building] INFO  o.a.m.s.f.DefaultMavenResourcesFiltering - Copying 0 resource from src\test\resources to target\test-classes
2026-10-05 12:51:17,159 [Worker-64: Building] WARN  o.apache.maven.project.MavenProject - Plugin is modifying compileSourceRoots through clear(), which will not work in Maven 4.0.0. Use MavenProject.addCompileSourceRoot()/removeCompileSourceRoot() methods instead. If using a plugin, please upgrade to the latest version or report the issue to the plugin maintainer. To disable these warnings, set -Dmaven.project.sourceRoots.warningsDisabled=true on the command line, in the .mvn/maven.config file, or in project POM properties.
2026-10-05 12:51:17,160 [Worker-64: Building] WARN  o.apache.maven.project.MavenProject - Plugin is modifying compileSourceRoots through add(), which will not work in Maven 4.0.0. Use MavenProject.addCompileSourceRoot()/removeCompileSourceRoot() methods instead. If using a plugin, please upgrade to the latest version or report the issue to the plugin maintainer. To disable these warnings, set -Dmaven.project.sourceRoots.warningsDisabled=true on the command line, in the .mvn/maven.config file, or in project POM properties.
2026-10-05 12:51:17,160 [Worker-64: Building] WARN  o.apache.maven.project.MavenProject - Plugin is modifying testCompileSourceRoots through clear(), which will not work in Maven 4.0.0. Use MavenProject.addTestCompileSourceRoot()/removeTestCompileSourceRoot() methods instead. If using a plugin, please upgrade to the latest version or report the issue to the plugin maintainer. To disable these warnings, set -Dmaven.project.sourceRoots.warningsDisabled=true on the command line, in the .mvn/maven.config file, or in project POM properties.
2026-10-05 12:51:17,160 [Worker-64: Building] WARN  o.apache.maven.project.MavenProject - Plugin is modifying testCompileSourceRoots through add(), which will not work in Maven 4.0.0. Use MavenProject.addTestCompileSourceRoot()/removeTestCompileSourceRoot() methods instead. If using a plugin, please upgrade to the latest version or report the issue to the plugin maintainer. To disable these warnings, set -Dmaven.project.sourceRoots.warningsDisabled=true on the command line, in the .mvn/maven.config file, or in project POM properties.
2026-10-05 12:52:13,209 [Worker-67: Building] INFO  o.a.m.s.f.DefaultMavenResourcesFiltering - Copying 0 resource from src\main\resources to target\classes
2026-10-05 12:52:13,210 [Worker-67: Building] INFO  o.a.m.s.f.DefaultMavenResourcesFiltering - Copying 0 resource from src\test\resources to target\test-classes
2026-10-05 12:52:13,210 [Worker-67: Building] WARN  o.apache.maven.project.MavenProject - Plugin is modifying compileSourceRoots through clear(), which will not work in Maven 4.0.0. Use MavenProject.addCompileSourceRoot()/removeCompileSourceRoot() methods instead. If using a plugin, please upgrade to the latest version or report the issue to the plugin maintainer. To disable these warnings, set -Dmaven.project.sourceRoots.warningsDisabled=true on the command line, in the .mvn/maven.config file, or in project POM properties.
2026-10-05 12:52:13,211 [Worker-67: Building] WARN  o.apache.maven.project.MavenProject - Plugin is modifying compileSourceRoots through add(), which will not work in Maven 4.0.0. Use MavenProject.addCompileSourceRoot()/removeCompileSourceRoot() methods instead. If using a plugin, please upgrade to the latest version or report the issue to the plugin maintainer. To disable these warnings, set -Dmaven.project.sourceRoots.warningsDisabled=true on the command line, in the .mvn/maven.config file, or in project POM properties.
2026-10-05 12:52:13,211 [Worker-67: Building] WARN  o.apache.maven.project.MavenProject - Plugin is modifying testCompileSourceRoots through clear(), which will not work in Maven 4.0.0. Use MavenProject.addTestCompileSourceRoot()/removeTestCompileSourceRoot() methods instead. If using a plugin, please upgrade to the latest version or report the issue to the plugin maintainer. To disable these warnings, set -Dmaven.project.sourceRoots.warningsDisabled=true on the command line, in the .mvn/maven.config file, or in project POM properties.
2026-10-05 12:52:13,211 [Worker-67: Building] WARN  o.apache.maven.project.MavenProject - Plugin is modifying testCompileSourceRoots through add(), which will not work in Maven 4.0.0. Use MavenProject.addTestCompileSourceRoot()/removeTestCompileSourceRoot() methods instead. If using a plugin, please upgrade to the latest version or report the issue to the plugin maintainer. To disable these warnings, set -Dmaven.project.sourceRoots.warningsDisabled=true on the command line, in the .mvn/maven.config file, or in project POM properties.
2026-10-05 12:52:24,394 [Worker-70: Building] INFO  o.a.m.s.f.DefaultMavenResourcesFiltering - Copying 0 resource from src\main\resources to target\classes
2026-10-05 12:52:24,394 [Worker-70: Building] INFO  o.a.m.s.f.DefaultMavenResourcesFiltering - Copying 0 resource from src\test\resources to target\test-classes
2026-10-05 12:52:24,395 [Worker-70: Building] WARN  o.apache.maven.project.MavenProject - Plugin is modifying compileSourceRoots through clear(), which will not work in Maven 4.0.0. Use MavenProject.addCompileSourceRoot()/removeCompileSourceRoot() methods instead. If using a plugin, please upgrade to the latest version or report the issue to the plugin maintainer. To disable these warnings, set -Dmaven.project.sourceRoots.warningsDisabled=true on the command line, in the .mvn/maven.config file, or in project POM properties.
2026-10-05 12:52:24,395 [Worker-70: Building] WARN  o.apache.maven.project.MavenProject - Plugin is modifying compileSourceRoots through add(), which will not work in Maven 4.0.0. Use MavenProject.addCompileSourceRoot()/removeCompileSourceRoot() methods instead. If using a plugin, please upgrade to the latest version or report the issue to the plugin maintainer. To disable these warnings, set -Dmaven.project.sourceRoots.warningsDisabled=true on the command line, in the .mvn/maven.config file, or in project POM properties.
2026-10-05 12:52:24,395 [Worker-70: Building] WARN  o.apache.maven.project.MavenProject - Plugin is modifying testCompileSourceRoots through clear(), which will not work in Maven 4.0.0. Use MavenProject.addTestCompileSourceRoot()/removeTestCompileSourceRoot() methods instead. If using a plugin, please upgrade to the latest version or report the issue to the plugin maintainer. To disable these warnings, set -Dmaven.project.sourceRoots.warningsDisabled=true on the command line, in the .mvn/maven.config file, or in project POM properties.
2026-10-05 12:52:24,395 [Worker-70: Building] WARN  o.apache.maven.project.MavenProject - Plugin is modifying testCompileSourceRoots through add(), which will not work in Maven 4.0.0. Use MavenProject.addTestCompileSourceRoot()/removeTestCompileSourceRoot() methods instead. If using a plugin, please upgrade to the latest version or report the issue to the plugin maintainer. To disable these warnings, set -Dmaven.project.sourceRoots.warningsDisabled=true on the command line, in the .mvn/maven.config file, or in project POM properties.
2026-10-05 12:54:12,936 [Worker-71: Building] INFO  o.a.m.s.f.DefaultMavenResourcesFiltering - Copying 0 resource from src\main\resources to target\classes
2026-10-05 12:54:12,938 [Worker-71: Building] INFO  o.a.m.s.f.DefaultMavenResourcesFiltering - Copying 0 resource from src\test\resources to target\test-classes
2026-10-05 12:54:12,938 [Worker-71: Building] WARN  o.apache.maven.project.MavenProject - Plugin is modifying compileSourceRoots through clear(), which will not work in Maven 4.0.0. Use MavenProject.addCompileSourceRoot()/removeCompileSourceRoot() methods instead. If using a plugin, please upgrade to the latest version or report the issue to the plugin maintainer. To disable these warnings, set -Dmaven.project.sourceRoots.warningsDisabled=true on the command line, in the .mvn/maven.config file, or in project POM properties.
2026-10-05 12:54:12,938 [Worker-71: Building] WARN  o.apache.maven.project.MavenProject - Plugin is modifying compileSourceRoots through add(), which will not work in Maven 4.0.0. Use MavenProject.addCompileSourceRoot()/removeCompileSourceRoot() methods instead. If using a plugin, please upgrade to the latest version or report the issue to the plugin maintainer. To disable these warnings, set -Dmaven.project.sourceRoots.warningsDisabled=true on the command line, in the .mvn/maven.config file, or in project POM properties.
2026-10-05 12:54:12,939 [Worker-71: Building] WARN  o.apache.maven.project.MavenProject - Plugin is modifying testCompileSourceRoots through clear(), which will not work in Maven 4.0.0. Use MavenProject.addTestCompileSourceRoot()/removeTestCompileSourceRoot() methods instead. If using a plugin, please upgrade to the latest version or report the issue to the plugin maintainer. To disable these warnings, set -Dmaven.project.sourceRoots.warningsDisabled=true on the command line, in the .mvn/maven.config file, or in project POM properties.
2026-10-05 12:54:12,939 [Worker-71: Building] WARN  o.apache.maven.project.MavenProject - Plugin is modifying testCompileSourceRoots through add(), which will not work in Maven 4.0.0. Use MavenProject.addTestCompileSourceRoot()/removeTestCompileSourceRoot() methods instead. If using a plugin, please upgrade to the latest version or report the issue to the plugin maintainer. To disable these warnings, set -Dmaven.project.sourceRoots.warningsDisabled=true on the command line, in the .mvn/maven.config file, or in project POM properties.
2026-10-05 12:54:24,764 [Worker-64: Building] INFO  o.a.m.s.f.DefaultMavenResourcesFiltering - Copying 0 resource from src\main\resources to target\classes
2026-10-05 12:54:24,766 [Worker-64: Building] INFO  o.a.m.s.f.DefaultMavenResourcesFiltering - Copying 0 resource from src\test\resources to target\test-classes
2026-10-05 12:54:24,766 [Worker-64: Building] WARN  o.apache.maven.project.MavenProject - Plugin is modifying compileSourceRoots through clear(), which will not work in Maven 4.0.0. Use MavenProject.addCompileSourceRoot()/removeCompileSourceRoot() methods instead. If using a plugin, please upgrade to the latest version or report the issue to the plugin maintainer. To disable these warnings, set -Dmaven.project.sourceRoots.warningsDisabled=true on the command line, in the .mvn/maven.config file, or in project POM properties.
2026-10-05 12:54:24,767 [Worker-64: Building] WARN  o.apache.maven.project.MavenProject - Plugin is modifying compileSourceRoots through add(), which will not work in Maven 4.0.0. Use MavenProject.addCompileSourceRoot()/removeCompileSourceRoot() methods instead. If using a plugin, please upgrade to the latest version or report the issue to the plugin maintainer. To disable these warnings, set -Dmaven.project.sourceRoots.warningsDisabled=true on the command line, in the .mvn/maven.config file, or in project POM properties.
2026-10-05 12:54:24,767 [Worker-64: Building] WARN  o.apache.maven.project.MavenProject - Plugin is modifying testCompileSourceRoots through clear(), which will not work in Maven 4.0.0. Use MavenProject.addTestCompileSourceRoot()/removeTestCompileSourceRoot() methods instead. If using a plugin, please upgrade to the latest version or report the issue to the plugin maintainer. To disable these warnings, set -Dmaven.project.sourceRoots.warningsDisabled=true on the command line, in the .mvn/maven.config file, or in project POM properties.
2026-10-05 12:54:24,767 [Worker-64: Building] WARN  o.apache.maven.project.MavenProject - Plugin is modifying testCompileSourceRoots through add(), which will not work in Maven 4.0.0. Use MavenProject.addTestCompileSourceRoot()/removeTestCompileSourceRoot() methods instead. If using a plugin, please upgrade to the latest version or report the issue to the plugin maintainer. To disable these warnings, set -Dmaven.project.sourceRoots.warningsDisabled=true on the command line, in the .mvn/maven.config file, or in project POM properties.
2026-10-05 12:55:39,625 [Worker-53: Building] INFO  o.a.m.s.f.DefaultMavenResourcesFiltering - Copying 0 resource from src\main\resources to target\classes
2026-10-05 12:55:39,626 [Worker-53: Building] INFO  o.a.m.s.f.DefaultMavenResourcesFiltering - Copying 0 resource from src\test\resources to target\test-classes
2026-10-05 12:55:39,626 [Worker-53: Building] WARN  o.apache.maven.project.MavenProject - Plugin is modifying compileSourceRoots through clear(), which will not work in Maven 4.0.0. Use MavenProject.addCompileSourceRoot()/removeCompileSourceRoot() methods instead. If using a plugin, please upgrade to the latest version or report the issue to the plugin maintainer. To disable these warnings, set -Dmaven.project.sourceRoots.warningsDisabled=true on the command line, in the .mvn/maven.config file, or in project POM properties.
2026-10-05 12:55:39,626 [Worker-53: Building] WARN  o.apache.maven.project.MavenProject - Plugin is modifying compileSourceRoots through add(), which will not work in Maven 4.0.0. Use MavenProject.addCompileSourceRoot()/removeCompileSourceRoot() methods instead. If using a plugin, please upgrade to the latest version or report the issue to the plugin maintainer. To disable these warnings, set -Dmaven.project.sourceRoots.warningsDisabled=true on the command line, in the .mvn/maven.config file, or in project POM properties.
2026-10-05 12:55:39,626 [Worker-53: Building] WARN  o.apache.maven.project.MavenProject - Plugin is modifying testCompileSourceRoots through clear(), which will not work in Maven 4.0.0. Use MavenProject.addTestCompileSourceRoot()/removeTestCompileSourceRoot() methods instead. If using a plugin, please upgrade to the latest version or report the issue to the plugin maintainer. To disable these warnings, set -Dmaven.project.sourceRoots.warningsDisabled=true on the command line, in the .mvn/maven.config file, or in project POM properties.
2026-10-05 12:55:39,627 [Worker-53: Building] WARN  o.apache.maven.project.MavenProject - Plugin is modifying testCompileSourceRoots through add(), which will not work in Maven 4.0.0. Use MavenProject.addTestCompileSourceRoot()/removeTestCompileSourceRoot() methods instead. If using a plugin, please upgrade to the latest version or report the issue to the plugin maintainer. To disable these warnings, set -Dmaven.project.sourceRoots.warningsDisabled=true on the command line, in the .mvn/maven.config file, or in project POM properties.
2026-10-05 12:55:57,616 [Worker-64: Building] INFO  o.a.m.s.f.DefaultMavenResourcesFiltering - Copying 0 resource from src\main\resources to target\classes
2026-10-05 12:55:57,617 [Worker-64: Building] INFO  o.a.m.s.f.DefaultMavenResourcesFiltering - Copying 0 resource from src\test\resources to target\test-classes
2026-10-05 12:55:57,617 [Worker-64: Building] WARN  o.apache.maven.project.MavenProject - Plugin is modifying compileSourceRoots through clear(), which will not work in Maven 4.0.0. Use MavenProject.addCompileSourceRoot()/removeCompileSourceRoot() methods instead. If using a plugin, please upgrade to the latest version or report the issue to the plugin maintainer. To disable these warnings, set -Dmaven.project.sourceRoots.warningsDisabled=true on the command line, in the .mvn/maven.config file, or in project POM properties.
2026-10-05 12:55:57,618 [Worker-64: Building] WARN  o.apache.maven.project.MavenProject - Plugin is modifying compileSourceRoots through add(), which will not work in Maven 4.0.0. Use MavenProject.addCompileSourceRoot()/removeCompileSourceRoot() methods instead. If using a plugin, please upgrade to the latest version or report the issue to the plugin maintainer. To disable these warnings, set -Dmaven.project.sourceRoots.warningsDisabled=true on the command line, in the .mvn/maven.config file, or in project POM properties.
2026-10-05 12:55:57,618 [Worker-64: Building] WARN  o.apache.maven.project.MavenProject - Plugin is modifying testCompileSourceRoots through clear(), which will not work in Maven 4.0.0. Use MavenProject.addTestCompileSourceRoot()/removeTestCompileSourceRoot() methods instead. If using a plugin, please upgrade to the latest version or report the issue to the plugin maintainer. To disable these warnings, set -Dmaven.project.sourceRoots.warningsDisabled=true on the command line, in the .mvn/maven.config file, or in project POM properties.
2026-10-05 12:55:57,618 [Worker-64: Building] WARN  o.apache.maven.project.MavenProject - Plugin is modifying testCompileSourceRoots through add(), which will not work in Maven 4.0.0. Use MavenProject.addTestCompileSourceRoot()/removeTestCompileSourceRoot() methods instead. If using a plugin, please upgrade to the latest version or report the issue to the plugin maintainer. To disable these warnings, set -Dmaven.project.sourceRoots.warningsDisabled=true on the command line, in the .mvn/maven.config file, or in project POM properties.
2026-10-05 12:57:00,471 [Worker-53: Building] INFO  o.a.m.s.f.DefaultMavenResourcesFiltering - Copying 0 resource from src\main\resources to target\classes
2026-10-05 12:57:00,472 [Worker-53: Building] INFO  o.a.m.s.f.DefaultMavenResourcesFiltering - Copying 0 resource from src\test\resources to target\test-classes
2026-10-05 12:57:00,472 [Worker-53: Building] WARN  o.apache.maven.project.MavenProject - Plugin is modifying compileSourceRoots through clear(), which will not work in Maven 4.0.0. Use MavenProject.addCompileSourceRoot()/removeCompileSourceRoot() methods instead. If using a plugin, please upgrade to the latest version or report the issue to the plugin maintainer. To disable these warnings, set -Dmaven.project.sourceRoots.warningsDisabled=true on the command line, in the .mvn/maven.config file, or in project POM properties.
2026-10-05 12:57:00,473 [Worker-53: Building] WARN  o.apache.maven.project.MavenProject - Plugin is modifying compileSourceRoots through add(), which will not work in Maven 4.0.0. Use MavenProject.addCompileSourceRoot()/removeCompileSourceRoot() methods instead. If using a plugin, please upgrade to the latest version or report the issue to the plugin maintainer. To disable these warnings, set -Dmaven.project.sourceRoots.warningsDisabled=true on the command line, in the .mvn/maven.config file, or in project POM properties.
2026-10-05 12:57:00,473 [Worker-53: Building] WARN  o.apache.maven.project.MavenProject - Plugin is modifying testCompileSourceRoots through clear(), which will not work in Maven 4.0.0. Use MavenProject.addTestCompileSourceRoot()/removeTestCompileSourceRoot() methods instead. If using a plugin, please upgrade to the latest version or report the issue to the plugin maintainer. To disable these warnings, set -Dmaven.project.sourceRoots.warningsDisabled=true on the command line, in the .mvn/maven.config file, or in project POM properties.
2026-10-05 12:57:00,473 [Worker-53: Building] WARN  o.apache.maven.project.MavenProject - Plugin is modifying testCompileSourceRoots through add(), which will not work in Maven 4.0.0. Use MavenProject.addTestCompileSourceRoot()/removeTestCompileSourceRoot() methods instead. If using a plugin, please upgrade to the latest version or report the issue to the plugin maintainer. To disable these warnings, set -Dmaven.project.sourceRoots.warningsDisabled=true on the command line, in the .mvn/maven.config file, or in project POM properties.
2026-10-05 12:58:10,615 [Worker-64: Building] INFO  o.a.m.s.f.DefaultMavenResourcesFiltering - Copying 0 resource from src\main\resources to target\classes
2026-10-05 12:58:10,616 [Worker-64: Building] INFO  o.a.m.s.f.DefaultMavenResourcesFiltering - Copying 0 resource from src\test\resources to target\test-classes
2026-10-05 12:58:10,617 [Worker-64: Building] WARN  o.apache.maven.project.MavenProject - Plugin is modifying compileSourceRoots through clear(), which will not work in Maven 4.0.0. Use MavenProject.addCompileSourceRoot()/removeCompileSourceRoot() methods instead. If using a plugin, please upgrade to the latest version or report the issue to the plugin maintainer. To disable these warnings, set -Dmaven.project.sourceRoots.warningsDisabled=true on the command line, in the .mvn/maven.config file, or in project POM properties.
2026-10-05 12:58:10,617 [Worker-64: Building] WARN  o.apache.maven.project.MavenProject - Plugin is modifying compileSourceRoots through add(), which will not work in Maven 4.0.0. Use MavenProject.addCompileSourceRoot()/removeCompileSourceRoot() methods instead. If using a plugin, please upgrade to the latest version or report the issue to the plugin maintainer. To disable these warnings, set -Dmaven.project.sourceRoots.warningsDisabled=true on the command line, in the .mvn/maven.config file, or in project POM properties.
2026-10-05 12:58:10,618 [Worker-64: Building] WARN  o.apache.maven.project.MavenProject - Plugin is modifying testCompileSourceRoots through clear(), which will not work in Maven 4.0.0. Use MavenProject.addTestCompileSourceRoot()/removeTestCompileSourceRoot() methods instead. If using a plugin, please upgrade to the latest version or report the issue to the plugin maintainer. To disable these warnings, set -Dmaven.project.sourceRoots.warningsDisabled=true on the command line, in the .mvn/maven.config file, or in project POM properties.
2026-10-05 12:58:10,618 [Worker-64: Building] WARN  o.apache.maven.project.MavenProject - Plugin is modifying testCompileSourceRoots through add(), which will not work in Maven 4.0.0. Use MavenProject.addTestCompileSourceRoot()/removeTestCompileSourceRoot() methods instead. If using a plugin, please upgrade to the latest version or report the issue to the plugin maintainer. To disable these warnings, set -Dmaven.project.sourceRoots.warningsDisabled=true on the command line, in the .mvn/maven.config file, or in project POM properties.
2026-10-05 12:59:43,611 [Worker-73: Building] INFO  o.a.m.s.f.DefaultMavenResourcesFiltering - Copying 0 resource from src\main\resources to target\classes
2026-10-05 12:59:43,612 [Worker-73: Building] INFO  o.a.m.s.f.DefaultMavenResourcesFiltering - Copying 0 resource from src\test\resources to target\test-classes
2026-10-05 12:59:43,613 [Worker-73: Building] WARN  o.apache.maven.project.MavenProject - Plugin is modifying compileSourceRoots through clear(), which will not work in Maven 4.0.0. Use MavenProject.addCompileSourceRoot()/removeCompileSourceRoot() methods instead. If using a plugin, please upgrade to the latest version or report the issue to the plugin maintainer. To disable these warnings, set -Dmaven.project.sourceRoots.warningsDisabled=true on the command line, in the .mvn/maven.config file, or in project POM properties.
2026-10-05 12:59:43,613 [Worker-73: Building] WARN  o.apache.maven.project.MavenProject - Plugin is modifying compileSourceRoots through add(), which will not work in Maven 4.0.0. Use MavenProject.addCompileSourceRoot()/removeCompileSourceRoot() methods instead. If using a plugin, please upgrade to the latest version or report the issue to the plugin maintainer. To disable these warnings, set -Dmaven.project.sourceRoots.warningsDisabled=true on the command line, in the .mvn/maven.config file, or in project POM properties.
2026-10-05 12:59:43,613 [Worker-73: Building] WARN  o.apache.maven.project.MavenProject - Plugin is modifying testCompileSourceRoots through clear(), which will not work in Maven 4.0.0. Use MavenProject.addTestCompileSourceRoot()/removeTestCompileSourceRoot() methods instead. If using a plugin, please upgrade to the latest version or report the issue to the plugin maintainer. To disable these warnings, set -Dmaven.project.sourceRoots.warningsDisabled=true on the command line, in the .mvn/maven.config file, or in project POM properties.
2026-10-05 12:59:43,613 [Worker-73: Building] WARN  o.apache.maven.project.MavenProject - Plugin is modifying testCompileSourceRoots through add(), which will not work in Maven 4.0.0. Use MavenProject.addTestCompileSourceRoot()/removeTestCompileSourceRoot() methods instead. If using a plugin, please upgrade to the latest version or report the issue to the plugin maintainer. To disable these warnings, set -Dmaven.project.sourceRoots.warningsDisabled=true on the command line, in the .mvn/maven.config file, or in project POM properties.
2026-10-05 12:59:47,463 [Worker-76: Building] INFO  o.a.m.s.f.DefaultMavenResourcesFiltering - Copying 0 resource from src\main\resources to target\classes
2026-10-05 12:59:47,466 [Worker-76: Building] INFO  o.a.m.s.f.DefaultMavenResourcesFiltering - Copying 0 resource from src\test\resources to target\test-classes
2026-10-05 12:59:47,466 [Worker-76: Building] WARN  o.apache.maven.project.MavenProject - Plugin is modifying compileSourceRoots through clear(), which will not work in Maven 4.0.0. Use MavenProject.addCompileSourceRoot()/removeCompileSourceRoot() methods instead. If using a plugin, please upgrade to the latest version or report the issue to the plugin maintainer. To disable these warnings, set -Dmaven.project.sourceRoots.warningsDisabled=true on the command line, in the .mvn/maven.config file, or in project POM properties.
2026-10-05 12:59:47,466 [Worker-76: Building] WARN  o.apache.maven.project.MavenProject - Plugin is modifying compileSourceRoots through add(), which will not work in Maven 4.0.0. Use MavenProject.addCompileSourceRoot()/removeCompileSourceRoot() methods instead. If using a plugin, please upgrade to the latest version or report the issue to the plugin maintainer. To disable these warnings, set -Dmaven.project.sourceRoots.warningsDisabled=true on the command line, in the .mvn/maven.config file, or in project POM properties.
2026-10-05 12:59:47,466 [Worker-76: Building] WARN  o.apache.maven.project.MavenProject - Plugin is modifying testCompileSourceRoots through clear(), which will not work in Maven 4.0.0. Use MavenProject.addTestCompileSourceRoot()/removeTestCompileSourceRoot() methods instead. If using a plugin, please upgrade to the latest version or report the issue to the plugin maintainer. To disable these warnings, set -Dmaven.project.sourceRoots.warningsDisabled=true on the command line, in the .mvn/maven.config file, or in project POM properties.
2026-10-05 12:59:47,467 [Worker-76: Building] WARN  o.apache.maven.project.MavenProject - Plugin is modifying testCompileSourceRoots through add(), which will not work in Maven 4.0.0. Use MavenProject.addTestCompileSourceRoot()/removeTestCompileSourceRoot() methods instead. If using a plugin, please upgrade to the latest version or report the issue to the plugin maintainer. To disable these warnings, set -Dmaven.project.sourceRoots.warningsDisabled=true on the command line, in the .mvn/maven.config file, or in project POM properties.
2026-10-05 13:01:11,930 [Worker-53: Building] INFO  o.a.m.s.f.DefaultMavenResourcesFiltering - Copying 0 resource from src\main\resources to target\classes
2026-10-05 13:01:11,931 [Worker-53: Building] INFO  o.a.m.s.f.DefaultMavenResourcesFiltering - Copying 0 resource from src\test\resources to target\test-classes
2026-10-05 13:01:11,931 [Worker-53: Building] WARN  o.apache.maven.project.MavenProject - Plugin is modifying compileSourceRoots through clear(), which will not work in Maven 4.0.0. Use MavenProject.addCompileSourceRoot()/removeCompileSourceRoot() methods instead. If using a plugin, please upgrade to the latest version or report the issue to the plugin maintainer. To disable these warnings, set -Dmaven.project.sourceRoots.warningsDisabled=true on the command line, in the .mvn/maven.config file, or in project POM properties.
2026-10-05 13:01:11,932 [Worker-53: Building] WARN  o.apache.maven.project.MavenProject - Plugin is modifying compileSourceRoots through add(), which will not work in Maven 4.0.0. Use MavenProject.addCompileSourceRoot()/removeCompileSourceRoot() methods instead. If using a plugin, please upgrade to the latest version or report the issue to the plugin maintainer. To disable these warnings, set -Dmaven.project.sourceRoots.warningsDisabled=true on the command line, in the .mvn/maven.config file, or in project POM properties.
2026-10-05 13:01:11,932 [Worker-53: Building] WARN  o.apache.maven.project.MavenProject - Plugin is modifying testCompileSourceRoots through clear(), which will not work in Maven 4.0.0. Use MavenProject.addTestCompileSourceRoot()/removeTestCompileSourceRoot() methods instead. If using a plugin, please upgrade to the latest version or report the issue to the plugin maintainer. To disable these warnings, set -Dmaven.project.sourceRoots.warningsDisabled=true on the command line, in the .mvn/maven.config file, or in project POM properties.
2026-10-05 13:01:11,932 [Worker-53: Building] WARN  o.apache.maven.project.MavenProject - Plugin is modifying testCompileSourceRoots through add(), which will not work in Maven 4.0.0. Use MavenProject.addTestCompileSourceRoot()/removeTestCompileSourceRoot() methods instead. If using a plugin, please upgrade to the latest version or report the issue to the plugin maintainer. To disable these warnings, set -Dmaven.project.sourceRoots.warningsDisabled=true on the command line, in the .mvn/maven.config file, or in project POM properties.
2026-10-05 13:01:59,251 [Worker-53: Building] INFO  o.a.m.s.f.DefaultMavenResourcesFiltering - Copying 0 resource from src\main\resources to target\classes
2026-10-05 13:01:59,252 [Worker-53: Building] INFO  o.a.m.s.f.DefaultMavenResourcesFiltering - Copying 0 resource from src\test\resources to target\test-classes
2026-10-05 13:01:59,252 [Worker-53: Building] WARN  o.apache.maven.project.MavenProject - Plugin is modifying compileSourceRoots through clear(), which will not work in Maven 4.0.0. Use MavenProject.addCompileSourceRoot()/removeCompileSourceRoot() methods instead. If using a plugin, please upgrade to the latest version or report the issue to the plugin maintainer. To disable these warnings, set -Dmaven.project.sourceRoots.warningsDisabled=true on the command line, in the .mvn/maven.config file, or in project POM properties.
2026-10-05 13:01:59,253 [Worker-53: Building] WARN  o.apache.maven.project.MavenProject - Plugin is modifying compileSourceRoots through add(), which will not work in Maven 4.0.0. Use MavenProject.addCompileSourceRoot()/removeCompileSourceRoot() methods instead. If using a plugin, please upgrade to the latest version or report the issue to the plugin maintainer. To disable these warnings, set -Dmaven.project.sourceRoots.warningsDisabled=true on the command line, in the .mvn/maven.config file, or in project POM properties.
2026-10-05 13:01:59,253 [Worker-53: Building] WARN  o.apache.maven.project.MavenProject - Plugin is modifying testCompileSourceRoots through clear(), which will not work in Maven 4.0.0. Use MavenProject.addTestCompileSourceRoot()/removeTestCompileSourceRoot() methods instead. If using a plugin, please upgrade to the latest version or report the issue to the plugin maintainer. To disable these warnings, set -Dmaven.project.sourceRoots.warningsDisabled=true on the command line, in the .mvn/maven.config file, or in project POM properties.
2026-10-05 13:01:59,253 [Worker-53: Building] WARN  o.apache.maven.project.MavenProject - Plugin is modifying testCompileSourceRoots through add(), which will not work in Maven 4.0.0. Use MavenProject.addTestCompileSourceRoot()/removeTestCompileSourceRoot() methods instead. If using a plugin, please upgrade to the latest version or report the issue to the plugin maintainer. To disable these warnings, set -Dmaven.project.sourceRoots.warningsDisabled=true on the command line, in the .mvn/maven.config file, or in project POM properties.
2026-10-05 13:02:25,445 [Worker-53: Building] INFO  o.a.m.s.f.DefaultMavenResourcesFiltering - Copying 0 resource from src\main\resources to target\classes
2026-10-05 13:02:25,446 [Worker-53: Building] INFO  o.a.m.s.f.DefaultMavenResourcesFiltering - Copying 0 resource from src\test\resources to target\test-classes
2026-10-05 13:02:25,447 [Worker-53: Building] WARN  o.apache.maven.project.MavenProject - Plugin is modifying compileSourceRoots through clear(), which will not work in Maven 4.0.0. Use MavenProject.addCompileSourceRoot()/removeCompileSourceRoot() methods instead. If using a plugin, please upgrade to the latest version or report the issue to the plugin maintainer. To disable these warnings, set -Dmaven.project.sourceRoots.warningsDisabled=true on the command line, in the .mvn/maven.config file, or in project POM properties.
2026-10-05 13:02:25,447 [Worker-53: Building] WARN  o.apache.maven.project.MavenProject - Plugin is modifying compileSourceRoots through add(), which will not work in Maven 4.0.0. Use MavenProject.addCompileSourceRoot()/removeCompileSourceRoot() methods instead. If using a plugin, please upgrade to the latest version or report the issue to the plugin maintainer. To disable these warnings, set -Dmaven.project.sourceRoots.warningsDisabled=true on the command line, in the .mvn/maven.config file, or in project POM properties.
2026-10-05 13:02:25,447 [Worker-53: Building] WARN  o.apache.maven.project.MavenProject - Plugin is modifying testCompileSourceRoots through clear(), which will not work in Maven 4.0.0. Use MavenProject.addTestCompileSourceRoot()/removeTestCompileSourceRoot() methods instead. If using a plugin, please upgrade to the latest version or report the issue to the plugin maintainer. To disable these warnings, set -Dmaven.project.sourceRoots.warningsDisabled=true on the command line, in the .mvn/maven.config file, or in project POM properties.
2026-10-05 13:02:25,447 [Worker-53: Building] WARN  o.apache.maven.project.MavenProject - Plugin is modifying testCompileSourceRoots through add(), which will not work in Maven 4.0.0. Use MavenProject.addTestCompileSourceRoot()/removeTestCompileSourceRoot() methods instead. If using a plugin, please upgrade to the latest version or report the issue to the plugin maintainer. To disable these warnings, set -Dmaven.project.sourceRoots.warningsDisabled=true on the command line, in the .mvn/maven.config file, or in project POM properties.
2026-10-05 13:04:30,518 [Worker-64: Building] INFO  o.a.m.s.f.DefaultMavenResourcesFiltering - Copying 0 resource from src\main\resources to target\classes
2026-10-05 13:04:30,520 [Worker-64: Building] INFO  o.a.m.s.f.DefaultMavenResourcesFiltering - Copying 0 resource from src\test\resources to target\test-classes
2026-10-05 13:04:30,520 [Worker-64: Building] WARN  o.apache.maven.project.MavenProject - Plugin is modifying compileSourceRoots through clear(), which will not work in Maven 4.0.0. Use MavenProject.addCompileSourceRoot()/removeCompileSourceRoot() methods instead. If using a plugin, please upgrade to the latest version or report the issue to the plugin maintainer. To disable these warnings, set -Dmaven.project.sourceRoots.warningsDisabled=true on the command line, in the .mvn/maven.config file, or in project POM properties.
2026-10-05 13:04:30,520 [Worker-64: Building] WARN  o.apache.maven.project.MavenProject - Plugin is modifying compileSourceRoots through add(), which will not work in Maven 4.0.0. Use MavenProject.addCompileSourceRoot()/removeCompileSourceRoot() methods instead. If using a plugin, please upgrade to the latest version or report the issue to the plugin maintainer. To disable these warnings, set -Dmaven.project.sourceRoots.warningsDisabled=true on the command line, in the .mvn/maven.config file, or in project POM properties.
2026-10-05 13:04:30,521 [Worker-64: Building] WARN  o.apache.maven.project.MavenProject - Plugin is modifying testCompileSourceRoots through clear(), which will not work in Maven 4.0.0. Use MavenProject.addTestCompileSourceRoot()/removeTestCompileSourceRoot() methods instead. If using a plugin, please upgrade to the latest version or report the issue to the plugin maintainer. To disable these warnings, set -Dmaven.project.sourceRoots.warningsDisabled=true on the command line, in the .mvn/maven.config file, or in project POM properties.
2026-10-05 13:04:30,521 [Worker-64: Building] WARN  o.apache.maven.project.MavenProject - Plugin is modifying testCompileSourceRoots through add(), which will not work in Maven 4.0.0. Use MavenProject.addTestCompileSourceRoot()/removeTestCompileSourceRoot() methods instead. If using a plugin, please upgrade to the latest version or report the issue to the plugin maintainer. To disable these warnings, set -Dmaven.project.sourceRoots.warningsDisabled=true on the command line, in the .mvn/maven.config file, or in project POM properties.
2026-10-05 13:05:26,668 [Worker-53: Building] INFO  o.a.m.s.f.DefaultMavenResourcesFiltering - Copying 0 resource from src\main\resources to target\classes
2026-10-05 13:05:26,669 [Worker-53: Building] INFO  o.a.m.s.f.DefaultMavenResourcesFiltering - Copying 0 resource from src\test\resources to target\test-classes
2026-10-05 13:05:26,669 [Worker-53: Building] WARN  o.apache.maven.project.MavenProject - Plugin is modifying compileSourceRoots through clear(), which will not work in Maven 4.0.0. Use MavenProject.addCompileSourceRoot()/removeCompileSourceRoot() methods instead. If using a plugin, please upgrade to the latest version or report the issue to the plugin maintainer. To disable these warnings, set -Dmaven.project.sourceRoots.warningsDisabled=true on the command line, in the .mvn/maven.config file, or in project POM properties.
2026-10-05 13:05:26,669 [Worker-53: Building] WARN  o.apache.maven.project.MavenProject - Plugin is modifying compileSourceRoots through add(), which will not work in Maven 4.0.0. Use MavenProject.addCompileSourceRoot()/removeCompileSourceRoot() methods instead. If using a plugin, please upgrade to the latest version or report the issue to the plugin maintainer. To disable these warnings, set -Dmaven.project.sourceRoots.warningsDisabled=true on the command line, in the .mvn/maven.config file, or in project POM properties.
2026-10-05 13:05:26,670 [Worker-53: Building] WARN  o.apache.maven.project.MavenProject - Plugin is modifying testCompileSourceRoots through clear(), which will not work in Maven 4.0.0. Use MavenProject.addTestCompileSourceRoot()/removeTestCompileSourceRoot() methods instead. If using a plugin, please upgrade to the latest version or report the issue to the plugin maintainer. To disable these warnings, set -Dmaven.project.sourceRoots.warningsDisabled=true on the command line, in the .mvn/maven.config file, or in project POM properties.
2026-10-05 13:05:26,670 [Worker-53: Building] WARN  o.apache.maven.project.MavenProject - Plugin is modifying testCompileSourceRoots through add(), which will not work in Maven 4.0.0. Use MavenProject.addTestCompileSourceRoot()/removeTestCompileSourceRoot() methods instead. If using a plugin, please upgrade to the latest version or report the issue to the plugin maintainer. To disable these warnings, set -Dmaven.project.sourceRoots.warningsDisabled=true on the command line, in the .mvn/maven.config file, or in project POM properties.
2026-10-05 13:05:39,508 [Worker-64: Building] INFO  o.a.m.s.f.DefaultMavenResourcesFiltering - Copying 0 resource from src\main\resources to target\classes
2026-10-05 13:05:39,509 [Worker-64: Building] INFO  o.a.m.s.f.DefaultMavenResourcesFiltering - Copying 0 resource from src\test\resources to target\test-classes
2026-10-05 13:05:39,509 [Worker-64: Building] WARN  o.apache.maven.project.MavenProject - Plugin is modifying compileSourceRoots through clear(), which will not work in Maven 4.0.0. Use MavenProject.addCompileSourceRoot()/removeCompileSourceRoot() methods instead. If using a plugin, please upgrade to the latest version or report the issue to the plugin maintainer. To disable these warnings, set -Dmaven.project.sourceRoots.warningsDisabled=true on the command line, in the .mvn/maven.config file, or in project POM properties.
2026-10-05 13:05:39,510 [Worker-64: Building] WARN  o.apache.maven.project.MavenProject - Plugin is modifying compileSourceRoots through add(), which will not work in Maven 4.0.0. Use MavenProject.addCompileSourceRoot()/removeCompileSourceRoot() methods instead. If using a plugin, please upgrade to the latest version or report the issue to the plugin maintainer. To disable these warnings, set -Dmaven.project.sourceRoots.warningsDisabled=true on the command line, in the .mvn/maven.config file, or in project POM properties.
2026-10-05 13:05:39,510 [Worker-64: Building] WARN  o.apache.maven.project.MavenProject - Plugin is modifying testCompileSourceRoots through clear(), which will not work in Maven 4.0.0. Use MavenProject.addTestCompileSourceRoot()/removeTestCompileSourceRoot() methods instead. If using a plugin, please upgrade to the latest version or report the issue to the plugin maintainer. To disable these warnings, set -Dmaven.project.sourceRoots.warningsDisabled=true on the command line, in the .mvn/maven.config file, or in project POM properties.
2026-10-05 13:05:39,510 [Worker-64: Building] WARN  o.apache.maven.project.MavenProject - Plugin is modifying testCompileSourceRoots through add(), which will not work in Maven 4.0.0. Use MavenProject.addTestCompileSourceRoot()/removeTestCompileSourceRoot() methods instead. If using a plugin, please upgrade to the latest version or report the issue to the plugin maintainer. To disable these warnings, set -Dmaven.project.sourceRoots.warningsDisabled=true on the command line, in the .mvn/maven.config file, or in project POM properties.
2026-10-05 13:06:55,658 [Worker-65: Building] INFO  o.a.m.s.f.DefaultMavenResourcesFiltering - Copying 0 resource from src\main\resources to target\classes
2026-10-05 13:06:55,659 [Worker-65: Building] INFO  o.a.m.s.f.DefaultMavenResourcesFiltering - Copying 0 resource from src\test\resources to target\test-classes
2026-10-05 13:06:55,660 [Worker-65: Building] WARN  o.apache.maven.project.MavenProject - Plugin is modifying compileSourceRoots through clear(), which will not work in Maven 4.0.0. Use MavenProject.addCompileSourceRoot()/removeCompileSourceRoot() methods instead. If using a plugin, please upgrade to the latest version or report the issue to the plugin maintainer. To disable these warnings, set -Dmaven.project.sourceRoots.warningsDisabled=true on the command line, in the .mvn/maven.config file, or in project POM properties.
2026-10-05 13:06:55,660 [Worker-65: Building] WARN  o.apache.maven.project.MavenProject - Plugin is modifying compileSourceRoots through add(), which will not work in Maven 4.0.0. Use MavenProject.addCompileSourceRoot()/removeCompileSourceRoot() methods instead. If using a plugin, please upgrade to the latest version or report the issue to the plugin maintainer. To disable these warnings, set -Dmaven.project.sourceRoots.warningsDisabled=true on the command line, in the .mvn/maven.config file, or in project POM properties.
2026-10-05 13:06:55,660 [Worker-65: Building] WARN  o.apache.maven.project.MavenProject - Plugin is modifying testCompileSourceRoots through clear(), which will not work in Maven 4.0.0. Use MavenProject.addTestCompileSourceRoot()/removeTestCompileSourceRoot() methods instead. If using a plugin, please upgrade to the latest version or report the issue to the plugin maintainer. To disable these warnings, set -Dmaven.project.sourceRoots.warningsDisabled=true on the command line, in the .mvn/maven.config file, or in project POM properties.
2026-10-05 13:06:55,660 [Worker-65: Building] WARN  o.apache.maven.project.MavenProject - Plugin is modifying testCompileSourceRoots through add(), which will not work in Maven 4.0.0. Use MavenProject.addTestCompileSourceRoot()/removeTestCompileSourceRoot() methods instead. If using a plugin, please upgrade to the latest version or report the issue to the plugin maintainer. To disable these warnings, set -Dmaven.project.sourceRoots.warningsDisabled=true on the command line, in the .mvn/maven.config file, or in project POM properties.
2026-10-05 13:08:17,376 [Worker-65: Building] INFO  o.a.m.s.f.DefaultMavenResourcesFiltering - Copying 0 resource from src\main\resources to target\classes
2026-10-05 13:08:17,378 [Worker-65: Building] INFO  o.a.m.s.f.DefaultMavenResourcesFiltering - Copying 0 resource from src\test\resources to target\test-classes
2026-10-05 13:08:17,378 [Worker-65: Building] WARN  o.apache.maven.project.MavenProject - Plugin is modifying compileSourceRoots through clear(), which will not work in Maven 4.0.0. Use MavenProject.addCompileSourceRoot()/removeCompileSourceRoot() methods instead. If using a plugin, please upgrade to the latest version or report the issue to the plugin maintainer. To disable these warnings, set -Dmaven.project.sourceRoots.warningsDisabled=true on the command line, in the .mvn/maven.config file, or in project POM properties.
2026-10-05 13:08:17,379 [Worker-65: Building] WARN  o.apache.maven.project.MavenProject - Plugin is modifying compileSourceRoots through add(), which will not work in Maven 4.0.0. Use MavenProject.addCompileSourceRoot()/removeCompileSourceRoot() methods instead. If using a plugin, please upgrade to the latest version or report the issue to the plugin maintainer. To disable these warnings, set -Dmaven.project.sourceRoots.warningsDisabled=true on the command line, in the .mvn/maven.config file, or in project POM properties.
2026-10-05 13:08:17,379 [Worker-65: Building] WARN  o.apache.maven.project.MavenProject - Plugin is modifying testCompileSourceRoots through clear(), which will not work in Maven 4.0.0. Use MavenProject.addTestCompileSourceRoot()/removeTestCompileSourceRoot() methods instead. If using a plugin, please upgrade to the latest version or report the issue to the plugin maintainer. To disable these warnings, set -Dmaven.project.sourceRoots.warningsDisabled=true on the command line, in the .mvn/maven.config file, or in project POM properties.
2026-10-05 13:08:17,379 [Worker-65: Building] WARN  o.apache.maven.project.MavenProject - Plugin is modifying testCompileSourceRoots through add(), which will not work in Maven 4.0.0. Use MavenProject.addTestCompileSourceRoot()/removeTestCompileSourceRoot() methods instead. If using a plugin, please upgrade to the latest version or report the issue to the plugin maintainer. To disable these warnings, set -Dmaven.project.sourceRoots.warningsDisabled=true on the command line, in the .mvn/maven.config file, or in project POM properties.
2026-10-05 13:12:58,624 [Worker-64: Building] INFO  o.a.m.s.f.DefaultMavenResourcesFiltering - Copying 0 resource from src\main\resources to target\classes
2026-10-05 13:12:58,625 [Worker-64: Building] INFO  o.a.m.s.f.DefaultMavenResourcesFiltering - Copying 0 resource from src\test\resources to target\test-classes
2026-10-05 13:12:58,625 [Worker-64: Building] WARN  o.apache.maven.project.MavenProject - Plugin is modifying compileSourceRoots through clear(), which will not work in Maven 4.0.0. Use MavenProject.addCompileSourceRoot()/removeCompileSourceRoot() methods instead. If using a plugin, please upgrade to the latest version or report the issue to the plugin maintainer. To disable these warnings, set -Dmaven.project.sourceRoots.warningsDisabled=true on the command line, in the .mvn/maven.config file, or in project POM properties.
2026-10-05 13:12:58,626 [Worker-64: Building] WARN  o.apache.maven.project.MavenProject - Plugin is modifying compileSourceRoots through add(), which will not work in Maven 4.0.0. Use MavenProject.addCompileSourceRoot()/removeCompileSourceRoot() methods instead. If using a plugin, please upgrade to the latest version or report the issue to the plugin maintainer. To disable these warnings, set -Dmaven.project.sourceRoots.warningsDisabled=true on the command line, in the .mvn/maven.config file, or in project POM properties.
2026-10-05 13:12:58,626 [Worker-64: Building] WARN  o.apache.maven.project.MavenProject - Plugin is modifying testCompileSourceRoots through clear(), which will not work in Maven 4.0.0. Use MavenProject.addTestCompileSourceRoot()/removeTestCompileSourceRoot() methods instead. If using a plugin, please upgrade to the latest version or report the issue to the plugin maintainer. To disable these warnings, set -Dmaven.project.sourceRoots.warningsDisabled=true on the command line, in the .mvn/maven.config file, or in project POM properties.
2026-10-05 13:12:58,626 [Worker-64: Building] WARN  o.apache.maven.project.MavenProject - Plugin is modifying testCompileSourceRoots through add(), which will not work in Maven 4.0.0. Use MavenProject.addTestCompileSourceRoot()/removeTestCompileSourceRoot() methods instead. If using a plugin, please upgrade to the latest version or report the issue to the plugin maintainer. To disable these warnings, set -Dmaven.project.sourceRoots.warningsDisabled=true on the command line, in the .mvn/maven.config file, or in project POM properties.
2026-10-05 13:13:37,481 [Worker-77: Building] INFO  o.a.m.s.f.DefaultMavenResourcesFiltering - Copying 0 resource from src\main\resources to target\classes
2026-10-05 13:13:37,482 [Worker-77: Building] INFO  o.a.m.s.f.DefaultMavenResourcesFiltering - Copying 0 resource from src\test\resources to target\test-classes
2026-10-05 13:13:37,482 [Worker-77: Building] WARN  o.apache.maven.project.MavenProject - Plugin is modifying compileSourceRoots through clear(), which will not work in Maven 4.0.0. Use MavenProject.addCompileSourceRoot()/removeCompileSourceRoot() methods instead. If using a plugin, please upgrade to the latest version or report the issue to the plugin maintainer. To disable these warnings, set -Dmaven.project.sourceRoots.warningsDisabled=true on the command line, in the .mvn/maven.config file, or in project POM properties.
2026-10-05 13:13:37,483 [Worker-77: Building] WARN  o.apache.maven.project.MavenProject - Plugin is modifying compileSourceRoots through add(), which will not work in Maven 4.0.0. Use MavenProject.addCompileSourceRoot()/removeCompileSourceRoot() methods instead. If using a plugin, please upgrade to the latest version or report the issue to the plugin maintainer. To disable these warnings, set -Dmaven.project.sourceRoots.warningsDisabled=true on the command line, in the .mvn/maven.config file, or in project POM properties.
2026-10-05 13:13:37,483 [Worker-77: Building] WARN  o.apache.maven.project.MavenProject - Plugin is modifying testCompileSourceRoots through clear(), which will not work in Maven 4.0.0. Use MavenProject.addTestCompileSourceRoot()/removeTestCompileSourceRoot() methods instead. If using a plugin, please upgrade to the latest version or report the issue to the plugin maintainer. To disable these warnings, set -Dmaven.project.sourceRoots.warningsDisabled=true on the command line, in the .mvn/maven.config file, or in project POM properties.
2026-10-05 13:13:37,483 [Worker-77: Building] WARN  o.apache.maven.project.MavenProject - Plugin is modifying testCompileSourceRoots through add(), which will not work in Maven 4.0.0. Use MavenProject.addTestCompileSourceRoot()/removeTestCompileSourceRoot() methods instead. If using a plugin, please upgrade to the latest version or report the issue to the plugin maintainer. To disable these warnings, set -Dmaven.project.sourceRoots.warningsDisabled=true on the command line, in the .mvn/maven.config file, or in project POM properties.
2026-10-05 13:14:51,311 [Worker-78: Building] INFO  o.a.m.s.f.DefaultMavenResourcesFiltering - Copying 0 resource from src\main\resources to target\classes
2026-10-05 13:14:51,312 [Worker-78: Building] INFO  o.a.m.s.f.DefaultMavenResourcesFiltering - Copying 0 resource from src\test\resources to target\test-classes
2026-10-05 13:14:51,312 [Worker-78: Building] WARN  o.apache.maven.project.MavenProject - Plugin is modifying compileSourceRoots through clear(), which will not work in Maven 4.0.0. Use MavenProject.addCompileSourceRoot()/removeCompileSourceRoot() methods instead. If using a plugin, please upgrade to the latest version or report the issue to the plugin maintainer. To disable these warnings, set -Dmaven.project.sourceRoots.warningsDisabled=true on the command line, in the .mvn/maven.config file, or in project POM properties.
2026-10-05 13:14:51,312 [Worker-78: Building] WARN  o.apache.maven.project.MavenProject - Plugin is modifying compileSourceRoots through add(), which will not work in Maven 4.0.0. Use MavenProject.addCompileSourceRoot()/removeCompileSourceRoot() methods instead. If using a plugin, please upgrade to the latest version or report the issue to the plugin maintainer. To disable these warnings, set -Dmaven.project.sourceRoots.warningsDisabled=true on the command line, in the .mvn/maven.config file, or in project POM properties.
2026-10-05 13:14:51,313 [Worker-78: Building] WARN  o.apache.maven.project.MavenProject - Plugin is modifying testCompileSourceRoots through clear(), which will not work in Maven 4.0.0. Use MavenProject.addTestCompileSourceRoot()/removeTestCompileSourceRoot() methods instead. If using a plugin, please upgrade to the latest version or report the issue to the plugin maintainer. To disable these warnings, set -Dmaven.project.sourceRoots.warningsDisabled=true on the command line, in the .mvn/maven.config file, or in project POM properties.
2026-10-05 13:14:51,313 [Worker-78: Building] WARN  o.apache.maven.project.MavenProject - Plugin is modifying testCompileSourceRoots through add(), which will not work in Maven 4.0.0. Use MavenProject.addTestCompileSourceRoot()/removeTestCompileSourceRoot() methods instead. If using a plugin, please upgrade to the latest version or report the issue to the plugin maintainer. To disable these warnings, set -Dmaven.project.sourceRoots.warningsDisabled=true on the command line, in the .mvn/maven.config file, or in project POM properties.
2026-10-05 13:16:05,222 [Worker-78: Building] INFO  o.a.m.s.f.DefaultMavenResourcesFiltering - Copying 0 resource from src\main\resources to target\classes
2026-10-05 13:16:05,223 [Worker-78: Building] INFO  o.a.m.s.f.DefaultMavenResourcesFiltering - Copying 0 resource from src\test\resources to target\test-classes
2026-10-05 13:16:05,223 [Worker-78: Building] WARN  o.apache.maven.project.MavenProject - Plugin is modifying compileSourceRoots through clear(), which will not work in Maven 4.0.0. Use MavenProject.addCompileSourceRoot()/removeCompileSourceRoot() methods instead. If using a plugin, please upgrade to the latest version or report the issue to the plugin maintainer. To disable these warnings, set -Dmaven.project.sourceRoots.warningsDisabled=true on the command line, in the .mvn/maven.config file, or in project POM properties.
2026-10-05 13:16:05,224 [Worker-78: Building] WARN  o.apache.maven.project.MavenProject - Plugin is modifying compileSourceRoots through add(), which will not work in Maven 4.0.0. Use MavenProject.addCompileSourceRoot()/removeCompileSourceRoot() methods instead. If using a plugin, please upgrade to the latest version or report the issue to the plugin maintainer. To disable these warnings, set -Dmaven.project.sourceRoots.warningsDisabled=true on the command line, in the .mvn/maven.config file, or in project POM properties.
2026-10-05 13:16:05,224 [Worker-78: Building] WARN  o.apache.maven.project.MavenProject - Plugin is modifying testCompileSourceRoots through clear(), which will not work in Maven 4.0.0. Use MavenProject.addTestCompileSourceRoot()/removeTestCompileSourceRoot() methods instead. If using a plugin, please upgrade to the latest version or report the issue to the plugin maintainer. To disable these warnings, set -Dmaven.project.sourceRoots.warningsDisabled=true on the command line, in the .mvn/maven.config file, or in project POM properties.
2026-10-05 13:16:05,224 [Worker-78: Building] WARN  o.apache.maven.project.MavenProject - Plugin is modifying testCompileSourceRoots through add(), which will not work in Maven 4.0.0. Use MavenProject.addTestCompileSourceRoot()/removeTestCompileSourceRoot() methods instead. If using a plugin, please upgrade to the latest version or report the issue to the plugin maintainer. To disable these warnings, set -Dmaven.project.sourceRoots.warningsDisabled=true on the command line, in the .mvn/maven.config file, or in project POM properties.
2026-10-05 13:23:16,706 [Worker-80: Building] INFO  o.a.m.s.f.DefaultMavenResourcesFiltering - Copying 0 resource from src\main\resources to target\classes
2026-10-05 13:23:16,707 [Worker-80: Building] INFO  o.a.m.s.f.DefaultMavenResourcesFiltering - Copying 0 resource from src\test\resources to target\test-classes
2026-10-05 13:23:16,708 [Worker-80: Building] WARN  o.apache.maven.project.MavenProject - Plugin is modifying compileSourceRoots through clear(), which will not work in Maven 4.0.0. Use MavenProject.addCompileSourceRoot()/removeCompileSourceRoot() methods instead. If using a plugin, please upgrade to the latest version or report the issue to the plugin maintainer. To disable these warnings, set -Dmaven.project.sourceRoots.warningsDisabled=true on the command line, in the .mvn/maven.config file, or in project POM properties.
2026-10-05 13:23:16,708 [Worker-80: Building] WARN  o.apache.maven.project.MavenProject - Plugin is modifying compileSourceRoots through add(), which will not work in Maven 4.0.0. Use MavenProject.addCompileSourceRoot()/removeCompileSourceRoot() methods instead. If using a plugin, please upgrade to the latest version or report the issue to the plugin maintainer. To disable these warnings, set -Dmaven.project.sourceRoots.warningsDisabled=true on the command line, in the .mvn/maven.config file, or in project POM properties.
2026-10-05 13:23:16,708 [Worker-80: Building] WARN  o.apache.maven.project.MavenProject - Plugin is modifying testCompileSourceRoots through clear(), which will not work in Maven 4.0.0. Use MavenProject.addTestCompileSourceRoot()/removeTestCompileSourceRoot() methods instead. If using a plugin, please upgrade to the latest version or report the issue to the plugin maintainer. To disable these warnings, set -Dmaven.project.sourceRoots.warningsDisabled=true on the command line, in the .mvn/maven.config file, or in project POM properties.
2026-10-05 13:23:16,709 [Worker-80: Building] WARN  o.apache.maven.project.MavenProject - Plugin is modifying testCompileSourceRoots through add(), which will not work in Maven 4.0.0. Use MavenProject.addTestCompileSourceRoot()/removeTestCompileSourceRoot() methods instead. If using a plugin, please upgrade to the latest version or report the issue to the plugin maintainer. To disable these warnings, set -Dmaven.project.sourceRoots.warningsDisabled=true on the command line, in the .mvn/maven.config file, or in project POM properties.
2026-10-05 13:23:58,327 [Worker-79: Building] INFO  o.a.m.s.f.DefaultMavenResourcesFiltering - Copying 0 resource from src\main\resources to target\classes
2026-10-05 13:23:58,328 [Worker-79: Building] INFO  o.a.m.s.f.DefaultMavenResourcesFiltering - Copying 0 resource from src\test\resources to target\test-classes
2026-10-05 13:23:58,335 [Worker-79: Building] WARN  o.apache.maven.project.MavenProject - Plugin is modifying compileSourceRoots through clear(), which will not work in Maven 4.0.0. Use MavenProject.addCompileSourceRoot()/removeCompileSourceRoot() methods instead. If using a plugin, please upgrade to the latest version or report the issue to the plugin maintainer. To disable these warnings, set -Dmaven.project.sourceRoots.warningsDisabled=true on the command line, in the .mvn/maven.config file, or in project POM properties.
2026-10-05 13:23:58,335 [Worker-79: Building] WARN  o.apache.maven.project.MavenProject - Plugin is modifying compileSourceRoots through add(), which will not work in Maven 4.0.0. Use MavenProject.addCompileSourceRoot()/removeCompileSourceRoot() methods instead. If using a plugin, please upgrade to the latest version or report the issue to the plugin maintainer. To disable these warnings, set -Dmaven.project.sourceRoots.warningsDisabled=true on the command line, in the .mvn/maven.config file, or in project POM properties.
2026-10-05 13:23:58,335 [Worker-79: Building] WARN  o.apache.maven.project.MavenProject - Plugin is modifying testCompileSourceRoots through clear(), which will not work in Maven 4.0.0. Use MavenProject.addTestCompileSourceRoot()/removeTestCompileSourceRoot() methods instead. If using a plugin, please upgrade to the latest version or report the issue to the plugin maintainer. To disable these warnings, set -Dmaven.project.sourceRoots.warningsDisabled=true on the command line, in the .mvn/maven.config file, or in project POM properties.
2026-10-05 13:23:58,335 [Worker-79: Building] WARN  o.apache.maven.project.MavenProject - Plugin is modifying testCompileSourceRoots through add(), which will not work in Maven 4.0.0. Use MavenProject.addTestCompileSourceRoot()/removeTestCompileSourceRoot() methods instead. If using a plugin, please upgrade to the latest version or report the issue to the plugin maintainer. To disable these warnings, set -Dmaven.project.sourceRoots.warningsDisabled=true on the command line, in the .mvn/maven.config file, or in project POM properties.
2026-10-05 13:24:08,601 [Worker-79: Building] INFO  o.a.m.s.f.DefaultMavenResourcesFiltering - Copying 0 resource from src\main\resources to target\classes
2026-10-05 13:24:08,602 [Worker-79: Building] INFO  o.a.m.s.f.DefaultMavenResourcesFiltering - Copying 0 resource from src\test\resources to target\test-classes
2026-10-05 13:24:08,602 [Worker-79: Building] WARN  o.apache.maven.project.MavenProject - Plugin is modifying compileSourceRoots through clear(), which will not work in Maven 4.0.0. Use MavenProject.addCompileSourceRoot()/removeCompileSourceRoot() methods instead. If using a plugin, please upgrade to the latest version or report the issue to the plugin maintainer. To disable these warnings, set -Dmaven.project.sourceRoots.warningsDisabled=true on the command line, in the .mvn/maven.config file, or in project POM properties.
2026-10-05 13:24:08,602 [Worker-79: Building] WARN  o.apache.maven.project.MavenProject - Plugin is modifying compileSourceRoots through add(), which will not work in Maven 4.0.0. Use MavenProject.addCompileSourceRoot()/removeCompileSourceRoot() methods instead. If using a plugin, please upgrade to the latest version or report the issue to the plugin maintainer. To disable these warnings, set -Dmaven.project.sourceRoots.warningsDisabled=true on the command line, in the .mvn/maven.config file, or in project POM properties.
2026-10-05 13:24:08,603 [Worker-79: Building] WARN  o.apache.maven.project.MavenProject - Plugin is modifying testCompileSourceRoots through clear(), which will not work in Maven 4.0.0. Use MavenProject.addTestCompileSourceRoot()/removeTestCompileSourceRoot() methods instead. If using a plugin, please upgrade to the latest version or report the issue to the plugin maintainer. To disable these warnings, set -Dmaven.project.sourceRoots.warningsDisabled=true on the command line, in the .mvn/maven.config file, or in project POM properties.
2026-10-05 13:24:08,603 [Worker-79: Building] WARN  o.apache.maven.project.MavenProject - Plugin is modifying testCompileSourceRoots through add(), which will not work in Maven 4.0.0. Use MavenProject.addTestCompileSourceRoot()/removeTestCompileSourceRoot() methods instead. If using a plugin, please upgrade to the latest version or report the issue to the plugin maintainer. To disable these warnings, set -Dmaven.project.sourceRoots.warningsDisabled=true on the command line, in the .mvn/maven.config file, or in project POM properties.
2026-10-05 13:26:49,566 [Worker-81: Building] INFO  o.a.m.s.f.DefaultMavenResourcesFiltering - Copying 0 resource from src\main\resources to target\classes
2026-10-05 13:26:49,567 [Worker-81: Building] INFO  o.a.m.s.f.DefaultMavenResourcesFiltering - Copying 0 resource from src\test\resources to target\test-classes
2026-10-05 13:26:49,568 [Worker-81: Building] WARN  o.apache.maven.project.MavenProject - Plugin is modifying compileSourceRoots through clear(), which will not work in Maven 4.0.0. Use MavenProject.addCompileSourceRoot()/removeCompileSourceRoot() methods instead. If using a plugin, please upgrade to the latest version or report the issue to the plugin maintainer. To disable these warnings, set -Dmaven.project.sourceRoots.warningsDisabled=true on the command line, in the .mvn/maven.config file, or in project POM properties.
2026-10-05 13:26:49,569 [Worker-81: Building] WARN  o.apache.maven.project.MavenProject - Plugin is modifying compileSourceRoots through add(), which will not work in Maven 4.0.0. Use MavenProject.addCompileSourceRoot()/removeCompileSourceRoot() methods instead. If using a plugin, please upgrade to the latest version or report the issue to the plugin maintainer. To disable these warnings, set -Dmaven.project.sourceRoots.warningsDisabled=true on the command line, in the .mvn/maven.config file, or in project POM properties.
2026-10-05 13:26:49,569 [Worker-81: Building] WARN  o.apache.maven.project.MavenProject - Plugin is modifying testCompileSourceRoots through clear(), which will not work in Maven 4.0.0. Use MavenProject.addTestCompileSourceRoot()/removeTestCompileSourceRoot() methods instead. If using a plugin, please upgrade to the latest version or report the issue to the plugin maintainer. To disable these warnings, set -Dmaven.project.sourceRoots.warningsDisabled=true on the command line, in the .mvn/maven.config file, or in project POM properties.
2026-10-05 13:26:49,569 [Worker-81: Building] WARN  o.apache.maven.project.MavenProject - Plugin is modifying testCompileSourceRoots through add(), which will not work in Maven 4.0.0. Use MavenProject.addTestCompileSourceRoot()/removeTestCompileSourceRoot() methods instead. If using a plugin, please upgrade to the latest version or report the issue to the plugin maintainer. To disable these warnings, set -Dmaven.project.sourceRoots.warningsDisabled=true on the command line, in the .mvn/maven.config file, or in project POM properties.
2026-10-05 13:27:25,102 [Worker-81: Building] INFO  o.a.m.s.f.DefaultMavenResourcesFiltering - Copying 0 resource from src\main\resources to target\classes
2026-10-05 13:27:25,103 [Worker-81: Building] INFO  o.a.m.s.f.DefaultMavenResourcesFiltering - Copying 0 resource from src\test\resources to target\test-classes
2026-10-05 13:27:25,103 [Worker-81: Building] WARN  o.apache.maven.project.MavenProject - Plugin is modifying compileSourceRoots through clear(), which will not work in Maven 4.0.0. Use MavenProject.addCompileSourceRoot()/removeCompileSourceRoot() methods instead. If using a plugin, please upgrade to the latest version or report the issue to the plugin maintainer. To disable these warnings, set -Dmaven.project.sourceRoots.warningsDisabled=true on the command line, in the .mvn/maven.config file, or in project POM properties.
2026-10-05 13:27:25,104 [Worker-81: Building] WARN  o.apache.maven.project.MavenProject - Plugin is modifying compileSourceRoots through add(), which will not work in Maven 4.0.0. Use MavenProject.addCompileSourceRoot()/removeCompileSourceRoot() methods instead. If using a plugin, please upgrade to the latest version or report the issue to the plugin maintainer. To disable these warnings, set -Dmaven.project.sourceRoots.warningsDisabled=true on the command line, in the .mvn/maven.config file, or in project POM properties.
2026-10-05 13:27:25,104 [Worker-81: Building] WARN  o.apache.maven.project.MavenProject - Plugin is modifying testCompileSourceRoots through clear(), which will not work in Maven 4.0.0. Use MavenProject.addTestCompileSourceRoot()/removeTestCompileSourceRoot() methods instead. If using a plugin, please upgrade to the latest version or report the issue to the plugin maintainer. To disable these warnings, set -Dmaven.project.sourceRoots.warningsDisabled=true on the command line, in the .mvn/maven.config file, or in project POM properties.
2026-10-05 13:27:25,104 [Worker-81: Building] WARN  o.apache.maven.project.MavenProject - Plugin is modifying testCompileSourceRoots through add(), which will not work in Maven 4.0.0. Use MavenProject.addTestCompileSourceRoot()/removeTestCompileSourceRoot() methods instead. If using a plugin, please upgrade to the latest version or report the issue to the plugin maintainer. To disable these warnings, set -Dmaven.project.sourceRoots.warningsDisabled=true on the command line, in the .mvn/maven.config file, or in project POM properties.
2026-10-05 13:27:59,347 [Worker-87: Building] INFO  o.a.m.s.f.DefaultMavenResourcesFiltering - Copying 0 resource from src\main\resources to target\classes
2026-10-05 13:27:59,348 [Worker-87: Building] INFO  o.a.m.s.f.DefaultMavenResourcesFiltering - Copying 0 resource from src\test\resources to target\test-classes
2026-10-05 13:27:59,348 [Worker-87: Building] WARN  o.apache.maven.project.MavenProject - Plugin is modifying compileSourceRoots through clear(), which will not work in Maven 4.0.0. Use MavenProject.addCompileSourceRoot()/removeCompileSourceRoot() methods instead. If using a plugin, please upgrade to the latest version or report the issue to the plugin maintainer. To disable these warnings, set -Dmaven.project.sourceRoots.warningsDisabled=true on the command line, in the .mvn/maven.config file, or in project POM properties.
2026-10-05 13:27:59,349 [Worker-87: Building] WARN  o.apache.maven.project.MavenProject - Plugin is modifying compileSourceRoots through add(), which will not work in Maven 4.0.0. Use MavenProject.addCompileSourceRoot()/removeCompileSourceRoot() methods instead. If using a plugin, please upgrade to the latest version or report the issue to the plugin maintainer. To disable these warnings, set -Dmaven.project.sourceRoots.warningsDisabled=true on the command line, in the .mvn/maven.config file, or in project POM properties.
2026-10-05 13:27:59,349 [Worker-87: Building] WARN  o.apache.maven.project.MavenProject - Plugin is modifying testCompileSourceRoots through clear(), which will not work in Maven 4.0.0. Use MavenProject.addTestCompileSourceRoot()/removeTestCompileSourceRoot() methods instead. If using a plugin, please upgrade to the latest version or report the issue to the plugin maintainer. To disable these warnings, set -Dmaven.project.sourceRoots.warningsDisabled=true on the command line, in the .mvn/maven.config file, or in project POM properties.
2026-10-05 13:27:59,349 [Worker-87: Building] WARN  o.apache.maven.project.MavenProject - Plugin is modifying testCompileSourceRoots through add(), which will not work in Maven 4.0.0. Use MavenProject.addTestCompileSourceRoot()/removeTestCompileSourceRoot() methods instead. If using a plugin, please upgrade to the latest version or report the issue to the plugin maintainer. To disable these warnings, set -Dmaven.project.sourceRoots.warningsDisabled=true on the command line, in the .mvn/maven.config file, or in project POM properties.
2026-10-05 13:32:11,730 [Worker-88: Building] INFO  o.a.m.s.f.DefaultMavenResourcesFiltering - Copying 0 resource from src\main\resources to target\classes
2026-10-05 13:32:11,731 [Worker-88: Building] INFO  o.a.m.s.f.DefaultMavenResourcesFiltering - Copying 0 resource from src\test\resources to target\test-classes
2026-10-05 13:32:11,732 [Worker-88: Building] WARN  o.apache.maven.project.MavenProject - Plugin is modifying compileSourceRoots through clear(), which will not work in Maven 4.0.0. Use MavenProject.addCompileSourceRoot()/removeCompileSourceRoot() methods instead. If using a plugin, please upgrade to the latest version or report the issue to the plugin maintainer. To disable these warnings, set -Dmaven.project.sourceRoots.warningsDisabled=true on the command line, in the .mvn/maven.config file, or in project POM properties.
2026-10-05 13:32:11,732 [Worker-88: Building] WARN  o.apache.maven.project.MavenProject - Plugin is modifying compileSourceRoots through add(), which will not work in Maven 4.0.0. Use MavenProject.addCompileSourceRoot()/removeCompileSourceRoot() methods instead. If using a plugin, please upgrade to the latest version or report the issue to the plugin maintainer. To disable these warnings, set -Dmaven.project.sourceRoots.warningsDisabled=true on the command line, in the .mvn/maven.config file, or in project POM properties.
2026-10-05 13:32:11,732 [Worker-88: Building] WARN  o.apache.maven.project.MavenProject - Plugin is modifying testCompileSourceRoots through clear(), which will not work in Maven 4.0.0. Use MavenProject.addTestCompileSourceRoot()/removeTestCompileSourceRoot() methods instead. If using a plugin, please upgrade to the latest version or report the issue to the plugin maintainer. To disable these warnings, set -Dmaven.project.sourceRoots.warningsDisabled=true on the command line, in the .mvn/maven.config file, or in project POM properties.
2026-10-05 13:32:11,732 [Worker-88: Building] WARN  o.apache.maven.project.MavenProject - Plugin is modifying testCompileSourceRoots through add(), which will not work in Maven 4.0.0. Use MavenProject.addTestCompileSourceRoot()/removeTestCompileSourceRoot() methods instead. If using a plugin, please upgrade to the latest version or report the issue to the plugin maintainer. To disable these warnings, set -Dmaven.project.sourceRoots.warningsDisabled=true on the command line, in the .mvn/maven.config file, or in project POM properties.
2026-10-05 13:32:14,128 [Worker-87: Building] INFO  o.a.m.s.f.DefaultMavenResourcesFiltering - Copying 0 resource from src\main\resources to target\classes
2026-10-05 13:32:14,129 [Worker-87: Building] INFO  o.a.m.s.f.DefaultMavenResourcesFiltering - Copying 0 resource from src\test\resources to target\test-classes
2026-10-05 13:32:14,130 [Worker-87: Building] WARN  o.apache.maven.project.MavenProject - Plugin is modifying compileSourceRoots through clear(), which will not work in Maven 4.0.0. Use MavenProject.addCompileSourceRoot()/removeCompileSourceRoot() methods instead. If using a plugin, please upgrade to the latest version or report the issue to the plugin maintainer. To disable these warnings, set -Dmaven.project.sourceRoots.warningsDisabled=true on the command line, in the .mvn/maven.config file, or in project POM properties.
2026-10-05 13:32:14,130 [Worker-87: Building] WARN  o.apache.maven.project.MavenProject - Plugin is modifying compileSourceRoots through add(), which will not work in Maven 4.0.0. Use MavenProject.addCompileSourceRoot()/removeCompileSourceRoot() methods instead. If using a plugin, please upgrade to the latest version or report the issue to the plugin maintainer. To disable these warnings, set -Dmaven.project.sourceRoots.warningsDisabled=true on the command line, in the .mvn/maven.config file, or in project POM properties.
2026-10-05 13:32:14,130 [Worker-87: Building] WARN  o.apache.maven.project.MavenProject - Plugin is modifying testCompileSourceRoots through clear(), which will not work in Maven 4.0.0. Use MavenProject.addTestCompileSourceRoot()/removeTestCompileSourceRoot() methods instead. If using a plugin, please upgrade to the latest version or report the issue to the plugin maintainer. To disable these warnings, set -Dmaven.project.sourceRoots.warningsDisabled=true on the command line, in the .mvn/maven.config file, or in project POM properties.
2026-10-05 13:32:14,130 [Worker-87: Building] WARN  o.apache.maven.project.MavenProject - Plugin is modifying testCompileSourceRoots through add(), which will not work in Maven 4.0.0. Use MavenProject.addTestCompileSourceRoot()/removeTestCompileSourceRoot() methods instead. If using a plugin, please upgrade to the latest version or report the issue to the plugin maintainer. To disable these warnings, set -Dmaven.project.sourceRoots.warningsDisabled=true on the command line, in the .mvn/maven.config file, or in project POM properties.
2026-10-05 13:35:35,263 [Worker-90: Building] INFO  o.a.m.s.f.DefaultMavenResourcesFiltering - Copying 0 resource from src\main\resources to target\classes
2026-10-05 13:35:35,265 [Worker-90: Building] INFO  o.a.m.s.f.DefaultMavenResourcesFiltering - Copying 0 resource from src\test\resources to target\test-classes
2026-10-05 13:35:35,265 [Worker-90: Building] WARN  o.apache.maven.project.MavenProject - Plugin is modifying compileSourceRoots through clear(), which will not work in Maven 4.0.0. Use MavenProject.addCompileSourceRoot()/removeCompileSourceRoot() methods instead. If using a plugin, please upgrade to the latest version or report the issue to the plugin maintainer. To disable these warnings, set -Dmaven.project.sourceRoots.warningsDisabled=true on the command line, in the .mvn/maven.config file, or in project POM properties.
2026-10-05 13:35:35,265 [Worker-90: Building] WARN  o.apache.maven.project.MavenProject - Plugin is modifying compileSourceRoots through add(), which will not work in Maven 4.0.0. Use MavenProject.addCompileSourceRoot()/removeCompileSourceRoot() methods instead. If using a plugin, please upgrade to the latest version or report the issue to the plugin maintainer. To disable these warnings, set -Dmaven.project.sourceRoots.warningsDisabled=true on the command line, in the .mvn/maven.config file, or in project POM properties.
2026-10-05 13:35:35,266 [Worker-90: Building] WARN  o.apache.maven.project.MavenProject - Plugin is modifying testCompileSourceRoots through clear(), which will not work in Maven 4.0.0. Use MavenProject.addTestCompileSourceRoot()/removeTestCompileSourceRoot() methods instead. If using a plugin, please upgrade to the latest version or report the issue to the plugin maintainer. To disable these warnings, set -Dmaven.project.sourceRoots.warningsDisabled=true on the command line, in the .mvn/maven.config file, or in project POM properties.
2026-10-05 13:35:35,266 [Worker-90: Building] WARN  o.apache.maven.project.MavenProject - Plugin is modifying testCompileSourceRoots through add(), which will not work in Maven 4.0.0. Use MavenProject.addTestCompileSourceRoot()/removeTestCompileSourceRoot() methods instead. If using a plugin, please upgrade to the latest version or report the issue to the plugin maintainer. To disable these warnings, set -Dmaven.project.sourceRoots.warningsDisabled=true on the command line, in the .mvn/maven.config file, or in project POM properties.
2026-10-05 13:38:29,095 [Worker-83: Building] INFO  o.a.m.s.f.DefaultMavenResourcesFiltering - Copying 0 resource from src\main\resources to target\classes
2026-10-05 13:38:29,097 [Worker-83: Building] INFO  o.a.m.s.f.DefaultMavenResourcesFiltering - Copying 0 resource from src\test\resources to target\test-classes
2026-10-05 13:38:29,097 [Worker-83: Building] WARN  o.apache.maven.project.MavenProject - Plugin is modifying compileSourceRoots through clear(), which will not work in Maven 4.0.0. Use MavenProject.addCompileSourceRoot()/removeCompileSourceRoot() methods instead. If using a plugin, please upgrade to the latest version or report the issue to the plugin maintainer. To disable these warnings, set -Dmaven.project.sourceRoots.warningsDisabled=true on the command line, in the .mvn/maven.config file, or in project POM properties.
2026-10-05 13:38:29,098 [Worker-83: Building] WARN  o.apache.maven.project.MavenProject - Plugin is modifying compileSourceRoots through add(), which will not work in Maven 4.0.0. Use MavenProject.addCompileSourceRoot()/removeCompileSourceRoot() methods instead. If using a plugin, please upgrade to the latest version or report the issue to the plugin maintainer. To disable these warnings, set -Dmaven.project.sourceRoots.warningsDisabled=true on the command line, in the .mvn/maven.config file, or in project POM properties.
2026-10-05 13:38:29,098 [Worker-83: Building] WARN  o.apache.maven.project.MavenProject - Plugin is modifying testCompileSourceRoots through clear(), which will not work in Maven 4.0.0. Use MavenProject.addTestCompileSourceRoot()/removeTestCompileSourceRoot() methods instead. If using a plugin, please upgrade to the latest version or report the issue to the plugin maintainer. To disable these warnings, set -Dmaven.project.sourceRoots.warningsDisabled=true on the command line, in the .mvn/maven.config file, or in project POM properties.
2026-10-05 13:38:29,098 [Worker-83: Building] WARN  o.apache.maven.project.MavenProject - Plugin is modifying testCompileSourceRoots through add(), which will not work in Maven 4.0.0. Use MavenProject.addTestCompileSourceRoot()/removeTestCompileSourceRoot() methods instead. If using a plugin, please upgrade to the latest version or report the issue to the plugin maintainer. To disable these warnings, set -Dmaven.project.sourceRoots.warningsDisabled=true on the command line, in the .mvn/maven.config file, or in project POM properties.
2026-10-05 13:39:39,664 [Worker-90: Building] INFO  o.a.m.s.f.DefaultMavenResourcesFiltering - Copying 0 resource from src\main\resources to target\classes
2026-10-05 13:39:39,665 [Worker-90: Building] INFO  o.a.m.s.f.DefaultMavenResourcesFiltering - Copying 0 resource from src\test\resources to target\test-classes
2026-10-05 13:39:39,666 [Worker-90: Building] WARN  o.apache.maven.project.MavenProject - Plugin is modifying compileSourceRoots through clear(), which will not work in Maven 4.0.0. Use MavenProject.addCompileSourceRoot()/removeCompileSourceRoot() methods instead. If using a plugin, please upgrade to the latest version or report the issue to the plugin maintainer. To disable these warnings, set -Dmaven.project.sourceRoots.warningsDisabled=true on the command line, in the .mvn/maven.config file, or in project POM properties.
2026-10-05 13:39:39,666 [Worker-90: Building] WARN  o.apache.maven.project.MavenProject - Plugin is modifying compileSourceRoots through add(), which will not work in Maven 4.0.0. Use MavenProject.addCompileSourceRoot()/removeCompileSourceRoot() methods instead. If using a plugin, please upgrade to the latest version or report the issue to the plugin maintainer. To disable these warnings, set -Dmaven.project.sourceRoots.warningsDisabled=true on the command line, in the .mvn/maven.config file, or in project POM properties.
2026-10-05 13:39:39,666 [Worker-90: Building] WARN  o.apache.maven.project.MavenProject - Plugin is modifying testCompileSourceRoots through clear(), which will not work in Maven 4.0.0. Use MavenProject.addTestCompileSourceRoot()/removeTestCompileSourceRoot() methods instead. If using a plugin, please upgrade to the latest version or report the issue to the plugin maintainer. To disable these warnings, set -Dmaven.project.sourceRoots.warningsDisabled=true on the command line, in the .mvn/maven.config file, or in project POM properties.
2026-10-05 13:39:39,666 [Worker-90: Building] WARN  o.apache.maven.project.MavenProject - Plugin is modifying testCompileSourceRoots through add(), which will not work in Maven 4.0.0. Use MavenProject.addTestCompileSourceRoot()/removeTestCompileSourceRoot() methods instead. If using a plugin, please upgrade to the latest version or report the issue to the plugin maintainer. To disable these warnings, set -Dmaven.project.sourceRoots.warningsDisabled=true on the command line, in the .mvn/maven.config file, or in project POM properties.
2026-10-05 13:41:53,858 [Worker-90: Building] INFO  o.a.m.s.f.DefaultMavenResourcesFiltering - Copying 0 resource from src\main\resources to target\classes
2026-10-05 13:41:53,860 [Worker-90: Building] INFO  o.a.m.s.f.DefaultMavenResourcesFiltering - Copying 0 resource from src\test\resources to target\test-classes
2026-10-05 13:41:53,860 [Worker-90: Building] WARN  o.apache.maven.project.MavenProject - Plugin is modifying compileSourceRoots through clear(), which will not work in Maven 4.0.0. Use MavenProject.addCompileSourceRoot()/removeCompileSourceRoot() methods instead. If using a plugin, please upgrade to the latest version or report the issue to the plugin maintainer. To disable these warnings, set -Dmaven.project.sourceRoots.warningsDisabled=true on the command line, in the .mvn/maven.config file, or in project POM properties.
2026-10-05 13:41:53,860 [Worker-90: Building] WARN  o.apache.maven.project.MavenProject - Plugin is modifying compileSourceRoots through add(), which will not work in Maven 4.0.0. Use MavenProject.addCompileSourceRoot()/removeCompileSourceRoot() methods instead. If using a plugin, please upgrade to the latest version or report the issue to the plugin maintainer. To disable these warnings, set -Dmaven.project.sourceRoots.warningsDisabled=true on the command line, in the .mvn/maven.config file, or in project POM properties.
2026-10-05 13:41:53,861 [Worker-90: Building] WARN  o.apache.maven.project.MavenProject - Plugin is modifying testCompileSourceRoots through clear(), which will not work in Maven 4.0.0. Use MavenProject.addTestCompileSourceRoot()/removeTestCompileSourceRoot() methods instead. If using a plugin, please upgrade to the latest version or report the issue to the plugin maintainer. To disable these warnings, set -Dmaven.project.sourceRoots.warningsDisabled=true on the command line, in the .mvn/maven.config file, or in project POM properties.
2026-10-05 13:41:53,861 [Worker-90: Building] WARN  o.apache.maven.project.MavenProject - Plugin is modifying testCompileSourceRoots through add(), which will not work in Maven 4.0.0. Use MavenProject.addTestCompileSourceRoot()/removeTestCompileSourceRoot() methods instead. If using a plugin, please upgrade to the latest version or report the issue to the plugin maintainer. To disable these warnings, set -Dmaven.project.sourceRoots.warningsDisabled=true on the command line, in the .mvn/maven.config file, or in project POM properties.
2026-10-05 13:42:54,734 [Worker-89: Building] INFO  o.a.m.s.f.DefaultMavenResourcesFiltering - Copying 0 resource from src\main\resources to target\classes
2026-10-05 13:42:54,736 [Worker-89: Building] INFO  o.a.m.s.f.DefaultMavenResourcesFiltering - Copying 0 resource from src\test\resources to target\test-classes
2026-10-05 13:42:54,736 [Worker-89: Building] WARN  o.apache.maven.project.MavenProject - Plugin is modifying compileSourceRoots through clear(), which will not work in Maven 4.0.0. Use MavenProject.addCompileSourceRoot()/removeCompileSourceRoot() methods instead. If using a plugin, please upgrade to the latest version or report the issue to the plugin maintainer. To disable these warnings, set -Dmaven.project.sourceRoots.warningsDisabled=true on the command line, in the .mvn/maven.config file, or in project POM properties.
2026-10-05 13:42:54,736 [Worker-89: Building] WARN  o.apache.maven.project.MavenProject - Plugin is modifying compileSourceRoots through add(), which will not work in Maven 4.0.0. Use MavenProject.addCompileSourceRoot()/removeCompileSourceRoot() methods instead. If using a plugin, please upgrade to the latest version or report the issue to the plugin maintainer. To disable these warnings, set -Dmaven.project.sourceRoots.warningsDisabled=true on the command line, in the .mvn/maven.config file, or in project POM properties.
2026-10-05 13:42:54,737 [Worker-89: Building] WARN  o.apache.maven.project.MavenProject - Plugin is modifying testCompileSourceRoots through clear(), which will not work in Maven 4.0.0. Use MavenProject.addTestCompileSourceRoot()/removeTestCompileSourceRoot() methods instead. If using a plugin, please upgrade to the latest version or report the issue to the plugin maintainer. To disable these warnings, set -Dmaven.project.sourceRoots.warningsDisabled=true on the command line, in the .mvn/maven.config file, or in project POM properties.
2026-10-05 13:42:54,737 [Worker-89: Building] WARN  o.apache.maven.project.MavenProject - Plugin is modifying testCompileSourceRoots through add(), which will not work in Maven 4.0.0. Use MavenProject.addTestCompileSourceRoot()/removeTestCompileSourceRoot() methods instead. If using a plugin, please upgrade to the latest version or report the issue to the plugin maintainer. To disable these warnings, set -Dmaven.project.sourceRoots.warningsDisabled=true on the command line, in the .mvn/maven.config file, or in project POM properties.
2026-10-05 13:43:26,222 [Worker-86: Building] INFO  o.a.m.s.f.DefaultMavenResourcesFiltering - Copying 0 resource from src\main\resources to target\classes
2026-10-05 13:43:26,223 [Worker-86: Building] INFO  o.a.m.s.f.DefaultMavenResourcesFiltering - Copying 0 resource from src\test\resources to target\test-classes
2026-10-05 13:43:26,224 [Worker-86: Building] WARN  o.apache.maven.project.MavenProject - Plugin is modifying compileSourceRoots through clear(), which will not work in Maven 4.0.0. Use MavenProject.addCompileSourceRoot()/removeCompileSourceRoot() methods instead. If using a plugin, please upgrade to the latest version or report the issue to the plugin maintainer. To disable these warnings, set -Dmaven.project.sourceRoots.warningsDisabled=true on the command line, in the .mvn/maven.config file, or in project POM properties.
2026-10-05 13:43:26,224 [Worker-86: Building] WARN  o.apache.maven.project.MavenProject - Plugin is modifying compileSourceRoots through add(), which will not work in Maven 4.0.0. Use MavenProject.addCompileSourceRoot()/removeCompileSourceRoot() methods instead. If using a plugin, please upgrade to the latest version or report the issue to the plugin maintainer. To disable these warnings, set -Dmaven.project.sourceRoots.warningsDisabled=true on the command line, in the .mvn/maven.config file, or in project POM properties.
2026-10-05 13:43:26,224 [Worker-86: Building] WARN  o.apache.maven.project.MavenProject - Plugin is modifying testCompileSourceRoots through clear(), which will not work in Maven 4.0.0. Use MavenProject.addTestCompileSourceRoot()/removeTestCompileSourceRoot() methods instead. If using a plugin, please upgrade to the latest version or report the issue to the plugin maintainer. To disable these warnings, set -Dmaven.project.sourceRoots.warningsDisabled=true on the command line, in the .mvn/maven.config file, or in project POM properties.
2026-10-05 13:43:26,224 [Worker-86: Building] WARN  o.apache.maven.project.MavenProject - Plugin is modifying testCompileSourceRoots through add(), which will not work in Maven 4.0.0. Use MavenProject.addTestCompileSourceRoot()/removeTestCompileSourceRoot() methods instead. If using a plugin, please upgrade to the latest version or report the issue to the plugin maintainer. To disable these warnings, set -Dmaven.project.sourceRoots.warningsDisabled=true on the command line, in the .mvn/maven.config file, or in project POM properties.
2026-10-05 13:44:01,624 [Worker-93: Building] INFO  o.a.m.s.f.DefaultMavenResourcesFiltering - Copying 0 resource from src\main\resources to target\classes
2026-10-05 13:44:01,625 [Worker-93: Building] INFO  o.a.m.s.f.DefaultMavenResourcesFiltering - Copying 0 resource from src\test\resources to target\test-classes
2026-10-05 13:44:01,625 [Worker-93: Building] WARN  o.apache.maven.project.MavenProject - Plugin is modifying compileSourceRoots through clear(), which will not work in Maven 4.0.0. Use MavenProject.addCompileSourceRoot()/removeCompileSourceRoot() methods instead. If using a plugin, please upgrade to the latest version or report the issue to the plugin maintainer. To disable these warnings, set -Dmaven.project.sourceRoots.warningsDisabled=true on the command line, in the .mvn/maven.config file, or in project POM properties.
2026-10-05 13:44:01,626 [Worker-93: Building] WARN  o.apache.maven.project.MavenProject - Plugin is modifying compileSourceRoots through add(), which will not work in Maven 4.0.0. Use MavenProject.addCompileSourceRoot()/removeCompileSourceRoot() methods instead. If using a plugin, please upgrade to the latest version or report the issue to the plugin maintainer. To disable these warnings, set -Dmaven.project.sourceRoots.warningsDisabled=true on the command line, in the .mvn/maven.config file, or in project POM properties.
2026-10-05 13:44:01,626 [Worker-93: Building] WARN  o.apache.maven.project.MavenProject - Plugin is modifying testCompileSourceRoots through clear(), which will not work in Maven 4.0.0. Use MavenProject.addTestCompileSourceRoot()/removeTestCompileSourceRoot() methods instead. If using a plugin, please upgrade to the latest version or report the issue to the plugin maintainer. To disable these warnings, set -Dmaven.project.sourceRoots.warningsDisabled=true on the command line, in the .mvn/maven.config file, or in project POM properties.
2026-10-05 13:44:01,626 [Worker-93: Building] WARN  o.apache.maven.project.MavenProject - Plugin is modifying testCompileSourceRoots through add(), which will not work in Maven 4.0.0. Use MavenProject.addTestCompileSourceRoot()/removeTestCompileSourceRoot() methods instead. If using a plugin, please upgrade to the latest version or report the issue to the plugin maintainer. To disable these warnings, set -Dmaven.project.sourceRoots.warningsDisabled=true on the command line, in the .mvn/maven.config file, or in project POM properties.
2026-10-05 13:44:15,298 [Worker-89: Building] INFO  o.a.m.s.f.DefaultMavenResourcesFiltering - Copying 0 resource from src\main\resources to target\classes
2026-10-05 13:44:15,299 [Worker-89: Building] INFO  o.a.m.s.f.DefaultMavenResourcesFiltering - Copying 0 resource from src\test\resources to target\test-classes
2026-10-05 13:44:15,299 [Worker-89: Building] WARN  o.apache.maven.project.MavenProject - Plugin is modifying compileSourceRoots through clear(), which will not work in Maven 4.0.0. Use MavenProject.addCompileSourceRoot()/removeCompileSourceRoot() methods instead. If using a plugin, please upgrade to the latest version or report the issue to the plugin maintainer. To disable these warnings, set -Dmaven.project.sourceRoots.warningsDisabled=true on the command line, in the .mvn/maven.config file, or in project POM properties.
2026-10-05 13:44:15,299 [Worker-89: Building] WARN  o.apache.maven.project.MavenProject - Plugin is modifying compileSourceRoots through add(), which will not work in Maven 4.0.0. Use MavenProject.addCompileSourceRoot()/removeCompileSourceRoot() methods instead. If using a plugin, please upgrade to the latest version or report the issue to the plugin maintainer. To disable these warnings, set -Dmaven.project.sourceRoots.warningsDisabled=true on the command line, in the .mvn/maven.config file, or in project POM properties.
2026-10-05 13:44:15,299 [Worker-89: Building] WARN  o.apache.maven.project.MavenProject - Plugin is modifying testCompileSourceRoots through clear(), which will not work in Maven 4.0.0. Use MavenProject.addTestCompileSourceRoot()/removeTestCompileSourceRoot() methods instead. If using a plugin, please upgrade to the latest version or report the issue to the plugin maintainer. To disable these warnings, set -Dmaven.project.sourceRoots.warningsDisabled=true on the command line, in the .mvn/maven.config file, or in project POM properties.
2026-10-05 13:44:15,300 [Worker-89: Building] WARN  o.apache.maven.project.MavenProject - Plugin is modifying testCompileSourceRoots through add(), which will not work in Maven 4.0.0. Use MavenProject.addTestCompileSourceRoot()/removeTestCompileSourceRoot() methods instead. If using a plugin, please upgrade to the latest version or report the issue to the plugin maintainer. To disable these warnings, set -Dmaven.project.sourceRoots.warningsDisabled=true on the command line, in the .mvn/maven.config file, or in project POM properties.
2026-10-05 13:44:32,731 [Worker-89: Building] INFO  o.a.m.s.f.DefaultMavenResourcesFiltering - Copying 0 resource from src\main\resources to target\classes
2026-10-05 13:44:32,732 [Worker-89: Building] INFO  o.a.m.s.f.DefaultMavenResourcesFiltering - Copying 0 resource from src\test\resources to target\test-classes
2026-10-05 13:44:32,733 [Worker-89: Building] WARN  o.apache.maven.project.MavenProject - Plugin is modifying compileSourceRoots through clear(), which will not work in Maven 4.0.0. Use MavenProject.addCompileSourceRoot()/removeCompileSourceRoot() methods instead. If using a plugin, please upgrade to the latest version or report the issue to the plugin maintainer. To disable these warnings, set -Dmaven.project.sourceRoots.warningsDisabled=true on the command line, in the .mvn/maven.config file, or in project POM properties.
2026-10-05 13:44:32,733 [Worker-89: Building] WARN  o.apache.maven.project.MavenProject - Plugin is modifying compileSourceRoots through add(), which will not work in Maven 4.0.0. Use MavenProject.addCompileSourceRoot()/removeCompileSourceRoot() methods instead. If using a plugin, please upgrade to the latest version or report the issue to the plugin maintainer. To disable these warnings, set -Dmaven.project.sourceRoots.warningsDisabled=true on the command line, in the .mvn/maven.config file, or in project POM properties.
2026-10-05 13:44:32,733 [Worker-89: Building] WARN  o.apache.maven.project.MavenProject - Plugin is modifying testCompileSourceRoots through clear(), which will not work in Maven 4.0.0. Use MavenProject.addTestCompileSourceRoot()/removeTestCompileSourceRoot() methods instead. If using a plugin, please upgrade to the latest version or report the issue to the plugin maintainer. To disable these warnings, set -Dmaven.project.sourceRoots.warningsDisabled=true on the command line, in the .mvn/maven.config file, or in project POM properties.
2026-10-05 13:44:32,733 [Worker-89: Building] WARN  o.apache.maven.project.MavenProject - Plugin is modifying testCompileSourceRoots through add(), which will not work in Maven 4.0.0. Use MavenProject.addTestCompileSourceRoot()/removeTestCompileSourceRoot() methods instead. If using a plugin, please upgrade to the latest version or report the issue to the plugin maintainer. To disable these warnings, set -Dmaven.project.sourceRoots.warningsDisabled=true on the command line, in the .mvn/maven.config file, or in project POM properties.
